product_id,brand,code_1c,supplier_sku,name,unit,category_source,moq,moq_rule,stock_qty,reserved_qty,stock_date,stock_basis,stock_source_id,stock_source_row,source_refs_json,calculation_date,classification,quantity,shortage_before_moq,forecast_30_days,forecast_90_days,inbound_30_days,inbound_total_raw,monthly_forecast_deseasonalized,trend_factor,stockout_proxy_months,excluded_outlier_12m,net_sales_12m,temporary_shortage_qty,priority,explanation,quality_flags_json,status,approved_by,approved_at,offered_price,discount_pct,data_risk_level,inventory_risk_level,data_risk_reasons,inventory_risk_reason,suggested_action,cover_days_without_inbound,currency,deal_qty,sales_qty,unit_cost,sale_price,sale_discount_pct,logistics_cost,other_cost,fee_pct,reference_purchase_price,calculation_status,net_sale_unit_price,potential_revenue,cost_of_sold_goods,purchase_budget,remaining_inventory_cost,purchase_price_savings,potential_gross_profit,potential_profit,break_even_net_sale_price,profit_margin,economic_result,profit_calculation
IEK:010300016_,IEK,010300016_,MDV10-2-032-030,УЗО ВД1 63 (2ф) 32А 30мА IEK  (1/48),шт,,1.0,minimum,29.0,,2026-09-01,monthly_balance_proxy,3,406,"[[1, ""Лист7"", 227], [3, ""Лист_1"", 406], [4, ""Лист_1"", 373], [5, ""Лист4"", 167]]",2026-09-22,deficit,73.0,73.0,101.0438850545106,286.4229580688264,0.0,0.0,87.48987395263406,1.25,0,0.0,658.0,72.0438850545106,высокая,Прогноз 30 дней 101.04; остаток 29; поступления в срок 0; нехватка 73; заказ с учётом MOQ 73 шт. Остаток на начало сентября: требуется актуализация.,"[""category_missing"", ""daily_stockout_data_missing"", ""large_orders_detected"", ""new_order_lead_time_unknown"", ""reservations_unknown"", ""stale_stock"", ""transaction_month_mismatch""]",draft,,,,,Высокий,Высокий,Остаток на начало сентября; Резервы неизвестны; Детальные и месячные продажи расходятся; Нет ежедневных данных доступности,Запаса примерно на 8.6 дн. без поступлений,"Подтвердить наличие, срок и цену закупки",8.610120241622313,KZT,73.0,72.0438850545106,,,,,,,,Нужны цены,,,,,,,,,,,Не оценён,"Прибыль = выручка - себестоимость проданного - комиссия - доставка - прочие расходы. Заполните цены и расходы, включая явные нули."
IEK:010300017_,IEK,010300017_,MDV10-2-040-030,УЗО ВД1 63 (2ф) 40А 30мА  IEK  (1/48),шт,,1.0,minimum,5.0,,2026-09-01,monthly_balance_proxy,3,408,"[[1, ""Лист7"", 228], [3, ""Лист_1"", 408], [4, ""Лист_1"", 375], [5, ""Лист4"", 168]]",2026-09-22,deficit,103.0,103.0,107.20570322096337,303.88948942166957,0.0,0.0,92.82514678395076,1.1669512994128597,0,193.0,961.0,102.20570322096337,высокая,Прогноз 30 дней 107.21; остаток 5; поступления в срок 0; нехватка 103; заказ с учётом MOQ 103 шт. Остаток на начало сентября: требуется актуализация.,"[""category_missing"", ""daily_stockout_data_missing"", ""large_orders_detected"", ""new_order_lead_time_unknown"", ""reservations_unknown"", ""stale_stock"", ""transaction_month_mismatch""]",draft,,,,,Высокий,Критический,Остаток на начало сентября; Резервы неизвестны; Детальные и месячные продажи расходятся; Нет ежедневных данных доступности,Запаса примерно на 1.4 дн. без поступлений,"Подтвердить наличие, срок и цену закупки",1.3991792926429727,KZT,103.0,102.20570322096337,,,,,,,,Нужны цены,,,,,,,,,,,Не оценён,"Прибыль = выручка - себестоимость проданного - комиссия - доставка - прочие расходы. Заполните цены и расходы, включая явные нули."
IEK:010300053_,IEK,010300053_,MAD22-5-025-C-30,УЗО АВДТ 32  25А IEK  (6/60),шт,,1.0,minimum,982.0,,2026-09-01,monthly_balance_proxy,3,359,"[[1, ""Лист7"", 205], [3, ""Лист_1"", 359], [4, ""Лист_1"", 335], [5, ""Лист4"", 143]]",2026-09-22,deficit,26.0,26.0,1007.0204983581036,2854.5397855601987,0.0,0.0,871.9389245726181,1.2483094976306432,0,985.0,9360.0,25.020498358103623,высокая,Прогноз 30 дней 1007.02; остаток 982; поступления в срок 0; нехватка 26; заказ с учётом MOQ 26 шт. Остаток на начало сентября: требуется актуализация.,"[""category_missing"", ""daily_stockout_data_missing"", ""large_orders_detected"", ""new_order_lead_time_unknown"", ""reservations_unknown"", ""stale_stock"", ""transaction_month_mismatch""]",draft,,,,,Высокий,Средний,Остаток на начало сентября; Резервы неизвестны; Детальные и месячные продажи расходятся; Нет ежедневных данных доступности,Запаса примерно на 29.3 дн. без поступлений,"Подтвердить наличие, срок и цену закупки",29.25461800234757,KZT,26.0,25.020498358103623,,,,,,,,Нужны цены,,,,,,,,,,,Не оценён,"Прибыль = выручка - себестоимость проданного - комиссия - доставка - прочие расходы. Заполните цены и расходы, включая явные нули."
IEK:010300074_,IEK,010300074_,MAD22-5-010-C-30,УЗО АВДТ 32  10А IEK  (6/60),шт,,1.0,minimum,103.0,,2026-09-01,monthly_balance_proxy,3,353,"[[1, ""Лист7"", 202], [3, ""Лист_1"", 353], [4, ""Лист_1"", 329], [5, ""Лист4"", 140]]",2026-09-22,deficit,3.0,3.0,105.25540665208514,298.3611023048422,0.0,0.0,91.13646269495948,1.25,0,50.0,849.0,2.255406652085142,высокая,Прогноз 30 дней 105.26; остаток 103; поступления в срок 0; нехватка 3; заказ с учётом MOQ 3 шт. Остаток на начало сентября: требуется актуализация.,"[""category_missing"", ""daily_stockout_data_missing"", ""large_orders_detected"", ""new_order_lead_time_unknown"", ""reservations_unknown"", ""stale_stock"", ""transaction_month_mismatch""]",draft,,,,,Высокий,Средний,Остаток на начало сентября; Резервы неизвестны; Детальные и месячные продажи расходятся; Нет ежедневных данных доступности,Запаса примерно на 29.4 дн. без поступлений,"Подтвердить наличие, срок и цену закупки",29.357161767602047,KZT,3.0,2.255406652085142,,,,,,,,Нужны цены,,,,,,,,,,,Не оценён,"Прибыль = выручка - себестоимость проданного - комиссия - доставка - прочие расходы. Заполните цены и расходы, включая явные нули."
IEK:010300127_,IEK,010300127_,,УЗО АД 12  (2ф) 50А 300мА IEK (4/32) !!!,шт,,,,0.0,,2026-09-01,monthly_balance_proxy,3,384,"[[3, ""Лист_1"", 384], [4, ""Лист_1"", 355]]",2026-09-22,deficit,1.0,1.0,0.04592496846673876,0.13018071613502077,0.0,0.0,0.03976460030476937,1.0,7,0.0,1.0,0.04592496846673876,высокая,Прогноз 30 дней 0.05; остаток 0; поступления в срок 0; нехватка 1; заказ с учётом MOQ 1 шт. Остаток на начало сентября: требуется актуализация.,"[""blank_stock_assumed_zero"", ""category_missing"", ""daily_stockout_data_missing"", ""moq_missing"", ""new_order_lead_time_unknown"", ""reservations_unknown"", ""stale_stock"", ""supplier_sku_missing""]",draft,,,,,Высокий,Критический,Остаток на начало сентября; Резервы неизвестны; Нет артикула производителя; Нет ежедневных данных доступности,Нет запаса,"Подтвердить наличие, срок и цену закупки",0.0,KZT,1.0,0.04592496846673876,,,,,,,,Нужны цены,,,,,,,,,,,Не оценён,"Прибыль = выручка - себестоимость проданного - комиссия - доставка - прочие расходы. Заполните цены и расходы, включая явные нули."
IEK:010300144_,IEK,010300144_,,УЗО АД 14  (4ф) 63А 100мА IEK !,шт,,,,0.0,,2026-09-01,monthly_balance_proxy,3,399,"[[3, ""Лист_1"", 399], [4, ""Лист_1"", 367]]",2026-09-22,deficit,1.0,1.0,0.04632573163699292,0.13131673512961206,0.0,0.0,0.040111605165394776,1.0,6,0.0,1.0,0.04632573163699292,высокая,Прогноз 30 дней 0.05; остаток 0; поступления в срок 0; нехватка 1; заказ с учётом MOQ 1 шт. Остаток на начало сентября: требуется актуализация.,"[""blank_stock_assumed_zero"", ""category_missing"", ""daily_stockout_data_missing"", ""moq_missing"", ""new_order_lead_time_unknown"", ""reservations_unknown"", ""stale_stock"", ""supplier_sku_missing""]",draft,,,,,Высокий,Критический,Остаток на начало сентября; Резервы неизвестны; Нет артикула производителя; Нет ежедневных данных доступности,Нет запаса,"Подтвердить наличие, срок и цену закупки",0.0,KZT,1.0,0.04632573163699292,,,,,,,,Нужны цены,,,,,,,,,,,Не оценён,"Прибыль = выручка - себестоимость проданного - комиссия - доставка - прочие расходы. Заполните цены и расходы, включая явные нули."
IEK:010300150_,IEK,010300150_,,УЗО АД 12  (2ф) 40А 300мА IEK (4/32) !!!,шт,,,,0.0,,2026-09-01,monthly_balance_proxy,3,380,"[[3, ""Лист_1"", 380], [4, ""Лист_1"", 352]]",2026-09-22,deficit,2.0,2.0,1.1905845093513747,3.3748775278719445,0.0,0.0,1.0308796875428596,1.0,1,0.0,10.0,1.1905845093513747,высокая,Прогноз 30 дней 1.19; остаток 0; поступления в срок 0; нехватка 2; заказ с учётом MOQ 2 шт. Остаток на начало сентября: требуется актуализация.,"[""blank_stock_assumed_zero"", ""category_missing"", ""daily_stockout_data_missing"", ""moq_missing"", ""new_order_lead_time_unknown"", ""reservations_unknown"", ""stale_stock"", ""stockout_proxy_used"", ""supplier_sku_missing""]",draft,,,,,Высокий,Критический,Остаток на начало сентября; Резервы неизвестны; Нет артикула производителя; Stockout оценён по месячным снимкам; Нет ежедневных данных доступности,Нет запаса,"Подтвердить наличие, срок и цену закупки",0.0,KZT,2.0,1.1905845093513747,,,,,,,,Нужны цены,,,,,,,,,,,Не оценён,"Прибыль = выручка - себестоимость проданного - комиссия - доставка - прочие расходы. Заполните цены и расходы, включая явные нули."
IEK:010400842_,IEK,010400842_,,Реле напряжения и тока РНТ-д однофазное 36мм 63А IEK,шт,,,,0.0,,2026-09-01,monthly_balance_proxy,3,1973,"[[3, ""Лист_1"", 1973], [4, ""Лист_1"", 1687]]",2026-09-22,deficit,1.0,1.0,0.07590897093921535,0.21517454508643796,0.0,0.0,0.06572655332644153,1.0,10,0.0,2.0,0.07590897093921535,высокая,Прогноз 30 дней 0.08; остаток 0; поступления в срок 0; нехватка 1; заказ с учётом MOQ 1 шт. Остаток на начало сентября: требуется актуализация.,"[""blank_stock_assumed_zero"", ""category_missing"", ""daily_stockout_data_missing"", ""moq_missing"", ""new_order_lead_time_unknown"", ""reservations_unknown"", ""stale_stock"", ""supplier_sku_missing""]",draft,,,,,Высокий,Критический,Остаток на начало сентября; Резервы неизвестны; Нет артикула производителя; Нет ежедневных данных доступности,Нет запаса,"Подтвердить наличие, срок и цену закупки",0.0,KZT,1.0,0.07590897093921535,,,,,,,,Нужны цены,,,,,,,,,,,Не оценён,"Прибыль = выручка - себестоимость проданного - комиссия - доставка - прочие расходы. Заполните цены и расходы, включая явные нули."
IEK:010400850_,IEK,010400850_,IVC31-1-63,Реле напряжения и тока РНТ-д однофазное 54мм 63А IEK,шт,,1.0,minimum,1.0,,2026-09-01,monthly_balance_proxy,3,1978,"[[1, ""Лист7"", 1865], [3, ""Лист_1"", 1978], [4, ""Лист_1"", 1692], [5, ""Лист4"", 2566]]",2026-09-22,deficit,2.0,2.0,6.789075924113517,19.244580784769063,4.0,4.0,5.87839033045018,0.75,0,0.0,156.0,3.9508763701620406,высокая,Прогноз 30 дней 6.79; остаток 1; поступления в срок 4; нехватка 2; заказ с учётом MOQ 2 шт. Остаток на начало сентября: требуется актуализация.,"[""category_missing"", ""daily_stockout_data_missing"", ""large_orders_detected"", ""new_order_lead_time_unknown"", ""reservations_unknown"", ""stale_stock"", ""transaction_month_mismatch""]",draft,,,,,Высокий,Критический,Остаток на начало сентября; Резервы неизвестны; Детальные и месячные продажи расходятся; Нет ежедневных данных доступности,Запаса примерно на 4.4 дн. без поступлений,"Подтвердить наличие, срок и цену закупки",4.4188635294894345,KZT,2.0,1.7890759241135168,,,,,,,,Нужны цены,,,,,,,,,,,Не оценён,"Прибыль = выручка - себестоимость проданного - комиссия - доставка - прочие расходы. Заполните цены и расходы, включая явные нули."
IEK:010400854_,IEK,010400854_,IVC21-1-50,Реле напряжения и тока РНТ-д однофазное 36мм 50А IEK,шт,,1.0,minimum,0.0,,2026-09-01,monthly_balance_proxy,3,1972,"[[1, ""Лист7"", 1860], [3, ""Лист_1"", 1972], [4, ""Лист_1"", 1686], [5, ""Лист4"", 2561]]",2026-09-22,deficit,25.0,25.0,24.366589180698053,69.07048900008485,0.0,0.0,21.09805867940274,1.25,0,10.0,163.0,24.366589180698053,высокая,Прогноз 30 дней 24.37; остаток 0; поступления в срок 0; нехватка 25; заказ с учётом MOQ 25 шт. Остаток на начало сентября: требуется актуализация.,"[""blank_stock_assumed_zero"", ""category_missing"", ""daily_stockout_data_missing"", ""large_orders_detected"", ""new_order_lead_time_unknown"", ""reservations_unknown"", ""stale_stock""]",draft,,,,,Высокий,Критический,Остаток на начало сентября; Резервы неизвестны; Нет ежедневных данных доступности,Нет запаса,"Подтвердить наличие, срок и цену закупки",0.0,KZT,25.0,24.366589180698053,,,,,,,,Нужны цены,,,,,,,,,,,Не оценён,"Прибыль = выручка - себестоимость проданного - комиссия - доставка - прочие расходы. Заполните цены и расходы, включая явные нули."
IEK:010400867_,IEK,010400867_,IVR21-1-40,Реле напряжения РН-д однофазное 36мм 40А IEK,шт,,1.0,minimum,17.0,,2026-09-01,monthly_balance_proxy,3,1981,"[[1, ""Лист7"", 1868], [3, ""Лист_1"", 1981], [4, ""Лист_1"", 1695], [5, ""Лист4"", 2569]]",2026-09-22,deficit,6.0,6.0,22.24553735431622,63.058072335762894,0.0,0.0,19.26152441672035,1.25,0,6.0,143.0,5.24553735431622,высокая,Прогноз 30 дней 22.25; остаток 17; поступления в срок 0; нехватка 6; заказ с учётом MOQ 6 шт. Остаток на начало сентября: требуется актуализация.,"[""category_missing"", ""daily_stockout_data_missing"", ""large_orders_detected"", ""new_order_lead_time_unknown"", ""reservations_unknown"", ""stale_stock"", ""transaction_month_mismatch""]",draft,,,,,Высокий,Средний,Остаток на начало сентября; Резервы неизвестны; Детальные и месячные продажи расходятся; Нет ежедневных данных доступности,Запаса примерно на 22.9 дн. без поступлений,"Подтвердить наличие, срок и цену закупки",22.925946533768336,KZT,6.0,5.24553735431622,,,,,,,,Нужны цены,,,,,,,,,,,Не оценён,"Прибыль = выручка - себестоимость проданного - комиссия - доставка - прочие расходы. Заполните цены и расходы, включая явные нули."
IEK:010400925_,IEK,010400925_,IVC21-1-25,Реле напряжения и тока РНТ-д однофазное 36мм 25А IEK,шт,,1.0,minimum,1.0,,2026-09-01,monthly_balance_proxy,3,1971,"[[1, ""Лист7"", 1859], [3, ""Лист_1"", 1971], [4, ""Лист_1"", 1685], [5, ""Лист4"", 2560]]",2026-09-22,deficit,3.0,3.0,14.341319404343148,40.65246624460091,11.0,11.0,12.417577039160342,1.25,0,0.0,100.0,2.6629782171588294,высокая,Прогноз 30 дней 14.34; остаток 1; поступления в срок 11; нехватка 3; заказ с учётом MOQ 3 шт. Остаток на начало сентября: требуется актуализация.,"[""category_missing"", ""daily_stockout_data_missing"", ""new_order_lead_time_unknown"", ""reservations_unknown"", ""stale_stock""]",draft,,,,,Высокий,Критический,Остаток на начало сентября; Резервы неизвестны; Нет ежедневных данных доступности,Запаса примерно на 2.1 дн. без поступлений,"Подтвердить наличие, срок и цену закупки",2.091857740154281,KZT,3.0,2.341319404343148,,,,,,,,Нужны цены,,,,,,,,,,,Не оценён,"Прибыль = выручка - себестоимость проданного - комиссия - доставка - прочие расходы. Заполните цены и расходы, включая явные нули."
IEK:010400928_,IEK,010400928_,IVC31-1-50,Реле напряжения и тока РНТ-д однофазное 54мм 50А IEK,шт,,1.0,minimum,0.0,,2026-09-01,monthly_balance_proxy,3,1977,"[[1, ""Лист7"", 1864], [3, ""Лист_1"", 1977], [4, ""Лист_1"", 1691], [5, ""Лист4"", 2565]]",2026-09-22,deficit,7.0,7.0,6.491538380895622,18.401169199604585,0.0,0.0,5.6207644272273685,1.0,3,0.0,25.0,6.491538380895622,высокая,Прогноз 30 дней 6.49; остаток 0; поступления в срок 0; нехватка 7; заказ с учётом MOQ 7 шт. Остаток на начало сентября: требуется актуализация.,"[""blank_stock_assumed_zero"", ""category_missing"", ""daily_stockout_data_missing"", ""new_order_lead_time_unknown"", ""reservations_unknown"", ""stale_stock"", ""stockout_proxy_used""]",draft,,,,,Высокий,Критический,Остаток на начало сентября; Резервы неизвестны; Stockout оценён по месячным снимкам; Нет ежедневных данных доступности,Нет запаса,"Подтвердить наличие, срок и цену закупки",0.0,KZT,7.0,6.491538380895622,,,,,,,,Нужны цены,,,,,,,,,,,Не оценён,"Прибыль = выручка - себестоимость проданного - комиссия - доставка - прочие расходы. Заполните цены и расходы, включая явные нули."
IEK:010400929_,IEK,010400929_,IVR21-1-25,Реле напряжения РН-д однофазное 36мм 25А IEK,шт,,1.0,minimum,0.0,,2026-09-01,monthly_balance_proxy,3,1980,"[[1, ""Лист7"", 1866], [3, ""Лист_1"", 1980], [4, ""Лист_1"", 1694], [5, ""Лист4"", 2567]]",2026-09-22,deficit,5.0,5.0,9.026908011986292,25.5880273567618,5.0,5.0,7.816039968422105,1.25,2,0.0,42.0,4.026908011986292,высокая,Прогноз 30 дней 9.03; остаток 0; поступления в срок 5; нехватка 5; заказ с учётом MOQ 5 шт. Остаток на начало сентября: требуется актуализация.,"[""blank_stock_assumed_zero"", ""category_missing"", ""daily_stockout_data_missing"", ""new_order_lead_time_unknown"", ""reservations_unknown"", ""stale_stock"", ""stockout_proxy_used""]",draft,,,,,Высокий,Критический,Остаток на начало сентября; Резервы неизвестны; Stockout оценён по месячным снимкам; Нет ежедневных данных доступности,Нет запаса,"Подтвердить наличие, срок и цену закупки",0.0,KZT,5.0,4.026908011986292,,,,,,,,Нужны цены,,,,,,,,,,,Не оценён,"Прибыль = выручка - себестоимость проданного - комиссия - доставка - прочие расходы. Заполните цены и расходы, включая явные нули."
IEK:010400932_,IEK,010400932_,IVR31-1-40,Реле напряжения РН-д однофазное 54мм 40А IEK,шт,,1.0,minimum,2.0,,2026-09-01,monthly_balance_proxy,3,1984,"[[1, ""Лист7"", 1871], [3, ""Лист_1"", 1984], [4, ""Лист_1"", 1698], [5, ""Лист4"", 2572]]",2026-09-22,deficit,1.0,1.0,2.59449475118739,7.354456540623316,0.0,0.0,2.2464696268329263,1.0,2,0.0,20.0,0.5944947511873901,высокая,Прогноз 30 дней 2.59; остаток 2; поступления в срок 0; нехватка 1; заказ с учётом MOQ 1 шт. Остаток на начало сентября: требуется актуализация.,"[""category_missing"", ""daily_stockout_data_missing"", ""new_order_lead_time_unknown"", ""reservations_unknown"", ""stale_stock"", ""stockout_proxy_used""]",draft,,,,,Высокий,Средний,Остаток на начало сентября; Резервы неизвестны; Stockout оценён по месячным снимкам; Нет ежедневных данных доступности,Запаса примерно на 23.1 дн. без поступлений,"Подтвердить наличие, срок и цену закупки",23.12588991461268,KZT,1.0,0.5944947511873901,,,,,,,,Нужны цены,,,,,,,,,,,Не оценён,"Прибыль = выручка - себестоимость проданного - комиссия - доставка - прочие расходы. Заполните цены и расходы, включая явные нули."
IEK:010400934_,IEK,010400934_,IVR31-1-63,Реле напряжения РН-д однофазное 54мм 63А IEK,шт,,1.0,minimum,0.0,,2026-09-01,monthly_balance_proxy,3,1986,"[[1, ""Лист7"", 1873], [3, ""Лист_1"", 1986], [4, ""Лист_1"", 1700], [5, ""Лист4"", 2574]]",2026-09-22,deficit,20.0,20.0,19.360480027622195,54.87997572690773,0.0,0.0,16.76346823328664,1.25,0,8.0,119.0,19.360480027622195,высокая,Прогноз 30 дней 19.36; остаток 0; поступления в срок 0; нехватка 20; заказ с учётом MOQ 20 шт. Остаток на начало сентября: требуется актуализация.,"[""blank_stock_assumed_zero"", ""category_missing"", ""daily_stockout_data_missing"", ""large_orders_detected"", ""negative_net_sales_clipped_for_forecast"", ""new_order_lead_time_unknown"", ""reservations_unknown"", ""stale_stock""]",draft,,,,,Высокий,Критический,Остаток на начало сентября; Резервы неизвестны; Нет ежедневных данных доступности,Нет запаса,"Подтвердить наличие, срок и цену закупки",0.0,KZT,20.0,19.360480027622195,,,,,,,,Нужны цены,,,,,,,,,,,Не оценён,"Прибыль = выручка - себестоимость проданного - комиссия - доставка - прочие расходы. Заполните цены и расходы, включая явные нули."
IEK:010400953_,IEK,010400953_,KKV12-P122-1-67,Выкл. конц. C6N-122 толк. с наж. рол. IP67 IEK,шт,,1.0,minimum,0.0,,2026-09-01,monthly_balance_proxy,3,1000,"[[1, ""Лист7"", 1892], [3, ""Лист_1"", 1000], [4, ""Лист_1"", 891], [5, ""Лист4"", 2594]]",2026-09-22,deficit,3.0,3.0,2.0954802712171325,5.939930531502116,0.0,0.0,1.8143928719695879,1.0,5,0.0,9.0,2.0954802712171325,высокая,Прогноз 30 дней 2.10; остаток 0; поступления в срок 0; нехватка 3; заказ с учётом MOQ 3 шт. Остаток на начало сентября: требуется актуализация.,"[""blank_stock_assumed_zero"", ""category_missing"", ""daily_stockout_data_missing"", ""new_order_lead_time_unknown"", ""reservations_unknown"", ""stale_stock""]",draft,,,,,Высокий,Критический,Остаток на начало сентября; Резервы неизвестны; Нет ежедневных данных доступности,Нет запаса,"Подтвердить наличие, срок и цену закупки",0.0,KZT,3.0,2.0954802712171325,,,,,,,,Нужны цены,,,,,,,,,,,Не оценён,"Прибыль = выручка - себестоимость проданного - комиссия - доставка - прочие расходы. Заполните цены и расходы, включая явные нули."
IEK:010500029_,IEK,010500029_,,Выкл. нагрузки ВН-32 (2ф)  32А IEK (120) !!!,шт,,,,0.0,,2026-09-01,monthly_balance_proxy,3,1006,"[[3, ""Лист_1"", 1006], [4, ""Лист_1"", 893]]",2026-09-22,deficit,1.0,1.0,0.09834298950572885,0.27876689365582735,0.0,0.0,0.0851512761147277,1.0,10,0.0,3.0,0.09834298950572885,высокая,Прогноз 30 дней 0.10; остаток 0; поступления в срок 0; нехватка 1; заказ с учётом MOQ 1 шт. Остаток на начало сентября: требуется актуализация.,"[""blank_stock_assumed_zero"", ""category_missing"", ""daily_stockout_data_missing"", ""moq_missing"", ""new_order_lead_time_unknown"", ""reservations_unknown"", ""stale_stock"", ""supplier_sku_missing""]",draft,,,,,Высокий,Критический,Остаток на начало сентября; Резервы неизвестны; Нет артикула производителя; Нет ежедневных данных доступности,Нет запаса,"Подтвердить наличие, срок и цену закупки",0.0,KZT,1.0,0.09834298950572885,,,,,,,,Нужны цены,,,,,,,,,,,Не оценён,"Прибыль = выручка - себестоимость проданного - комиссия - доставка - прочие расходы. Заполните цены и расходы, включая явные нули."
IEK:010500031_,IEK,010500031_,,Выкл. нагрузки ВН-32 (2ф)  63А IEK (120) !!!,шт,,,,0.0,,2026-09-01,monthly_balance_proxy,3,1008,"[[3, ""Лист_1"", 1008], [4, ""Лист_1"", 895]]",2026-09-22,deficit,3.0,3.0,2.6378756791656492,7.477425819848895,0.0,0.0,2.2840314438465827,1.0,4,0.0,74.0,2.6378756791656492,высокая,Прогноз 30 дней 2.64; остаток 0; поступления в срок 0; нехватка 3; заказ с учётом MOQ 3 шт. Остаток на начало сентября: требуется актуализация.,"[""blank_stock_assumed_zero"", ""category_missing"", ""daily_stockout_data_missing"", ""moq_missing"", ""new_order_lead_time_unknown"", ""reservations_unknown"", ""stale_stock"", ""supplier_sku_missing""]",draft,,,,,Высокий,Критический,Остаток на начало сентября; Резервы неизвестны; Нет артикула производителя; Нет ежедневных данных доступности,Нет запаса,"Подтвердить наличие, срок и цену закупки",0.0,KZT,3.0,2.6378756791656492,,,,,,,,Нужны цены,,,,,,,,,,,Не оценён,"Прибыль = выручка - себестоимость проданного - комиссия - доставка - прочие расходы. Заполните цены и расходы, включая явные нули."
IEK:010500092_,IEK,010500092_,MVA20-4-025-C,ВА47-29 (4ф) 25А IEK (3/36),шт,,3.0,minimum,0.0,,2026-09-01,monthly_balance_proxy,3,829,"[[1, ""Лист7"", 159], [3, ""Лист_1"", 829], [4, ""Лист_1"", 729], [5, ""Лист4"", 94]]",2026-09-22,deficit,12.0,12.0,11.702513904805109,33.17240471947018,0.0,0.0,10.132740500902209,1.0,0,2.0,147.0,11.702513904805109,высокая,Прогноз 30 дней 11.70; остаток 0; поступления в срок 0; нехватка 12; заказ с учётом MOQ 12 шт. Остаток на начало сентября: требуется актуализация.,"[""blank_stock_assumed_zero"", ""category_missing"", ""daily_stockout_data_missing"", ""large_orders_detected"", ""new_order_lead_time_unknown"", ""reservations_unknown"", ""stale_stock"", ""transaction_month_mismatch""]",draft,,,,,Высокий,Критический,Остаток на начало сентября; Резервы неизвестны; Детальные и месячные продажи расходятся; Нет ежедневных данных доступности,Нет запаса,"Подтвердить наличие, срок и цену закупки",0.0,KZT,12.0,11.702513904805109,,,,,,,,Нужны цены,,,,,,,,,,,Не оценён,"Прибыль = выручка - себестоимость проданного - комиссия - доставка - прочие расходы. Заполните цены и расходы, включая явные нули."
IEK:010500095_,IEK,010500095_,MVA20-4-063-C,ВА47-29 (4ф) 63А IEK (3/36),шт,,3.0,minimum,22.0,,2026-09-01,monthly_balance_proxy,3,833,"[[1, ""Лист7"", 163], [3, ""Лист_1"", 833], [4, ""Лист_1"", 733], [5, ""Лист4"", 98]]",2026-09-22,deficit,11.0,11.0,32.810842932599265,93.00690174785815,0.0,0.0,28.409601540005742,1.0368422620892703,0,8.0,384.0,10.810842932599265,высокая,Прогноз 30 дней 32.81; остаток 22; поступления в срок 0; нехватка 11; заказ с учётом MOQ 11 шт. Остаток на начало сентября: требуется актуализация.,"[""category_missing"", ""daily_stockout_data_missing"", ""large_orders_detected"", ""new_order_lead_time_unknown"", ""reservations_unknown"", ""stale_stock"", ""transaction_month_mismatch""]",draft,,,,,Высокий,Средний,Остаток на начало сентября; Резервы неизвестны; Детальные и месячные продажи расходятся; Нет ежедневных данных доступности,Запаса примерно на 20.1 дн. без поступлений,"Подтвердить наличие, срок и цену закупки",20.115301559176217,KZT,11.0,10.810842932599265,,,,,,,,Нужны цены,,,,,,,,,,,Не оценён,"Прибыль = выручка - себестоимость проданного - комиссия - доставка - прочие расходы. Заполните цены и расходы, включая явные нули."
IEK:010500101_,IEK,010500101_,MNV10-3-025,Выкл. нагрузки ВН-32 (3ф)  25А IEK (4/80) !!!,шт,,,,1.0,,2026-09-01,monthly_balance_proxy,3,1010,"[[3, ""Лист_1"", 1010], [4, ""Лист_1"", 897], [5, ""Лист4"", 1086]]",2026-09-22,deficit,16.0,16.0,16.643785439205587,47.179126736747826,0.0,0.0,14.411190636476636,1.0,8,0.0,58.0,15.643785439205587,высокая,Прогноз 30 дней 16.64; остаток 1; поступления в срок 0; нехватка 16; заказ с учётом MOQ 16 шт. Остаток на начало сентября: требуется актуализация.,"[""category_missing"", ""daily_stockout_data_missing"", ""moq_missing"", ""new_order_lead_time_unknown"", ""reservations_unknown"", ""stale_stock"", ""stockout_proxy_used""]",draft,,,,,Высокий,Критический,Остаток на начало сентября; Резервы неизвестны; Stockout оценён по месячным снимкам; Нет ежедневных данных доступности,Запаса примерно на 1.8 дн. без поступлений,"Подтвердить наличие, срок и цену закупки",1.8024745698375157,KZT,16.0,15.643785439205587,,,,,,,,Нужны цены,,,,,,,,,,,Не оценён,"Прибыль = выручка - себестоимость проданного - комиссия - доставка - прочие расходы. Заполните цены и расходы, включая явные нули."
IEK:010500188_,IEK,010500188_,,BA 47-60M (1ф) 16А 6кА B IEK E-PRO,шт,,,,0.0,,2026-09-01,monthly_balance_proxy,3,35,"[[3, ""Лист_1"", 35], [4, ""Лист_1"", 31]]",2026-09-22,deficit,15.0,15.0,14.733703869676384,41.76473463373073,0.0,0.0,12.757327113046133,1.0,4,0.0,84.0,14.733703869676384,высокая,Прогноз 30 дней 14.73; остаток 0; поступления в срок 0; нехватка 15; заказ с учётом MOQ 15 шт. Остаток на начало сентября: требуется актуализация.,"[""blank_stock_assumed_zero"", ""category_missing"", ""daily_stockout_data_missing"", ""moq_missing"", ""new_order_lead_time_unknown"", ""reservations_unknown"", ""stale_stock"", ""stockout_proxy_used"", ""supplier_sku_missing""]",draft,,,,,Высокий,Критический,Остаток на начало сентября; Резервы неизвестны; Нет артикула производителя; Stockout оценён по месячным снимкам; Нет ежедневных данных доступности,Нет запаса,"Подтвердить наличие, срок и цену закупки",0.0,KZT,15.0,14.733703869676384,,,,,,,,Нужны цены,,,,,,,,,,,Не оценён,"Прибыль = выручка - себестоимость проданного - комиссия - доставка - прочие расходы. Заполните цены и расходы, включая явные нули."
IEK:010700071_,IEK,010700071_,,ВА47-29 (3ф) 40А IEK (4/48) В !!!,шт,,,,0.0,,2026-09-01,monthly_balance_proxy,3,820,"[[3, ""Лист_1"", 820], [4, ""Лист_1"", 720]]",2026-09-22,deficit,2.0,2.0,1.5710853208005033,4.453460045795262,0.0,0.0,1.360340179037225,1.0,10,0.0,6.0,1.5710853208005033,высокая,Прогноз 30 дней 1.57; остаток 0; поступления в срок 0; нехватка 2; заказ с учётом MOQ 2 шт. Остаток на начало сентября: требуется актуализация.,"[""blank_stock_assumed_zero"", ""category_missing"", ""daily_stockout_data_missing"", ""moq_missing"", ""new_order_lead_time_unknown"", ""reservations_unknown"", ""stale_stock"", ""supplier_sku_missing""]",draft,,,,,Высокий,Критический,Остаток на начало сентября; Резервы неизвестны; Нет артикула производителя; Нет ежедневных данных доступности,Нет запаса,"Подтвердить наличие, срок и цену закупки",0.0,KZT,2.0,1.5710853208005033,,,,,,,,Нужны цены,,,,,,,,,,,Не оценён,"Прибыль = выручка - себестоимость проданного - комиссия - доставка - прочие расходы. Заполните цены и расходы, включая явные нули."
IEK:010700118_,IEK,010700118_,,BA 47-100 (1ф) 100А IEK (4/40) E-PRO,шт,,,,0.0,,2026-09-01,monthly_balance_proxy,3,15,"[[3, ""Лист_1"", 15], [4, ""Лист_1"", 13]]",2026-09-22,deficit,5.0,5.0,4.6710126922821145,13.240635707729611,0.0,0.0,4.0444437727077815,1.0,4,0.0,42.0,4.6710126922821145,высокая,Прогноз 30 дней 4.67; остаток 0; поступления в срок 0; нехватка 5; заказ с учётом MOQ 5 шт. Остаток на начало сентября: требуется актуализация.,"[""blank_stock_assumed_zero"", ""category_missing"", ""daily_stockout_data_missing"", ""moq_missing"", ""new_order_lead_time_unknown"", ""reservations_unknown"", ""stale_stock"", ""stockout_proxy_used"", ""supplier_sku_missing""]",draft,,,,,Высокий,Критический,Остаток на начало сентября; Резервы неизвестны; Нет артикула производителя; Stockout оценён по месячным снимкам; Нет ежедневных данных доступности,Нет запаса,"Подтвердить наличие, срок и цену закупки",0.0,KZT,5.0,4.6710126922821145,,,,,,,,Нужны цены,,,,,,,,,,,Не оценён,"Прибыль = выручка - себестоимость проданного - комиссия - доставка - прочие расходы. Заполните цены и расходы, включая явные нули."
IEK:010700152_,IEK,010700152_,AR-M06N-3-C010,ARMAT (3ф) 10А C IEK (1),шт,,1.0,minimum,21.0,,2026-09-01,monthly_balance_proxy,3,488,"[[1, ""Лист7"", 267], [3, ""Лист_1"", 488], [4, ""Лист_1"", 452], [5, ""Лист4"", 1462]]",2026-09-22,deficit,2.0,2.0,22.879399195841376,64.85484196272884,0.0,0.0,19.810360128930984,1.25,0,0.0,82.0,1.8793991958413763,высокая,Прогноз 30 дней 22.88; остаток 21; поступления в срок 0; нехватка 2; заказ с учётом MOQ 2 шт. Остаток на начало сентября: требуется актуализация.,"[""category_missing"", ""daily_stockout_data_missing"", ""new_order_lead_time_unknown"", ""reservations_unknown"", ""stale_stock""]",draft,,,,,Высокий,Средний,Остаток на начало сентября; Резервы неизвестны; Нет ежедневных данных доступности,Запаса примерно на 27.5 дн. без поступлений,"Подтвердить наличие, срок и цену закупки",27.535688092478868,KZT,2.0,1.8793991958413763,,,,,,,,Нужны цены,,,,,,,,,,,Не оценён,"Прибыль = выручка - себестоимость проданного - комиссия - доставка - прочие расходы. Заполните цены и расходы, включая явные нули."
IEK:010700170_,IEK,010700170_,AR-B06S-1N-C20C030,УЗО АВДТ 1P+NP 20 А 30мА ARMAT IEK (12),шт,,12.0,minimum,9.0,,2026-09-01,monthly_balance_proxy,3,2532,"[[1, ""Лист7"", 239], [3, ""Лист_1"", 2532], [4, ""Лист_1"", 2157], [5, ""Лист4"", 1479]]",2026-09-22,deficit,12.0,4.0,12.462898780550843,35.32782149965841,0.0,0.0,10.791127467106001,1.0,0,0.0,69.0,3.4628987805508427,высокая,Прогноз 30 дней 12.46; остаток 9; поступления в срок 0; нехватка 4; заказ с учётом MOQ 12 шт. Остаток на начало сентября: требуется актуализация.,"[""category_missing"", ""daily_stockout_data_missing"", ""negative_net_sales_clipped_for_forecast"", ""new_order_lead_time_unknown"", ""reservations_unknown"", ""stale_stock""]",draft,,,,,Высокий,Средний,Остаток на начало сентября; Резервы неизвестны; Нет ежедневных данных доступности,Запаса примерно на 21.7 дн. без поступлений,"Подтвердить наличие, срок и цену закупки",21.66430176110813,KZT,12.0,3.4628987805508427,,,,,,,,Нужны цены,,,,,,,,,,,Не оценён,"Прибыль = выручка - себестоимость проданного - комиссия - доставка - прочие расходы. Заполните цены и расходы, включая явные нули."
IEK:010800019_,IEK,010800019_,,ВА 88-40 (3ф) 400А IEK (1/4) E-PRO,шт,,,,0.0,,2026-09-01,monthly_balance_proxy,3,741,"[[3, ""Лист_1"", 741], [4, ""Лист_1"", 653]]",2026-09-22,deficit,4.0,4.0,3.1043791326964976,8.799794798808334,0.0,0.0,2.6879581963251136,1.0,11,0.0,11.0,3.1043791326964976,высокая,Прогноз 30 дней 3.10; остаток 0; поступления в срок 0; нехватка 4; заказ с учётом MOQ 4 шт. Остаток на начало сентября: требуется актуализация.,"[""blank_stock_assumed_zero"", ""category_missing"", ""daily_stockout_data_missing"", ""moq_missing"", ""new_order_lead_time_unknown"", ""reservations_unknown"", ""stale_stock"", ""supplier_sku_missing""]",draft,,,,,Высокий,Критический,Остаток на начало сентября; Резервы неизвестны; Нет артикула производителя; Нет ежедневных данных доступности,Нет запаса,"Подтвердить наличие, срок и цену закупки",0.0,KZT,4.0,3.1043791326964976,,,,,,,,Нужны цены,,,,,,,,,,,Не оценён,"Прибыль = выручка - себестоимость проданного - комиссия - доставка - прочие расходы. Заполните цены и расходы, включая явные нули."
IEK:010800030_,IEK,010800030_,SVA50-3-0500,ВА 88-40 (3ф) 500А IEK (1/2),шт,,1.0,minimum,3.0,,2026-09-01,monthly_balance_proxy,3,742,"[[1, ""Лист7"", 193], [3, ""Лист_1"", 742], [4, ""Лист_1"", 654], [5, ""Лист4"", 128]]",2026-09-22,deficit,4.0,4.0,6.351918653309321,18.005397645903383,0.0,0.0,5.499873268289485,1.0,0,0.0,60.0,3.351918653309321,высокая,Прогноз 30 дней 6.35; остаток 3; поступления в срок 0; нехватка 4; заказ с учётом MOQ 4 шт. Остаток на начало сентября: требуется актуализация.,"[""category_missing"", ""daily_stockout_data_missing"", ""new_order_lead_time_unknown"", ""reservations_unknown"", ""stale_stock""]",draft,,,,,Высокий,Средний,Остаток на начало сентября; Резервы неизвестны; Нет ежедневных данных доступности,Запаса примерно на 14.2 дн. без поступлений,"Подтвердить наличие, срок и цену закупки",14.16894719725518,KZT,4.0,3.351918653309321,,,,,,,,Нужны цены,,,,,,,,,,,Не оценён,"Прибыль = выручка - себестоимость проданного - комиссия - доставка - прочие расходы. Заполните цены и расходы, включая явные нули."
IEK:010800051_,IEK,010800051_,SVA10D-RN,Расцепитель независимый РМ-125/160 (PH-32/33) IEK (20/480) !!!,шт,,,,0.0,,2026-09-01,monthly_balance_proxy,3,1946,"[[3, ""Лист_1"", 1946], [4, ""Лист_1"", 1662], [5, ""Лист4"", 1093]]",2026-09-22,deficit,5.0,5.0,4.082533393880801,11.572509216755488,0.0,0.0,3.534902996310576,1.0,4,0.0,30.0,4.082533393880801,высокая,Прогноз 30 дней 4.08; остаток 0; поступления в срок 0; нехватка 5; заказ с учётом MOQ 5 шт. Остаток на начало сентября: требуется актуализация.,"[""blank_stock_assumed_zero"", ""category_missing"", ""daily_stockout_data_missing"", ""moq_missing"", ""new_order_lead_time_unknown"", ""reservations_unknown"", ""stale_stock"", ""stockout_proxy_used""]",draft,,,,,Высокий,Критический,Остаток на начало сентября; Резервы неизвестны; Stockout оценён по месячным снимкам; Нет ежедневных данных доступности,Нет запаса,"Подтвердить наличие, срок и цену закупки",0.0,KZT,5.0,4.082533393880801,,,,,,,,Нужны цены,,,,,,,,,,,Не оценён,"Прибыль = выручка - себестоимость проданного - комиссия - доставка - прочие расходы. Заполните цены и расходы, включая явные нули."
IEK:010800052_,IEK,010800052_,,Расцепитель независимый РН-250/400  ( РН-35/37 ) IEK !!!,шт,,,,0.0,,2026-09-01,monthly_balance_proxy,3,1949,"[[3, ""Лист_1"", 1949], [4, ""Лист_1"", 1665]]",2026-09-22,deficit,1.0,1.0,0.06960368702609994,0.19730134010343464,0.0,0.0,0.06026705922151439,1.0,11,0.0,2.0,0.06960368702609994,высокая,Прогноз 30 дней 0.07; остаток 0; поступления в срок 0; нехватка 1; заказ с учётом MOQ 1 шт. Остаток на начало сентября: требуется актуализация.,"[""blank_stock_assumed_zero"", ""category_missing"", ""daily_stockout_data_missing"", ""moq_missing"", ""new_order_lead_time_unknown"", ""reservations_unknown"", ""stale_stock"", ""supplier_sku_missing""]",draft,,,,,Высокий,Критический,Остаток на начало сентября; Резервы неизвестны; Нет артикула производителя; Нет ежедневных данных доступности,Нет запаса,"Подтвердить наличие, срок и цену закупки",0.0,KZT,1.0,0.06960368702609994,,,,,,,,Нужны цены,,,,,,,,,,,Не оценён,"Прибыль = выручка - себестоимость проданного - комиссия - доставка - прочие расходы. Заполните цены и расходы, включая явные нули."
IEK:010800106_,IEK,010800106_,,ВА 88-35 (3ф)  80 А  35кА  IEK,шт,,,,0.0,,2026-09-01,monthly_balance_proxy,3,730,"[[3, ""Лист_1"", 730], [4, ""Лист_1"", 643]]",2026-09-22,deficit,1.0,1.0,0.13897719491097874,0.3939502053888358,0.0,0.0,0.12033481549618433,1.0,11,0.0,3.0,0.13897719491097874,высокая,Прогноз 30 дней 0.14; остаток 0; поступления в срок 0; нехватка 1; заказ с учётом MOQ 1 шт. Остаток на начало сентября: требуется актуализация.,"[""blank_stock_assumed_zero"", ""category_missing"", ""daily_stockout_data_missing"", ""moq_missing"", ""new_order_lead_time_unknown"", ""reservations_unknown"", ""stale_stock"", ""supplier_sku_missing""]",draft,,,,,Высокий,Критический,Остаток на начало сентября; Резервы неизвестны; Нет артикула производителя; Нет ежедневных данных доступности,Нет запаса,"Подтвердить наличие, срок и цену закупки",0.0,KZT,1.0,0.13897719491097874,,,,,,,,Нужны цены,,,,,,,,,,,Не оценён,"Прибыль = выручка - себестоимость проданного - комиссия - доставка - прочие расходы. Заполните цены и расходы, включая явные нули."
IEK:010800258_,IEK,010800258_,SVA30-3-0160-02,ВА 88-35 (3ф) 160А  690В MASTER IEK!!!,шт,,,,0.0,,2026-09-01,monthly_balance_proxy,3,733,"[[3, ""Лист_1"", 733], [4, ""Лист_1"", 645], [5, ""Лист4"", 1135]]",2026-09-22,deficit,1.0,1.0,0.8747342972920935,2.4795561336492105,0.0,0.0,0.7573975740426553,1.0,2,0.0,3.0,0.8747342972920935,высокая,Прогноз 30 дней 0.87; остаток 0; поступления в срок 0; нехватка 1; заказ с учётом MOQ 1 шт. Остаток на начало сентября: требуется актуализация.,"[""blank_stock_assumed_zero"", ""category_missing"", ""daily_stockout_data_missing"", ""moq_missing"", ""new_order_lead_time_unknown"", ""reservations_unknown"", ""stale_stock"", ""stockout_proxy_used""]",draft,,,,,Высокий,Критический,Остаток на начало сентября; Резервы неизвестны; Stockout оценён по месячным снимкам; Нет ежедневных данных доступности,Нет запаса,"Подтвердить наличие, срок и цену закупки",0.0,KZT,1.0,0.8747342972920935,,,,,,,,Нужны цены,,,,,,,,,,,Не оценён,"Прибыль = выручка - себестоимость проданного - комиссия - доставка - прочие расходы. Заполните цены и расходы, включая явные нули."
IEK:011100062_,IEK,011100062_,IVS10-1-03000,Стабилизатор СНИ  3 кВА (1ф) IEK (1),шт,,,,0.0,,2026-09-01,monthly_balance_proxy,3,2332,"[[3, ""Лист_1"", 2332], [4, ""Лист_1"", 2006], [5, ""Лист4"", 327]]",2026-09-22,deficit,1.0,1.0,0.037954485469607675,0.10758727254321898,0.0,0.0,0.03286327666322077,1.0,8,0.0,1.0,0.037954485469607675,высокая,Прогноз 30 дней 0.04; остаток 0; поступления в срок 0; нехватка 1; заказ с учётом MOQ 1 шт. Остаток на начало сентября: требуется актуализация.,"[""blank_stock_assumed_zero"", ""category_missing"", ""daily_stockout_data_missing"", ""moq_missing"", ""new_order_lead_time_unknown"", ""reservations_unknown"", ""stale_stock""]",draft,,,,,Высокий,Критический,Остаток на начало сентября; Резервы неизвестны; Нет ежедневных данных доступности,Нет запаса,"Подтвердить наличие, срок и цену закупки",0.0,KZT,1.0,0.037954485469607675,,,,,,,,Нужны цены,,,,,,,,,,,Не оценён,"Прибыль = выручка - себестоимость проданного - комиссия - доставка - прочие расходы. Заполните цены и расходы, включая явные нули."
IEK:011100065_,IEK,011100065_,IVS10-1-05000,Стабилизатор СНИ  5 кВА (1ф) IEK (1),шт,,,,0.0,,2026-09-01,monthly_balance_proxy,3,2334,"[[3, ""Лист_1"", 2334], [4, ""Лист_1"", 2008], [5, ""Лист4"", 329]]",2026-09-22,deficit,1.0,1.0,0.07809630463333232,0.22137484693166748,0.0,0.0,0.06762047841738003,1.0,9,0.0,2.0,0.07809630463333232,высокая,Прогноз 30 дней 0.08; остаток 0; поступления в срок 0; нехватка 1; заказ с учётом MOQ 1 шт. Остаток на начало сентября: требуется актуализация.,"[""blank_stock_assumed_zero"", ""category_missing"", ""daily_stockout_data_missing"", ""moq_missing"", ""new_order_lead_time_unknown"", ""reservations_unknown"", ""stale_stock""]",draft,,,,,Высокий,Критический,Остаток на начало сентября; Резервы неизвестны; Нет ежедневных данных доступности,Нет запаса,"Подтвердить наличие, срок и цену закупки",0.0,KZT,1.0,0.07809630463333232,,,,,,,,Нужны цены,,,,,,,,,,,Не оценён,"Прибыль = выручка - себестоимость проданного - комиссия - доставка - прочие расходы. Заполните цены и расходы, включая явные нули."
IEK:011100067_,IEK,011100067_,IVS10-3-03000,Стабилизатор СНИ  3 кВА (3ф) IEK (1),шт,,,,0.0,,2026-09-01,monthly_balance_proxy,3,2333,"[[3, ""Лист_1"", 2333], [4, ""Лист_1"", 2007], [5, ""Лист4"", 328]]",2026-09-22,deficit,1.0,1.0,0.03480184351304997,0.09865067005171732,0.0,0.0,0.030133529610757194,1.0,11,0.0,1.0,0.03480184351304997,высокая,Прогноз 30 дней 0.03; остаток 0; поступления в срок 0; нехватка 1; заказ с учётом MOQ 1 шт. Остаток на начало сентября: требуется актуализация.,"[""blank_stock_assumed_zero"", ""category_missing"", ""daily_stockout_data_missing"", ""moq_missing"", ""new_order_lead_time_unknown"", ""reservations_unknown"", ""stale_stock""]",draft,,,,,Высокий,Критический,Остаток на начало сентября; Резервы неизвестны; Нет ежедневных данных доступности,Нет запаса,"Подтвердить наличие, срок и цену закупки",0.0,KZT,1.0,0.03480184351304997,,,,,,,,Нужны цены,,,,,,,,,,,Не оценён,"Прибыль = выручка - себестоимость проданного - комиссия - доставка - прочие расходы. Заполните цены и расходы, включая явные нули."
IEK:011100068_,IEK,011100068_,IVS10-3-15000,Стабилизатор СНИ 15 кВА (3ф) IEK (1),шт,,,,0.0,,2026-09-01,monthly_balance_proxy,3,2337,"[[3, ""Лист_1"", 2337], [4, ""Лист_1"", 2010], [5, ""Лист4"", 331]]",2026-09-22,deficit,1.0,1.0,0.07360145410698135,0.20863356740604175,0.0,0.0,0.06372856644493134,1.0,6,0.0,2.0,0.07360145410698135,высокая,Прогноз 30 дней 0.07; остаток 0; поступления в срок 0; нехватка 1; заказ с учётом MOQ 1 шт. Остаток на начало сентября: требуется актуализация.,"[""blank_stock_assumed_zero"", ""category_missing"", ""daily_stockout_data_missing"", ""moq_missing"", ""new_order_lead_time_unknown"", ""reservations_unknown"", ""stale_stock""]",draft,,,,,Высокий,Критический,Остаток на начало сентября; Резервы неизвестны; Нет ежедневных данных доступности,Нет запаса,"Подтвердить наличие, срок и цену закупки",0.0,KZT,1.0,0.07360145410698135,,,,,,,,Нужны цены,,,,,,,,,,,Не оценён,"Прибыль = выручка - себестоимость проданного - комиссия - доставка - прочие расходы. Заполните цены и расходы, включая явные нули."
IEK:011100069_,IEK,011100069_,IVS10-3-20000,Стабилизатор СНИ 20 кВА (3ф) IEK (1),шт,,,,0.0,,2026-09-01,monthly_balance_proxy,3,2338,"[[3, ""Лист_1"", 2338], [4, ""Лист_1"", 2011], [5, ""Лист4"", 332]]",2026-09-22,deficit,1.0,1.0,0.039081323040488704,0.11078145050006173,0.0,0.0,0.0338389604167531,1.0,3,0.0,1.0,0.039081323040488704,высокая,Прогноз 30 дней 0.04; остаток 0; поступления в срок 0; нехватка 1; заказ с учётом MOQ 1 шт. Остаток на начало сентября: требуется актуализация.,"[""blank_stock_assumed_zero"", ""category_missing"", ""daily_stockout_data_missing"", ""moq_missing"", ""new_order_lead_time_unknown"", ""reservations_unknown"", ""stale_stock""]",draft,,,,,Высокий,Критический,Остаток на начало сентября; Резервы неизвестны; Нет ежедневных данных доступности,Нет запаса,"Подтвердить наличие, срок и цену закупки",0.0,KZT,1.0,0.039081323040488704,,,,,,,,Нужны цены,,,,,,,,,,,Не оценён,"Прибыль = выручка - себестоимость проданного - комиссия - доставка - прочие расходы. Заполните цены и расходы, включая явные нули."
IEK:011100098_,IEK,011100098_,IVS20-1-01500,"Стаб электрон СНР 1-0-1,5 кВА (1ф) переносной IEK (4)",шт,,,,0.0,,2026-09-01,monthly_balance_proxy,3,2324,"[[3, ""Лист_1"", 2324], [4, ""Лист_1"", 1999], [5, ""Лист4"", 333]]",2026-09-22,deficit,1.0,1.0,0.035646968637373676,0.10104629486282299,0.0,0.0,0.03086528978171059,1.0,9,0.0,1.0,0.035646968637373676,высокая,Прогноз 30 дней 0.04; остаток 0; поступления в срок 0; нехватка 1; заказ с учётом MOQ 1 шт. Остаток на начало сентября: требуется актуализация.,"[""blank_stock_assumed_zero"", ""category_missing"", ""daily_stockout_data_missing"", ""moq_missing"", ""new_order_lead_time_unknown"", ""reservations_unknown"", ""stale_stock""]",draft,,,,,Высокий,Критический,Остаток на начало сентября; Резервы неизвестны; Нет ежедневных данных доступности,Нет запаса,"Подтвердить наличие, срок и цену закупки",0.0,KZT,1.0,0.035646968637373676,,,,,,,,Нужны цены,,,,,,,,,,,Не оценён,"Прибыль = выручка - себестоимость проданного - комиссия - доставка - прочие расходы. Заполните цены и расходы, включая явные нули."
IEK:011100354_,IEK,011100354_,,"Стабилизатор напряжения серии HOME 0,5 кВА (СНР1-0-0,5) IEK E-PRO",шт,,,,0.0,,2026-09-01,monthly_balance_proxy,3,2328,"[[3, ""Лист_1"", 2328], [4, ""Лист_1"", 2002]]",2026-09-22,deficit,1.0,1.0,0.037954485469607675,0.10758727254321898,0.0,0.0,0.03286327666322077,1.0,8,0.0,1.0,0.037954485469607675,высокая,Прогноз 30 дней 0.04; остаток 0; поступления в срок 0; нехватка 1; заказ с учётом MOQ 1 шт. Остаток на начало сентября: требуется актуализация.,"[""blank_stock_assumed_zero"", ""category_missing"", ""daily_stockout_data_missing"", ""moq_missing"", ""negative_net_sales_clipped_for_forecast"", ""new_order_lead_time_unknown"", ""reservations_unknown"", ""stale_stock"", ""supplier_sku_missing""]",draft,,,,,Высокий,Критический,Остаток на начало сентября; Резервы неизвестны; Нет артикула производителя; Нет ежедневных данных доступности,Нет запаса,"Подтвердить наличие, срок и цену закупки",0.0,KZT,1.0,0.037954485469607675,,,,,,,,Нужны цены,,,,,,,,,,,Не оценён,"Прибыль = выручка - себестоимость проданного - комиссия - доставка - прочие расходы. Заполните цены и расходы, включая явные нули."
IEK:020300080_,IEK,020300080_,,Распред. блок на DIN-рейку РБД-250А IEK,шт,,,,1.0,,2026-09-01,monthly_balance_proxy,3,1930,"[[3, ""Лист_1"", 1930], [4, ""Лист_1"", 1646]]",2026-09-22,deficit,7.0,7.0,7.8476458218591185,22.245244518861853,0.0,0.0,6.7949638259551515,1.0,0,0.0,56.0,6.8476458218591185,высокая,Прогноз 30 дней 7.85; остаток 1; поступления в срок 0; нехватка 7; заказ с учётом MOQ 7 шт. Остаток на начало сентября: требуется актуализация.,"[""category_missing"", ""daily_stockout_data_missing"", ""moq_missing"", ""new_order_lead_time_unknown"", ""reservations_unknown"", ""stale_stock"", ""supplier_sku_missing""]",draft,,,,,Высокий,Критический,Остаток на начало сентября; Резервы неизвестны; Нет артикула производителя; Нет ежедневных данных доступности,Запаса примерно на 3.8 дн. без поступлений,"Подтвердить наличие, срок и цену закупки",3.822802491472909,KZT,7.0,6.8476458218591185,,,,,,,,Нужны цены,,,,,,,,,,,Не оценён,"Прибыль = выручка - себестоимость проданного - комиссия - доставка - прочие расходы. Заполните цены и расходы, включая явные нули."
IEK:020300082_,IEK,020300082_,,Распред. блок на DIN-рейку РБД- 80А IEK,шт,,,,0.0,,2026-09-01,monthly_balance_proxy,3,1927,"[[3, ""Лист_1"", 1927], [4, ""Лист_1"", 1643]]",2026-09-22,deficit,1.0,1.0,0.07129393727474735,0.20209258972564598,0.0,0.0,0.06173057956342118,1.0,10,0.0,2.0,0.07129393727474735,высокая,Прогноз 30 дней 0.07; остаток 0; поступления в срок 0; нехватка 1; заказ с учётом MOQ 1 шт. Остаток на начало сентября: требуется актуализация.,"[""blank_stock_assumed_zero"", ""category_missing"", ""daily_stockout_data_missing"", ""moq_missing"", ""new_order_lead_time_unknown"", ""reservations_unknown"", ""stale_stock"", ""supplier_sku_missing""]",draft,,,,,Высокий,Критический,Остаток на начало сентября; Резервы неизвестны; Нет артикула производителя; Нет ежедневных данных доступности,Нет запаса,"Подтвердить наличие, срок и цену закупки",0.0,KZT,1.0,0.07129393727474735,,,,,,,,Нужны цены,,,,,,,,,,,Не оценён,"Прибыль = выручка - себестоимость проданного - комиссия - доставка - прочие расходы. Заполните цены и расходы, включая явные нули."
IEK:020300088_,IEK,020300088_,,Распред. блок на DIN-рейку РБД-160А IEK,шт,,,,0.0,,2026-09-01,monthly_balance_proxy,3,1929,"[[3, ""Лист_1"", 1929], [4, ""Лист_1"", 1645]]",2026-09-22,deficit,3.0,3.0,2.002464068242689,5.676263155788114,0.0,0.0,1.733853848065308,1.0,4,0.0,21.0,2.002464068242689,высокая,Прогноз 30 дней 2.00; остаток 0; поступления в срок 0; нехватка 3; заказ с учётом MOQ 3 шт. Остаток на начало сентября: требуется актуализация.,"[""blank_stock_assumed_zero"", ""category_missing"", ""daily_stockout_data_missing"", ""moq_missing"", ""new_order_lead_time_unknown"", ""reservations_unknown"", ""stale_stock"", ""stockout_proxy_used"", ""supplier_sku_missing""]",draft,,,,,Высокий,Критический,Остаток на начало сентября; Резервы неизвестны; Нет артикула производителя; Stockout оценён по месячным снимкам; Нет ежедневных данных доступности,Нет запаса,"Подтвердить наличие, срок и цену закупки",0.0,KZT,3.0,2.002464068242689,,,,,,,,Нужны цены,,,,,,,,,,,Не оценён,"Прибыль = выручка - себестоимость проданного - комиссия - доставка - прочие расходы. Заполните цены и расходы, включая явные нули."
IEK:030200453_,IEK,030200453_,BR-K10-1-K01,"Роз. комп. RJ45 кат.5E б/рамки ""BRITE"" белый (1/100)",шт,,1.0,minimum,30.0,,2026-09-01,monthly_balance_proxy,3,2121,"[[1, ""Лист7"", 607], [3, ""Лист_1"", 2121], [4, ""Лист_1"", 1826], [5, ""Лист4"", 1343]]",2026-09-22,deficit,126.0,126.0,155.924431522627,441.989506715997,0.0,0.0,135.0087524117996,0.7791520096203067,0,10.0,2458.0,125.924431522627,высокая,Прогноз 30 дней 155.92; остаток 30; поступления в срок 0; нехватка 126; заказ с учётом MOQ 126 шт. Остаток на начало сентября: требуется актуализация.,"[""category_missing"", ""daily_stockout_data_missing"", ""large_orders_detected"", ""new_order_lead_time_unknown"", ""reservations_unknown"", ""stale_stock"", ""transaction_month_mismatch""]",draft,,,,,Высокий,Критический,Остаток на начало сентября; Резервы неизвестны; Детальные и месячные продажи расходятся; Нет ежедневных данных доступности,Запаса примерно на 5.8 дн. без поступлений,"Подтвердить наличие, срок и цену закупки",5.7720268158835415,KZT,126.0,125.924431522627,,,,,,,,Нужны цены,,,,,,,,,,,Не оценён,"Прибыль = выручка - себестоимость проданного - комиссия - доставка - прочие расходы. Заполните цены и расходы, включая явные нули."
IEK:030200459_,IEK,030200459_,BR-K20-1-K01,"Роз. комп. 2-ая RJ45 кат.5E б/рамки ""BRITE"" белый (1/100)",шт,,1.0,minimum,0.0,,2026-09-01,monthly_balance_proxy,3,2118,"[[1, ""Лист7"", 606], [3, ""Лист_1"", 2118], [4, ""Лист_1"", 1823], [5, ""Лист4"", 1349]]",2026-09-22,deficit,219.0,219.0,218.9437472243614,620.6265297186889,0.0,0.0,189.57466685928537,1.25,0,0.0,1512.0,218.9437472243614,высокая,Прогноз 30 дней 218.94; остаток 0; поступления в срок 0; нехватка 219; заказ с учётом MOQ 219 шт. Остаток на начало сентября: требуется актуализация.,"[""blank_stock_assumed_zero"", ""category_missing"", ""daily_stockout_data_missing"", ""large_orders_detected"", ""new_order_lead_time_unknown"", ""reservations_unknown"", ""stale_stock"", ""transaction_month_mismatch""]",draft,,,,,Высокий,Критический,Остаток на начало сентября; Резервы неизвестны; Детальные и месячные продажи расходятся; Нет ежедневных данных доступности,Нет запаса,"Подтвердить наличие, срок и цену закупки",0.0,KZT,219.0,218.9437472243614,,,,,,,,Нужны цены,,,,,,,,,,,Не оценён,"Прибыль = выручка - себестоимость проданного - комиссия - доставка - прочие расходы. Заполните цены и расходы, включая явные нули."
IEK:030200497_,IEK,030200497_,BR-M42-K02,"Рамка 4-мест. ""BRITE"" черный (1/100)",шт,,1.0,minimum,67.0,,2026-09-01,monthly_balance_proxy,3,1912,"[[1, ""Лист7"", 775], [3, ""Лист_1"", 1912], [4, ""Лист_1"", 1628], [5, ""Лист4"", 1388]]",2026-09-22,deficit,18.0,18.0,84.6624871135044,239.9876052215526,0.0,0.0,73.30587419596012,1.25,0,0.0,729.0,17.662487113504397,высокая,Прогноз 30 дней 84.66; остаток 67; поступления в срок 0; нехватка 18; заказ с учётом MOQ 18 шт. Остаток на начало сентября: требуется актуализация.,"[""category_missing"", ""daily_stockout_data_missing"", ""large_orders_detected"", ""new_order_lead_time_unknown"", ""reservations_unknown"", ""stale_stock"", ""transaction_month_mismatch""]",draft,,,,,Высокий,Средний,Остаток на начало сентября; Резервы неизвестны; Детальные и месячные продажи расходятся; Нет ежедневных данных доступности,Запаса примерно на 23.7 дн. без поступлений,"Подтвердить наличие, срок и цену закупки",23.741329466322608,KZT,18.0,17.662487113504397,,,,,,,,Нужны цены,,,,,,,,,,,Не оценён,"Прибыль = выручка - себестоимость проданного - комиссия - доставка - прочие расходы. Заполните цены и расходы, включая явные нули."
IEK:030200501_,IEK,030200501_,BR-V10-1-10-K46,"Выкл 1-кл. с инд. 10А б/рамки ""BRITE"" сталь (1/100)",шт,,1.0,minimum,6.0,,2026-09-01,monthly_balance_proxy,3,927,"[[1, ""Лист7"", 692], [3, ""Лист_1"", 927], [4, ""Лист_1"", 825], [5, ""Лист4"", 1392]]",2026-09-22,deficit,7.0,7.0,12.753343379453936,36.15112714678446,0.0,0.0,11.042611872466574,1.25,0,0.0,32.0,6.753343379453936,высокая,Прогноз 30 дней 12.75; остаток 6; поступления в срок 0; нехватка 7; заказ с учётом MOQ 7 шт. Остаток на начало сентября: требуется актуализация.,"[""category_missing"", ""daily_stockout_data_missing"", ""negative_net_sales_clipped_for_forecast"", ""new_order_lead_time_unknown"", ""reservations_unknown"", ""stale_stock""]",draft,,,,,Высокий,Средний,Остаток на начало сентября; Резервы неизвестны; Нет ежедневных данных доступности,Запаса примерно на 14.1 дн. без поступлений,"Подтвердить наличие, срок и цену закупки",14.113946017480094,KZT,7.0,6.753343379453936,,,,,,,,Нужны цены,,,,,,,,,,,Не оценён,"Прибыль = выручка - себестоимость проданного - комиссия - доставка - прочие расходы. Заполните цены и расходы, включая явные нули."
IEK:030200504_,IEK,030200504_,BR-K10-1-K46,"Роз. комп. RJ45 кат.5E б/рамки ""BRITE"" сталь (1/100)",шт,,1.0,minimum,0.0,,2026-09-01,monthly_balance_proxy,3,2125,"[[1, ""Лист7"", 720], [3, ""Лист_1"", 2125], [4, ""Лист_1"", 1830], [5, ""Лист4"", 1395]]",2026-09-22,deficit,18.0,18.0,17.653540096939523,50.04141687766934,0.0,0.0,15.285496960709605,1.0,0,8.4176,199.0,17.653540096939523,высокая,Прогноз 30 дней 17.65; остаток 0; поступления в срок 0; нехватка 18; заказ с учётом MOQ 18 шт. Остаток на начало сентября: требуется актуализация.,"[""blank_stock_assumed_zero"", ""category_missing"", ""daily_stockout_data_missing"", ""large_orders_detected"", ""negative_net_sales_clipped_for_forecast"", ""new_order_lead_time_unknown"", ""reservations_unknown"", ""stale_stock""]",draft,,,,,Высокий,Критический,Остаток на начало сентября; Резервы неизвестны; Нет ежедневных данных доступности,Нет запаса,"Подтвердить наличие, срок и цену закупки",0.0,KZT,18.0,17.653540096939523,,,,,,,,Нужны цены,,,,,,,,,,,Не оценён,"Прибыль = выручка - себестоимость проданного - комиссия - доставка - прочие расходы. Заполните цены и расходы, включая явные нули."
IEK:030200512_,IEK,030200512_,BR-V22-0-10-K46,"Выкл 2-кл. прох. 10А б/рамки ""BRITE"" сталь (1/100)",шт,,1.0,minimum,6.0,,2026-09-01,monthly_balance_proxy,3,958,"[[1, ""Лист7"", 694], [3, ""Лист_1"", 958], [4, ""Лист_1"", 854], [5, ""Лист4"", 1403]]",2026-09-22,deficit,12.0,12.0,17.636344749615063,49.9926742719882,0.0,0.0,15.270608194613779,1.25,0,0.0,65.0,11.636344749615063,высокая,Прогноз 30 дней 17.64; остаток 6; поступления в срок 0; нехватка 12; заказ с учётом MOQ 12 шт. Остаток на начало сентября: требуется актуализация.,"[""category_missing"", ""daily_stockout_data_missing"", ""negative_net_sales_clipped_for_forecast"", ""new_order_lead_time_unknown"", ""reservations_unknown"", ""stale_stock""]",draft,,,,,Высокий,Высокий,Остаток на начало сентября; Резервы неизвестны; Нет ежедневных данных доступности,Запаса примерно на 10.2 дн. без поступлений,"Подтвердить наличие, срок и цену закупки",10.2061964968069,KZT,12.0,11.636344749615063,,,,,,,,Нужны цены,,,,,,,,,,,Не оценён,"Прибыль = выручка - себестоимость проданного - комиссия - доставка - прочие расходы. Заполните цены и расходы, включая явные нули."
IEK:030200525_,IEK,030200525_,BR-R11-16-K37,"Роз. с з/к без з/ш 16А б/рамки ""BRITE""  шампань (1/100)",шт,,1.0,minimum,38.0,,2026-09-01,monthly_balance_proxy,3,2134,"[[1, ""Лист7"", 824], [3, ""Лист_1"", 2134], [4, ""Лист_1"", 1839], [5, ""Лист4"", 1322]]",2026-09-22,deficit,116.0,116.0,153.9670747799601,436.4411065537485,0.0,0.0,133.31395519963905,0.75,0,0.0,3250.0,115.96707477996009,высокая,Прогноз 30 дней 153.97; остаток 38; поступления в срок 0; нехватка 116; заказ с учётом MOQ 116 шт. Остаток на начало сентября: требуется актуализация.,"[""category_missing"", ""daily_stockout_data_missing"", ""large_orders_detected"", ""new_order_lead_time_unknown"", ""reservations_unknown"", ""stale_stock"", ""transaction_month_mismatch""]",draft,,,,,Высокий,Высокий,Остаток на начало сентября; Резервы неизвестны; Детальные и месячные продажи расходятся; Нет ежедневных данных доступности,Запаса примерно на 7.4 дн. без поступлений,"Подтвердить наличие, срок и цену закупки",7.404180417334129,KZT,116.0,115.96707477996009,,,,,,,,Нужны цены,,,,,,,,,,,Не оценён,"Прибыль = выручка - себестоимость проданного - комиссия - доставка - прочие расходы. Заполните цены и расходы, включая явные нули."
IEK:030200527_,IEK,030200527_,BR-R10-10-K47,"Роз. без з/к 10А б/рамки ""BRITE"" алюминий (1/100)",шт,,1.0,minimum,11.0,,2026-09-01,monthly_balance_proxy,3,2110,"[[1, ""Лист7"", 531], [3, ""Лист_1"", 2110], [4, ""Лист_1"", 1815], [5, ""Лист4"", 1517]]",2026-09-22,deficit,2.0,2.0,12.764918970129859,36.18393976994323,0.0,0.0,11.052634715200872,0.8717240722425298,0,0.0,208.0,1.7649189701298589,высокая,Прогноз 30 дней 12.76; остаток 11; поступления в срок 0; нехватка 2; заказ с учётом MOQ 2 шт. Остаток на начало сентября: требуется актуализация.,"[""category_missing"", ""daily_stockout_data_missing"", ""negative_net_sales_clipped_for_forecast"", ""new_order_lead_time_unknown"", ""reservations_unknown"", ""stale_stock""]",draft,,,,,Высокий,Средний,Остаток на начало сентября; Резервы неизвестны; Нет ежедневных данных доступности,Запаса примерно на 25.9 дн. без поступлений,"Подтвердить наличие, срок и цену закупки",25.852102999807986,KZT,2.0,1.7649189701298589,,,,,,,,Нужны цены,,,,,,,,,,,Не оценён,"Прибыль = выручка - себестоимость проданного - комиссия - доставка - прочие расходы. Заполните цены и расходы, включая явные нули."
IEK:030200550_,IEK,030200550_,BR-R14-16-K35,"Роз. с с/з з/ш 16А б/рамки ""BRITE"" маренго (1/100)",шт,,,,0.0,,2026-09-01,monthly_balance_proxy,3,2167,"[[3, ""Лист_1"", 2167], [4, ""Лист_1"", 1870], [5, ""Лист4"", 1799]]",2026-09-22,deficit,8.0,8.0,7.532800435933609,21.352771444192836,0.0,0.0,6.522351751366664,1.0,9,0.0,213.0,7.532800435933609,высокая,Прогноз 30 дней 7.53; остаток 0; поступления в срок 0; нехватка 8; заказ с учётом MOQ 8 шт. Остаток на начало сентября: требуется актуализация.,"[""blank_stock_assumed_zero"", ""category_missing"", ""daily_stockout_data_missing"", ""moq_missing"", ""new_order_lead_time_unknown"", ""reservations_unknown"", ""stale_stock""]",draft,,,,,Высокий,Критический,Остаток на начало сентября; Резервы неизвестны; Нет ежедневных данных доступности,Нет запаса,"Подтвердить наличие, срок и цену закупки",0.0,KZT,8.0,7.532800435933609,,,,,,,,Нужны цены,,,,,,,,,,,Не оценён,"Прибыль = выручка - себестоимость проданного - комиссия - доставка - прочие расходы. Заполните цены и расходы, включая явные нули."
IEK:030200551_,IEK,030200551_,BR-V10-0-10-K35,"Выкл 1-кл. 10А б/рамки ""BRITE"" маренго (1/100)",шт,,,,2.0,,2026-09-01,monthly_balance_proxy,3,897,"[[3, ""Лист_1"", 897], [4, ""Лист_1"", 795], [5, ""Лист4"", 1787]]",2026-09-22,deficit,5.0,5.0,6.977451269656248,19.77855692462627,0.0,0.0,6.0414970362981055,1.0,4,0.0,77.0,4.977451269656248,высокая,Прогноз 30 дней 6.98; остаток 2; поступления в срок 0; нехватка 5; заказ с учётом MOQ 5 шт. Остаток на начало сентября: требуется актуализация.,"[""category_missing"", ""daily_stockout_data_missing"", ""moq_missing"", ""new_order_lead_time_unknown"", ""reservations_unknown"", ""stale_stock"", ""stockout_proxy_used""]",draft,,,,,Высокий,Высокий,Остаток на начало сентября; Резервы неизвестны; Stockout оценён по месячным снимкам; Нет ежедневных данных доступности,Запаса примерно на 8.6 дн. без поступлений,"Подтвердить наличие, срок и цену закупки",8.599128489930102,KZT,5.0,4.977451269656248,,,,,,,,Нужны цены,,,,,,,,,,,Не оценён,"Прибыль = выручка - себестоимость проданного - комиссия - доставка - прочие расходы. Заполните цены и расходы, включая явные нули."
IEK:030200553_,IEK,030200553_,BR-V20-0-10-K35,"Выкл 2-кл. 10А б/рамки ""BRITE"" маренго (1/100)",шт,,,,1.0,,2026-09-01,monthly_balance_proxy,3,947,"[[3, ""Лист_1"", 947], [4, ""Лист_1"", 843], [5, ""Лист4"", 1789]]",2026-09-22,deficit,5.0,5.0,5.505504632889001,15.606119279390347,0.0,0.0,4.766997093562364,1.237072218839657,0,0.0,64.0,4.505504632889001,высокая,Прогноз 30 дней 5.51; остаток 1; поступления в срок 0; нехватка 5; заказ с учётом MOQ 5 шт. Остаток на начало сентября: требуется актуализация.,"[""category_missing"", ""daily_stockout_data_missing"", ""moq_missing"", ""new_order_lead_time_unknown"", ""reservations_unknown"", ""stale_stock""]",draft,,,,,Высокий,Критический,Остаток на начало сентября; Резервы неизвестны; Нет ежедневных данных доступности,Запаса примерно на 5.4 дн. без поступлений,"Подтвердить наличие, срок и цену закупки",5.449091772765899,KZT,5.0,4.505504632889001,,,,,,,,Нужны цены,,,,,,,,,,,Не оценён,"Прибыль = выручка - себестоимость проданного - комиссия - доставка - прочие расходы. Заполните цены и расходы, включая явные нули."
IEK:030200559_,IEK,030200559_,BR-M12-K35,"Рамка 1-мест. ""BRITE"" маренго (1/100)",шт,,,,1.0,,2026-09-01,monthly_balance_proxy,3,1877,"[[3, ""Лист_1"", 1877], [4, ""Лист_1"", 1593], [5, ""Лист4"", 1790]]",2026-09-22,deficit,15.0,15.0,15.039149914473507,42.63056396752976,0.0,0.0,13.021800672670388,1.0,0,0.0,252.0,14.039149914473507,высокая,Прогноз 30 дней 15.04; остаток 1; поступления в срок 0; нехватка 15; заказ с учётом MOQ 15 шт. Остаток на начало сентября: требуется актуализация.,"[""category_missing"", ""daily_stockout_data_missing"", ""large_orders_detected"", ""moq_missing"", ""negative_net_sales_clipped_for_forecast"", ""new_order_lead_time_unknown"", ""reservations_unknown"", ""stale_stock"", ""transaction_month_mismatch""]",draft,,,,,Высокий,Критический,Остаток на начало сентября; Резервы неизвестны; Детальные и месячные продажи расходятся; Нет ежедневных данных доступности,Запаса примерно на 2.0 дн. без поступлений,"Подтвердить наличие, срок и цену закупки",1.994793600077644,KZT,15.0,14.039149914473507,,,,,,,,Нужны цены,,,,,,,,,,,Не оценён,"Прибыль = выручка - себестоимость проданного - комиссия - доставка - прочие расходы. Заполните цены и расходы, включая явные нули."
IEK:030200560_,IEK,030200560_,BR-M22-K35,"Рамка 2-мест. ""BRITE"" маренго (1/100)",шт,,,,0.0,,2026-09-01,monthly_balance_proxy,3,1888,"[[3, ""Лист_1"", 1888], [4, ""Лист_1"", 1604], [5, ""Лист4"", 1791]]",2026-09-22,deficit,12.0,12.0,11.953909412243783,33.88502028098543,0.0,0.0,10.350413853883463,1.0,5,0.0,110.0,11.953909412243783,высокая,Прогноз 30 дней 11.95; остаток 0; поступления в срок 0; нехватка 12; заказ с учётом MOQ 12 шт. Остаток на начало сентября: требуется актуализация.,"[""blank_stock_assumed_zero"", ""category_missing"", ""daily_stockout_data_missing"", ""large_orders_detected"", ""moq_missing"", ""negative_net_sales_clipped_for_forecast"", ""new_order_lead_time_unknown"", ""reservations_unknown"", ""stale_stock"", ""stockout_proxy_used"", ""transaction_month_mismatch""]",draft,,,,,Высокий,Критический,Остаток на начало сентября; Резервы неизвестны; Детальные и месячные продажи расходятся; Stockout оценён по месячным снимкам; Нет ежедневных данных доступности,Нет запаса,"Подтвердить наличие, срок и цену закупки",0.0,KZT,12.0,11.953909412243783,,,,,,,,Нужны цены,,,,,,,,,,,Не оценён,"Прибыль = выручка - себестоимость проданного - комиссия - доставка - прочие расходы. Заполните цены и расходы, включая явные нули."
IEK:030200565_,IEK,030200565_,BR-R11-16-K35,"Роз. 1-мест. с/з 16А б/рамки ""BRITE"" маренго (1/100)",шт,,,,0.0,,2026-09-01,monthly_balance_proxy,3,2038,"[[3, ""Лист_1"", 2038], [4, ""Лист_1"", 1751], [5, ""Лист4"", 1801]]",2026-09-22,deficit,26.0,26.0,25.32721661270205,71.79352118088626,0.0,0.0,21.929827696361397,1.0,1,0.0,149.0,25.32721661270205,высокая,Прогноз 30 дней 25.33; остаток 0; поступления в срок 0; нехватка 26; заказ с учётом MOQ 26 шт. Остаток на начало сентября: требуется актуализация.,"[""blank_stock_assumed_zero"", ""category_missing"", ""daily_stockout_data_missing"", ""moq_missing"", ""negative_net_sales_clipped_for_forecast"", ""new_order_lead_time_unknown"", ""reservations_unknown"", ""stale_stock"", ""stockout_proxy_used""]",draft,,,,,Высокий,Критический,Остаток на начало сентября; Резервы неизвестны; Stockout оценён по месячным снимкам; Нет ежедневных данных доступности,Нет запаса,"Подтвердить наличие, срок и цену закупки",0.0,KZT,26.0,25.32721661270205,,,,,,,,Нужны цены,,,,,,,,,,,Не оценён,"Прибыль = выручка - себестоимость проданного - комиссия - доставка - прочие расходы. Заполните цены и расходы, включая явные нули."
IEK:030200810_,IEK,030200810_,BR-R14-16-K45,"Роз. с з/к 16А б/рамки ""BRITE"" темная бронза (1/100)",шт,,1.0,minimum,53.0,,2026-09-01,monthly_balance_proxy,3,2131,"[[1, ""Лист7"", 754], [3, ""Лист_1"", 2131], [4, ""Лист_1"", 1836], [5, ""Лист4"", 1819]]",2026-09-22,deficit,13.0,13.0,65.00284308205818,184.25960748047993,0.0,0.0,56.28337177201853,0.905207847835558,0,0.0,866.0,12.002843082058178,высокая,Прогноз 30 дней 65.00; остаток 53; поступления в срок 0; нехватка 13; заказ с учётом MOQ 13 шт. Остаток на начало сентября: требуется актуализация.,"[""category_missing"", ""daily_stockout_data_missing"", ""large_orders_detected"", ""new_order_lead_time_unknown"", ""reservations_unknown"", ""stale_stock"", ""transaction_month_mismatch""]",draft,,,,,Высокий,Средний,Остаток на начало сентября; Резервы неизвестны; Детальные и месячные продажи расходятся; Нет ежедневных данных доступности,Запаса примерно на 24.5 дн. без поступлений,"Подтвердить наличие, срок и цену закупки",24.4604685673951,KZT,13.0,12.002843082058178,,,,,,,,Нужны цены,,,,,,,,,,,Не оценён,"Прибыль = выручка - себестоимость проданного - комиссия - доставка - прочие расходы. Заполните цены и расходы, включая явные нули."
IEK:030200821_,IEK,030200821_,BR-M32-K45,"Рамка 3-мест. ""BRITE"" темная бронза (1/100)",шт,,1.0,minimum,4.0,,2026-09-01,monthly_balance_proxy,3,1901,"[[1, ""Лист7"", 746], [3, ""Лист_1"", 1901], [4, ""Лист_1"", 1617], [5, ""Лист4"", 1812]]",2026-09-22,deficit,11.0,11.0,14.237204124317866,40.357336989931866,0.0,0.0,12.327427766682938,1.25,0,0.0,100.0,10.237204124317866,высокая,Прогноз 30 дней 14.24; остаток 4; поступления в срок 0; нехватка 11; заказ с учётом MOQ 11 шт. Остаток на начало сентября: требуется актуализация.,"[""category_missing"", ""daily_stockout_data_missing"", ""large_orders_detected"", ""new_order_lead_time_unknown"", ""reservations_unknown"", ""stale_stock"", ""transaction_month_mismatch""]",draft,,,,,Высокий,Высокий,Остаток на начало сентября; Резервы неизвестны; Детальные и месячные продажи расходятся; Нет ежедневных данных доступности,Запаса примерно на 8.4 дн. без поступлений,"Подтвердить наличие, срок и цену закупки",8.428621164111423,KZT,11.0,10.237204124317866,,,,,,,,Нужны цены,,,,,,,,,,,Не оценён,"Прибыль = выручка - себестоимость проданного - комиссия - доставка - прочие расходы. Заполните цены и расходы, включая явные нули."
IEK:030200835_,IEK,030200835_,BR-R24-16-K10-F,"Роз. 2-я с з/к/ш 16А в сб. ""BRITE"" бежевый (1/100)",шт,,1.0,minimum,0.0,,2026-09-01,monthly_balance_proxy,3,2068,"[[1, ""Лист7"", 561], [3, ""Лист_1"", 2068], [4, ""Лист_1"", 1776], [5, ""Лист4"", 1772]]",2026-09-22,deficit,9.0,9.0,8.112302042606359,22.995449418216705,0.0,0.0,7.024119102214235,1.0,0,0.0,59.0,8.112302042606359,высокая,Прогноз 30 дней 8.11; остаток 0; поступления в срок 0; нехватка 9; заказ с учётом MOQ 9 шт. Остаток на начало сентября: требуется актуализация.,"[""blank_stock_assumed_zero"", ""category_missing"", ""daily_stockout_data_missing"", ""new_order_lead_time_unknown"", ""reservations_unknown"", ""stale_stock""]",draft,,,,,Высокий,Критический,Остаток на начало сентября; Резервы неизвестны; Нет ежедневных данных доступности,Нет запаса,"Подтвердить наличие, срок и цену закупки",0.0,KZT,9.0,8.112302042606359,,,,,,,,Нужны цены,,,,,,,,,,,Не оценён,"Прибыль = выручка - себестоимость проданного - комиссия - доставка - прочие расходы. Заполните цены и расходы, включая явные нули."
IEK:030200862_,IEK,030200862_,BR-M42-G-K02,"Рамка 4-мест. ""BRITE"" стекло черный (1/50)",шт,,1.0,minimum,0.0,,2026-09-01,monthly_balance_proxy,3,284,"[[1, ""Лист7"", 957], [3, ""Лист_1"", 284], [4, ""Лист_1"", 268], [5, ""Лист4"", 1753]]",2026-09-22,deficit,1.0,1.0,0.1098668776296718,0.31143295873372284,0.0,0.0,0.09512935166936527,1.0,6,0.0,3.0,0.1098668776296718,высокая,Прогноз 30 дней 0.11; остаток 0; поступления в срок 0; нехватка 1; заказ с учётом MOQ 1 шт. Остаток на начало сентября: требуется актуализация.,"[""blank_stock_assumed_zero"", ""category_missing"", ""daily_stockout_data_missing"", ""negative_net_sales_clipped_for_forecast"", ""new_order_lead_time_unknown"", ""reservations_unknown"", ""stale_stock""]",draft,,,,,Высокий,Критический,Остаток на начало сентября; Резервы неизвестны; Нет ежедневных данных доступности,Нет запаса,"Подтвердить наличие, срок и цену закупки",0.0,KZT,1.0,0.1098668776296718,,,,,,,,Нужны цены,,,,,,,,,,,Не оценён,"Прибыль = выручка - себестоимость проданного - комиссия - доставка - прочие расходы. Заполните цены и расходы, включая явные нули."
IEK:030200879_,IEK,030200879_,BR-K20-1-K46,"Роз 2-ая комп. RJ45 кат.5E ""BRITE"" сталь (1/100)",шт,,1.0,minimum,0.0,,2026-09-01,monthly_balance_proxy,3,2022,"[[1, ""Лист7"", 707], [3, ""Лист_1"", 2022], [4, ""Лист_1"", 1735], [5, ""Лист4"", 1525]]",2026-09-22,deficit,6.0,6.0,5.079893126230636,14.399664216231814,0.0,0.0,4.398477048532004,1.0,2,0.0,18.0,5.079893126230636,высокая,Прогноз 30 дней 5.08; остаток 0; поступления в срок 0; нехватка 6; заказ с учётом MOQ 6 шт. Остаток на начало сентября: требуется актуализация.,"[""blank_stock_assumed_zero"", ""category_missing"", ""daily_stockout_data_missing"", ""negative_net_sales_clipped_for_forecast"", ""new_order_lead_time_unknown"", ""reservations_unknown"", ""stale_stock""]",draft,,,,,Высокий,Критический,Остаток на начало сентября; Резервы неизвестны; Нет ежедневных данных доступности,Нет запаса,"Подтвердить наличие, срок и цену закупки",0.0,KZT,6.0,5.079893126230636,,,,,,,,Нужны цены,,,,,,,,,,,Не оценён,"Прибыль = выручка - себестоимость проданного - комиссия - доставка - прочие расходы. Заполните цены и расходы, включая явные нули."
IEK:030200893_,IEK,030200893_,BR-M22-G-K03,"Рамка 2-мест. ""BRITE"" стекло серый (1/100)",шт,,1.0,minimum,12.0,,2026-09-01,monthly_balance_proxy,3,220,"[[1, ""Лист7"", 929], [3, ""Лист_1"", 220], [4, ""Лист_1"", 209], [5, ""Лист4"", 1742]]",2026-09-22,deficit,1.0,1.0,12.978484881295888,36.78932207472933,0.0,0.0,11.237552928098317,1.0,0,0.0,62.0,0.9784848812958877,высокая,Прогноз 30 дней 12.98; остаток 12; поступления в срок 0; нехватка 1; заказ с учётом MOQ 1 шт. Остаток на начало сентября: требуется актуализация.,"[""category_missing"", ""daily_stockout_data_missing"", ""negative_net_sales_clipped_for_forecast"", ""new_order_lead_time_unknown"", ""reservations_unknown"", ""stale_stock""]",draft,,,,,Высокий,Средний,Остаток на начало сентября; Резервы неизвестны; Нет ежедневных данных доступности,Запаса примерно на 27.7 дн. без поступлений,"Подтвердить наличие, срок и цену закупки",27.738214690901145,KZT,1.0,0.9784848812958877,,,,,,,,Нужны цены,,,,,,,,,,,Не оценён,"Прибыль = выручка - себестоимость проданного - комиссия - доставка - прочие расходы. Заполните цены и расходы, включая явные нули."
IEK:030200924_,IEK,030200924_,BR-R16-16-K46,"Роз. с з/к с з/ш с кр. 16А IP20 б/рамки ""BRITE"" сталь (1/100)",шт,,1.0,minimum,3.0,,2026-09-01,monthly_balance_proxy,3,2157,"[[1, ""Лист7"", 725], [3, ""Лист_1"", 2157], [4, ""Лист_1"", 1860], [5, ""Лист4"", 1951]]",2026-09-22,deficit,7.0,7.0,9.812458761576421,27.814780309594134,0.0,0.0,8.496217062047913,1.25,0,0.0,32.0,6.812458761576421,высокая,Прогноз 30 дней 9.81; остаток 3; поступления в срок 0; нехватка 7; заказ с учётом MOQ 7 шт. Остаток на начало сентября: требуется актуализация.,"[""category_missing"", ""daily_stockout_data_missing"", ""negative_net_sales_clipped_for_forecast"", ""new_order_lead_time_unknown"", ""reservations_unknown"", ""stale_stock""]",draft,,,,,Высокий,Высокий,Остаток на начало сентября; Резервы неизвестны; Нет ежедневных данных доступности,Запаса примерно на 9.2 дн. без поступлений,"Подтвердить наличие, срок и цену закупки",9.172013068979364,KZT,7.0,6.812458761576421,,,,,,,,Нужны цены,,,,,,,,,,,Не оценён,"Прибыль = выручка - себестоимость проданного - комиссия - доставка - прочие расходы. Заполните цены и расходы, включая явные нули."
IEK:030200939_,IEK,030200939_,BR-H10-K46,"Роз. HDMI б/рамки ""BRITE"" сталь (1/100)",шт,,1.0,minimum,2.0,,2026-09-01,monthly_balance_proxy,3,2083,"[[1, ""Лист7"", 714], [3, ""Лист_1"", 2083], [4, ""Лист_1"", 1791], [5, ""Лист4"", 1943]]",2026-09-22,deficit,1.0,1.0,2.658642767284657,7.536293022018653,0.0,0.0,2.3020128379795843,1.0,0,0.0,17.0,0.6586427672846571,высокая,Прогноз 30 дней 2.66; остаток 2; поступления в срок 0; нехватка 1; заказ с учётом MOQ 1 шт. Остаток на начало сентября: требуется актуализация.,"[""category_missing"", ""daily_stockout_data_missing"", ""new_order_lead_time_unknown"", ""reservations_unknown"", ""stale_stock""]",draft,,,,,Высокий,Средний,Остаток на начало сентября; Резервы неизвестны; Нет ежедневных данных доступности,Запаса примерно на 22.6 дн. без поступлений,"Подтвердить наличие, срок и цену закупки",22.567905977559974,KZT,1.0,0.6586427672846571,,,,,,,,Нужны цены,,,,,,,,,,,Не оценён,"Прибыль = выручка - себестоимость проданного - комиссия - доставка - прочие расходы. Заполните цены и расходы, включая явные нули."
IEK:030200956_,IEK,030200956_,BR-RT11-K01,"Термостат с инд. ""BRITE"" белый (1/80)",шт,,1.0,minimum,0.0,,2026-09-01,monthly_balance_proxy,3,2404,"[[1, ""Лист7"", 618], [3, ""Лист_1"", 2404], [4, ""Лист_1"", 2073], [5, ""Лист4"", 1910]]",2026-09-22,deficit,6.0,6.0,5.435786092204487,15.408492370603826,0.0,0.0,4.7066305871344,1.1000607262625641,0,0.0,48.0,5.435786092204487,высокая,Прогноз 30 дней 5.44; остаток 0; поступления в срок 0; нехватка 6; заказ с учётом MOQ 6 шт. Остаток на начало сентября: требуется актуализация.,"[""blank_stock_assumed_zero"", ""category_missing"", ""daily_stockout_data_missing"", ""negative_net_sales_clipped_for_forecast"", ""new_order_lead_time_unknown"", ""reservations_unknown"", ""stale_stock""]",draft,,,,,Высокий,Критический,Остаток на начало сентября; Резервы неизвестны; Нет ежедневных данных доступности,Нет запаса,"Подтвердить наличие, срок и цену закупки",0.0,KZT,6.0,5.435786092204487,,,,,,,,Нужны цены,,,,,,,,,,,Не оценён,"Прибыль = выручка - себестоимость проданного - комиссия - доставка - прочие расходы. Заполните цены и расходы, включая явные нули."
IEK:030200970_,IEK,030200970_,BR-V14-0-10-K01,"Выкл. 1-кл. самовозвратн. 10А ""BRITE"" белый (1/100)",шт,,1.0,minimum,0.0,,2026-09-01,monthly_balance_proxy,3,985,"[[1, ""Лист7"", 580], [3, ""Лист_1"", 985], [4, ""Лист_1"", 881], [5, ""Лист4"", 1914]]",2026-09-22,deficit,51.0,51.0,50.983445384017095,144.51967312571966,0.0,0.0,44.144533911303185,1.0,0,0.0,367.0,50.983445384017095,высокая,Прогноз 30 дней 50.98; остаток 0; поступления в срок 0; нехватка 51; заказ с учётом MOQ 51 шт. Остаток на начало сентября: требуется актуализация.,"[""blank_stock_assumed_zero"", ""category_missing"", ""daily_stockout_data_missing"", ""negative_net_sales_clipped_for_forecast"", ""new_order_lead_time_unknown"", ""reservations_unknown"", ""stale_stock""]",draft,,,,,Высокий,Критический,Остаток на начало сентября; Резервы неизвестны; Нет ежедневных данных доступности,Нет запаса,"Подтвердить наличие, срок и цену закупки",0.0,KZT,51.0,50.983445384017095,,,,,,,,Нужны цены,,,,,,,,,,,Не оценён,"Прибыль = выручка - себестоимость проданного - комиссия - доставка - прочие расходы. Заполните цены и расходы, включая явные нули."
IEK:030200972_,IEK,030200972_,BR-V14-0-10-K53,"Выкл. 1-кл. самовозвратн. 10А ""BRITE"" графит (1/100)",шт,,1.0,minimum,0.0,,2026-09-01,monthly_balance_proxy,3,986,"[[1, ""Лист7"", 630], [3, ""Лист_1"", 986], [4, ""Лист_1"", 882], [5, ""Лист4"", 1977]]",2026-09-22,deficit,2.0,2.0,1.0306760107701596,2.921594628473648,0.0,0.0,0.8924212902110662,1.0,3,0.0,8.0,1.0306760107701596,высокая,Прогноз 30 дней 1.03; остаток 0; поступления в срок 0; нехватка 2; заказ с учётом MOQ 2 шт. Остаток на начало сентября: требуется актуализация.,"[""blank_stock_assumed_zero"", ""category_missing"", ""daily_stockout_data_missing"", ""new_order_lead_time_unknown"", ""reservations_unknown"", ""stale_stock"", ""stockout_proxy_used""]",draft,,,,,Высокий,Критический,Остаток на начало сентября; Резервы неизвестны; Stockout оценён по месячным снимкам; Нет ежедневных данных доступности,Нет запаса,"Подтвердить наличие, срок и цену закупки",0.0,KZT,2.0,1.0306760107701596,,,,,,,,Нужны цены,,,,,,,,,,,Не оценён,"Прибыль = выручка - себестоимость проданного - комиссия - доставка - прочие расходы. Заполните цены и расходы, включая явные нули."
IEK:030201095_,IEK,030201095_,BR-M12-M-01-K47,"Рамка 1-мест. ""BRITE""  металл алюм. RE  IEK  (1/100)",шт,,1.0,minimum,1.0,,2026-09-01,monthly_balance_proxy,3,167,"[[1, ""Лист7"", 866], [3, ""Лист_1"", 167], [4, ""Лист_1"", 156], [5, ""Лист4"", 2290]]",2026-09-22,deficit,3.0,3.0,3.0731305678395135,8.711216391743765,0.0,0.0,2.660901309121466,1.0,0,0.0,14.0,2.0731305678395135,высокая,Прогноз 30 дней 3.07; остаток 1; поступления в срок 0; нехватка 3; заказ с учётом MOQ 3 шт. Остаток на начало сентября: требуется актуализация.,"[""category_missing"", ""daily_stockout_data_missing"", ""new_order_lead_time_unknown"", ""reservations_unknown"", ""stale_stock""]",draft,,,,,Высокий,Высокий,Остаток на начало сентября; Резервы неизвестны; Нет ежедневных данных доступности,Запаса примерно на 9.8 дн. без поступлений,"Подтвердить наличие, срок и цену закупки",9.76203234380983,KZT,3.0,2.0731305678395135,,,,,,,,Нужны цены,,,,,,,,,,,Не оценён,"Прибыль = выручка - себестоимость проданного - комиссия - доставка - прочие расходы. Заполните цены и расходы, включая явные нули."
IEK:030201462_,IEK,030201462_,TS-R16-16-55-K53,Розетка 1-я о/у з/к c крышкой графит IP55 TORS IEK (1/60),шт,,1.0,minimum,1.0,,2026-09-01,monthly_balance_proxy,3,297,"[[1, ""Лист7"", 1915], [3, ""Лист_1"", 297], [4, ""Лист_1"", 278], [5, ""Лист4"", 2618]]",2026-09-22,deficit,57.0,57.0,57.09438287742277,161.84197612793199,0.0,0.0,49.43575119517995,1.0,8,0.0,186.0,56.09438287742277,высокая,Прогноз 30 дней 57.09; остаток 1; поступления в срок 0; нехватка 57; заказ с учётом MOQ 57 шт. Остаток на начало сентября: требуется актуализация.,"[""category_missing"", ""daily_stockout_data_missing"", ""new_order_lead_time_unknown"", ""reservations_unknown"", ""stale_stock"", ""stockout_proxy_used""]",draft,,,,,Высокий,Критический,Остаток на начало сентября; Резервы неизвестны; Stockout оценён по месячным снимкам; Нет ежедневных данных доступности,Запаса примерно на 0.5 дн. без поступлений,"Подтвердить наличие, срок и цену закупки",0.5254457354308861,KZT,57.0,56.09438287742277,,,,,,,,Нужны цены,,,,,,,,,,,Не оценён,"Прибыль = выручка - себестоимость проданного - комиссия - доставка - прочие расходы. Заполните цены и расходы, включая явные нули."
IEK:080800024_,IEK,080800024_,BLS30-ALTE-K06,Индикатор AL-22TE Ø22мм (зеленый неон) IEK (10/300),шт,,10.0,minimum,1.0,,2026-09-01,monthly_balance_proxy,3,1191,"[[1, ""Лист7"", 351], [3, ""Лист_1"", 1191], [4, ""Лист_1"", 1040], [5, ""Лист4"", 254]]",2026-09-22,deficit,10.0,1.0,1.6333970134675864,4.630091212801095,0.0,0.0,1.4142933908944029,1.0,0,0.0,11.0,0.6333970134675864,высокая,Прогноз 30 дней 1.63; остаток 1; поступления в срок 0; нехватка 1; заказ с учётом MOQ 10 шт. Остаток на начало сентября: требуется актуализация.,"[""category_missing"", ""daily_stockout_data_missing"", ""new_order_lead_time_unknown"", ""reservations_unknown"", ""stale_stock""]",draft,,,,,Высокий,Средний,Остаток на начало сентября; Резервы неизвестны; Нет ежедневных данных доступности,Запаса примерно на 18.4 дн. без поступлений,"Подтвердить наличие, срок и цену закупки",18.366630863559692,KZT,10.0,0.6333970134675864,,,,,,,,Нужны цены,,,,,,,,,,,Не оценён,"Прибыль = выручка - себестоимость проданного - комиссия - доставка - прочие расходы. Заполните цены и расходы, включая явные нули."
IEK:080800137_,IEK,080800137_,LSR5-1-120-65-2-10-S0,"Светодиодная лента ""Неон"" (лента LED 10м LSR5-2835WW120-8-IP65-220В - 3000K+ драйвер) IEK",шт,,1.0,minimum,0.0,,2026-09-01,monthly_balance_proxy,3,2252,"[[1, ""Лист7"", 41], [3, ""Лист_1"", 2252], [4, ""Лист_1"", 1944], [5, ""Лист4"", 1702]]",2026-09-22,deficit,1.0,1.0,0.0842802171066006,0.23890400767283113,0.0,0.0,0.07297488182861554,1.0,2,0.0,2.0,0.0842802171066006,высокая,Прогноз 30 дней 0.08; остаток 0; поступления в срок 0; нехватка 1; заказ с учётом MOQ 1 шт. Остаток на начало сентября: требуется актуализация.,"[""blank_stock_assumed_zero"", ""category_missing"", ""daily_stockout_data_missing"", ""new_order_lead_time_unknown"", ""reservations_unknown"", ""stale_stock""]",draft,,,,,Высокий,Критический,Остаток на начало сентября; Резервы неизвестны; Нет ежедневных данных доступности,Нет запаса,"Подтвердить наличие, срок и цену закупки",0.0,KZT,1.0,0.0842802171066006,,,,,,,,Нужны цены,,,,,,,,,,,Не оценён,"Прибыль = выручка - себестоимость проданного - комиссия - доставка - прочие расходы. Заполните цены и расходы, включая явные нули."
IEK:080800140_,IEK,080800140_,LSR5-RGB-060-65-2-05-S0,"Светодиодная лента ""Неон"" LED 5м LSR5-5050RGB60-8-IP65-220В+драйвер IEK",шт,,1.0,minimum,0.0,,2026-09-01,monthly_balance_proxy,3,2257,"[[1, ""Лист7"", 46], [3, ""Лист_1"", 2257], [4, ""Лист_1"", 1949], [5, ""Лист4"", 1705]]",2026-09-22,deficit,1.0,1.0,0.035646968637373676,0.10104629486282299,0.0,0.0,0.03086528978171059,1.0,4,0.0,1.0,0.035646968637373676,высокая,Прогноз 30 дней 0.04; остаток 0; поступления в срок 0; нехватка 1; заказ с учётом MOQ 1 шт. Остаток на начало сентября: требуется актуализация.,"[""blank_stock_assumed_zero"", ""category_missing"", ""daily_stockout_data_missing"", ""new_order_lead_time_unknown"", ""reservations_unknown"", ""stale_stock""]",draft,,,,,Высокий,Критический,Остаток на начало сентября; Резервы неизвестны; Нет ежедневных данных доступности,Нет запаса,"Подтвердить наличие, срок и цену закупки",0.0,KZT,1.0,0.035646968637373676,,,,,,,,Нужны цены,,,,,,,,,,,Не оценён,"Прибыль = выручка - себестоимость проданного - комиссия - доставка - прочие расходы. Заполните цены и расходы, включая явные нули."
IEK:081100278_,IEK,081100278_,LLE-A60-11-230-40-E27,"LED A60 ""ECO"" 11w 230v 4000K E27 IEK(1)",шт,,10.0,minimum,3.0,,2026-09-01,monthly_balance_proxy,3,62,"[[1, ""Лист7"", 61], [3, ""Лист_1"", 62], [4, ""Лист_1"", 56], [5, ""Лист4"", 854]]",2026-09-22,deficit,10.0,4.0,6.467415452425803,18.332789400808448,0.0,0.0,5.599877344648801,1.0,0,0.0,65.0,3.4674154524258034,высокая,Прогноз 30 дней 6.47; остаток 3; поступления в срок 0; нехватка 4; заказ с учётом MOQ 10 шт. Остаток на начало сентября: требуется актуализация.,"[""category_missing"", ""daily_stockout_data_missing"", ""new_order_lead_time_unknown"", ""reservations_unknown"", ""stale_stock""]",draft,,,,,Высокий,Высокий,Остаток на начало сентября; Резервы неизвестны; Нет ежедневных данных доступности,Запаса примерно на 13.9 дн. без поступлений,"Подтвердить наличие, срок и цену закупки",13.915914427028609,KZT,10.0,3.4674154524258034,,,,,,,,Нужны цены,,,,,,,,,,,Не оценён,"Прибыль = выручка - себестоимость проданного - комиссия - доставка - прочие расходы. Заполните цены и расходы, включая явные нули."
IEK:081100375_,IEK,081100375_,LPDO601-100-65-K02,LED ПРОЖЕКТОР СДО 06-100 100W 8000Lm 6500K IP65 IEK,шт,,,,0.0,,2026-09-01,monthly_balance_proxy,3,604,"[[3, ""Лист_1"", 604], [4, ""Лист_1"", 543], [5, ""Лист4"", 1120]]",2026-09-22,deficit,1.0,1.0,0.035646968637373676,0.10104629486282299,0.0,0.0,0.03086528978171059,1.0,9,0.0,1.0,0.035646968637373676,высокая,Прогноз 30 дней 0.04; остаток 0; поступления в срок 0; нехватка 1; заказ с учётом MOQ 1 шт. Остаток на начало сентября: требуется актуализация.,"[""blank_stock_assumed_zero"", ""category_missing"", ""daily_stockout_data_missing"", ""moq_missing"", ""new_order_lead_time_unknown"", ""reservations_unknown"", ""stale_stock""]",draft,,,,,Высокий,Критический,Остаток на начало сентября; Резервы неизвестны; Нет ежедневных данных доступности,Нет запаса,"Подтвердить наличие, срок и цену закупки",0.0,KZT,1.0,0.035646968637373676,,,,,,,,Нужны цены,,,,,,,,,,,Не оценён,"Прибыль = выручка - себестоимость проданного - комиссия - доставка - прочие расходы. Заполните цены и расходы, включая явные нули."
IEK:081100392_,IEK,081100392_,LLE-T8-18-230-40-G13,LED Лампа T8  18w 230v 4000K G13  IEK (20),шт,,,,1.0,,2026-09-01,monthly_balance_proxy,3,600,"[[3, ""Лист_1"", 600], [4, ""Лист_1"", 539], [5, ""Лист4"", 856]]",2026-09-22,deficit,16.0,16.0,16.765094205600167,47.522993321961515,0.0,0.0,14.51622706372293,1.0,0,0.0,404.0,15.765094205600167,высокая,Прогноз 30 дней 16.77; остаток 1; поступления в срок 0; нехватка 16; заказ с учётом MOQ 16 шт. Остаток на начало сентября: требуется актуализация.,"[""category_missing"", ""daily_stockout_data_missing"", ""moq_missing"", ""new_order_lead_time_unknown"", ""reservations_unknown"", ""stale_stock""]",draft,,,,,Высокий,Критический,Остаток на начало сентября; Резервы неизвестны; Нет ежедневных данных доступности,Запаса примерно на 1.8 дн. без поступлений,"Подтвердить наличие, срок и цену закупки",1.7894322353392371,KZT,16.0,15.765094205600167,,,,,,,,Нужны цены,,,,,,,,,,,Не оценён,"Прибыль = выручка - себестоимость проданного - комиссия - доставка - прочие расходы. Заполните цены и расходы, включая явные нули."
IEK:081100604_,IEK,081100604_,LPDO601-150-65-K02,LED ПРОЖЕКТОР СДО 06-150 150W 12000Lm 6500K IP65 IEK,шт,,,,0.0,,2026-09-01,monthly_balance_proxy,3,605,"[[3, ""Лист_1"", 605], [4, ""Лист_1"", 544], [5, ""Лист4"", 1121]]",2026-09-22,deficit,1.0,1.0,0.23283114124634793,0.6599922812780125,0.0,0.0,0.20159920799662087,1.0,0,0.0,1.0,0.23283114124634793,высокая,Прогноз 30 дней 0.23; остаток 0; поступления в срок 0; нехватка 1; заказ с учётом MOQ 1 шт. Остаток на начало сентября: требуется актуализация.,"[""blank_stock_assumed_zero"", ""category_missing"", ""daily_stockout_data_missing"", ""moq_missing"", ""new_order_lead_time_unknown"", ""reservations_unknown"", ""stale_stock""]",draft,,,,,Высокий,Критический,Остаток на начало сентября; Резервы неизвестны; Нет ежедневных данных доступности,Нет запаса,"Подтвердить наличие, срок и цену закупки",0.0,KZT,1.0,0.23283114124634793,,,,,,,,Нужны цены,,,,,,,,,,,Не оценён,"Прибыль = выручка - себестоимость проданного - комиссия - доставка - прочие расходы. Заполните цены и расходы, включая явные нули."
IEK:081100702_,IEK,081100702_,LLF-A60-11-230-30-E27-CLG,Лампа филаментная LED A60 шар золото 11Вт 230В 2700К E27 серия 360° IEK,шт,,10.0,minimum,3.0,,2026-09-01,monthly_balance_proxy,3,1480,"[[1, ""Лист7"", 71], [3, ""Лист_1"", 1480], [4, ""Лист_1"", 1280], [5, ""Лист4"", 1245]]",2026-09-22,deficit,10.0,4.0,6.598257458507232,18.703679280995512,0.0,0.0,5.7131682242858925,1.0,0,0.0,139.0,3.5982574585072324,высокая,Прогноз 30 дней 6.60; остаток 3; поступления в срок 0; нехватка 4; заказ с учётом MOQ 10 шт. Остаток на начало сентября: требуется актуализация.,"[""category_missing"", ""daily_stockout_data_missing"", ""negative_net_sales_clipped_for_forecast"", ""new_order_lead_time_unknown"", ""reservations_unknown"", ""stale_stock""]",draft,,,,,Высокий,Высокий,Остаток на начало сентября; Резервы неизвестны; Нет ежедневных данных доступности,Запаса примерно на 13.6 дн. без поступлений,"Подтвердить наличие, срок и цену закупки",13.63996487950946,KZT,10.0,3.5982574585072324,,,,,,,,Нужны цены,,,,,,,,,,,Не оценён,"Прибыль = выручка - себестоимость проданного - комиссия - доставка - прочие расходы. Заполните цены и расходы, включая явные нули."
IEK:081100719_,IEK,081100719_,LLF-CT35-7-230-30-E14-CL,Лампа филаментная LED CT35 свеча вит. 7Вт 230В 3000К E14 серия 360° IEK,шт,,,minimum,2.0,,2026-09-01,monthly_balance_proxy,3,1496,"[[1, ""Лист7"", 89], [3, ""Лист_1"", 1496], [4, ""Лист_1"", 1296], [5, ""Лист4"", 1262]]",2026-09-22,deficit,2.0,2.0,3.73625094606168,10.590923413931668,0.0,0.0,3.235070822445125,0.75,0,0.0,125.0,1.7362509460616802,высокая,Прогноз 30 дней 3.74; остаток 2; поступления в срок 0; нехватка 2; заказ с учётом MOQ 2 шт. Остаток на начало сентября: требуется актуализация.,"[""category_missing"", ""daily_stockout_data_missing"", ""moq_missing"", ""new_order_lead_time_unknown"", ""reservations_unknown"", ""stale_stock""]",draft,,,,,Высокий,Средний,Остаток на начало сентября; Резервы неизвестны; Нет ежедневных данных доступности,Запаса примерно на 16.1 дн. без поступлений,"Подтвердить наличие, срок и цену закупки",16.05887850312758,KZT,2.0,1.7362509460616802,,,,,,,,Нужны цены,,,,,,,,,,,Не оценён,"Прибыль = выручка - себестоимость проданного - комиссия - доставка - прочие расходы. Заполните цены и расходы, включая явные нули."
IEK:081100749_,IEK,081100749_,LUVB0-GX53-1-K01,Светильник встраиваемый под лампу GX53 белый IEK,шт,,10.0,minimum,91.0,,2026-09-01,monthly_balance_proxy,3,2206,"[[1, ""Лист7"", 68], [3, ""Лист_1"", 2206], [4, ""Лист_1"", 1905], [5, ""Лист4"", 1413]]",2026-09-22,deficit,62.0,62.0,152.58716316518166,432.5295549901367,0.0,0.0,132.11914471528752,0.8882482445585814,0,32.0,1760.0,61.587163165181664,высокая,Прогноз 30 дней 152.59; остаток 91; поступления в срок 0; нехватка 62; заказ с учётом MOQ 62 шт. Остаток на начало сентября: требуется актуализация.,"[""category_missing"", ""daily_stockout_data_missing"", ""large_orders_detected"", ""negative_net_sales_clipped_for_forecast"", ""new_order_lead_time_unknown"", ""reservations_unknown"", ""stale_stock""]",draft,,,,,Высокий,Средний,Остаток на начало сентября; Резервы неизвестны; Нет ежедневных данных доступности,Запаса примерно на 17.9 дн. без поступлений,"Подтвердить наличие, срок и цену закупки",17.89141329696697,KZT,62.0,61.587163165181664,,,,,,,,Нужны цены,,,,,,,,,,,Не оценён,"Прибыль = выручка - себестоимость проданного - комиссия - доставка - прочие расходы. Заполните цены и расходы, включая явные нули."
IEK:081100769_,IEK,081100769_,LDPA0-5030-3H-K01,"Светильник аварийный ДПА 5030-3, NI-CD, пост.,3ч,IP20, IEK",шт,,1.0,minimum,0.0,,2026-09-01,monthly_balance_proxy,3,2205,"[[1, ""Лист7"", 3], [3, ""Лист_1"", 2205], [4, ""Лист_1"", 1904], [5, ""Лист4"", 1432]]",2026-09-22,deficit,25.0,25.0,24.46355108017743,69.34534100180541,0.0,0.0,21.18201412469351,1.25,0,0.0,198.0,24.46355108017743,высокая,Прогноз 30 дней 24.46; остаток 0; поступления в срок 0; нехватка 25; заказ с учётом MOQ 25 шт. Остаток на начало сентября: требуется актуализация.,"[""blank_stock_assumed_zero"", ""category_missing"", ""daily_stockout_data_missing"", ""negative_net_sales_clipped_for_forecast"", ""new_order_lead_time_unknown"", ""reservations_unknown"", ""stale_stock""]",draft,,,,,Высокий,Критический,Остаток на начало сентября; Резервы неизвестны; Нет ежедневных данных доступности,Нет запаса,"Подтвердить наличие, срок и цену закупки",0.0,KZT,25.0,24.46355108017743,,,,,,,,Нужны цены,,,,,,,,,,,Не оценён,"Прибыль = выручка - себестоимость проданного - комиссия - доставка - прочие расходы. Заполните цены и расходы, включая явные нули."
IEK:081100772_,IEK,081100772_,LDD11-022-2000-001,Датчик движения ДД 022 белый 2000Вт 360гр 4мх20м IP20 IEK,шт,,1.0,minimum,0.0,,2026-09-01,monthly_balance_proxy,3,1050,"[[1, ""Лист7"", 108], [3, ""Лист_1"", 1050], [4, ""Лист_1"", 936], [5, ""Лист4"", 1434]]",2026-09-22,deficit,3.0,3.0,2.4932391976918566,7.067433578892973,0.0,0.0,2.1587964776111876,1.0,6,0.0,13.0,2.4932391976918566,высокая,Прогноз 30 дней 2.49; остаток 0; поступления в срок 0; нехватка 3; заказ с учётом MOQ 3 шт. Остаток на начало сентября: требуется актуализация.,"[""blank_stock_assumed_zero"", ""category_missing"", ""daily_stockout_data_missing"", ""new_order_lead_time_unknown"", ""reservations_unknown"", ""stale_stock"", ""stockout_proxy_used""]",draft,,,,,Высокий,Критический,Остаток на начало сентября; Резервы неизвестны; Stockout оценён по месячным снимкам; Нет ежедневных данных доступности,Нет запаса,"Подтвердить наличие, срок и цену закупки",0.0,KZT,3.0,2.4932391976918566,,,,,,,,Нужны цены,,,,,,,,,,,Не оценён,"Прибыль = выручка - себестоимость проданного - комиссия - доставка - прочие расходы. Заполните цены и расходы, включая явные нули."
IEK:081100774_,IEK,081100774_,LDD11-201-1200-001,"Датчик движения ДД 201 белый, 1200Вт, 360 гр.,6М,IP20,IEK",шт,,1.0,minimum,4.0,,2026-09-01,monthly_balance_proxy,3,1057,"[[1, ""Лист7"", 112], [3, ""Лист_1"", 1057], [4, ""Лист_1"", 943], [5, ""Лист4"", 1435]]",2026-09-22,deficit,1.0,1.0,4.919643128580103,13.945413290182943,0.0,0.0,4.259722960763195,1.0,6,0.0,67.0,0.9196431285801028,высокая,Прогноз 30 дней 4.92; остаток 4; поступления в срок 0; нехватка 1; заказ с учётом MOQ 1 шт. Остаток на начало сентября: требуется актуализация.,"[""category_missing"", ""daily_stockout_data_missing"", ""new_order_lead_time_unknown"", ""reservations_unknown"", ""stale_stock"", ""stockout_proxy_used""]",draft,,,,,Высокий,Средний,Остаток на начало сентября; Резервы неизвестны; Stockout оценён по месячным снимкам; Нет ежедневных данных доступности,Запаса примерно на 24.4 дн. без поступлений,"Подтвердить наличие, срок и цену закупки",24.39201317324701,KZT,1.0,0.9196431285801028,,,,,,,,Нужны цены,,,,,,,,,,,Не оценён,"Прибыль = выручка - себестоимость проданного - комиссия - доставка - прочие расходы. Заполните цены и расходы, включая явные нули."
IEK:120100308_,IEK,120100308_,MKK21-40-40,Контактор КМ 40-40М AC/DC IEK E-PRO,шт,,1.0,minimum,1.0,,2026-09-01,monthly_balance_proxy,3,1429,"[[1, ""Лист7"", 338], [3, ""Лист_1"", 1429], [4, ""Лист_1"", 1238], [5, ""Лист4"", 2501]]",2026-09-22,deficit,17.0,17.0,17.072756307291503,48.39510437751476,0.0,0.0,14.782619418712603,1.25,2,0.0,100.0,16.072756307291503,высокая,Прогноз 30 дней 17.07; остаток 1; поступления в срок 0; нехватка 17; заказ с учётом MOQ 17 шт. Остаток на начало сентября: требуется актуализация.,"[""category_missing"", ""daily_stockout_data_missing"", ""large_orders_detected"", ""negative_net_sales_clipped_for_forecast"", ""new_order_lead_time_unknown"", ""reservations_unknown"", ""stale_stock"", ""stockout_proxy_used"", ""transaction_month_mismatch""]",draft,,,,,Высокий,Критический,Остаток на начало сентября; Резервы неизвестны; Детальные и месячные продажи расходятся; Stockout оценён по месячным снимкам; Нет ежедневных данных доступности,Запаса примерно на 1.8 дн. без поступлений,"Подтвердить наличие, срок и цену закупки",1.757185510062454,KZT,17.0,16.072756307291503,,,,,,,,Нужны цены,,,,,,,,,,,Не оценён,"Прибыль = выручка - себестоимость проданного - комиссия - доставка - прочие расходы. Заполните цены и расходы, включая явные нули."
IEK:130200015_,IEK,130200015_,YNS21-3-063,Шина соединительная PIN (штырь) 3ф  63А (1м) IEK (10),м,,10.0,minimum,43.2,,2026-09-01,monthly_balance_proxy,3,2605,"[[1, ""Лист7"", 1277], [3, ""Лист_1"", 2605], [4, ""Лист_1"", 2228], [5, ""Лист4"", 617]]",2026-09-22,deficit,15.148,15.148,138.3473433246445,392.16480338845923,80.0,80.0,119.78945210415411,1.2293172615228247,0,0.0,1112.0,15.147343324644496,высокая,Прогноз 30 дней 138.35; остаток 43.2; поступления в срок 80; нехватка 15.148; заказ с учётом MOQ 15.148 м. Остаток на начало сентября: требуется актуализация.,"[""category_missing"", ""daily_stockout_data_missing"", ""large_orders_detected"", ""new_order_lead_time_unknown"", ""reservations_unknown"", ""stale_stock"", ""transaction_month_mismatch""]",draft,,,,,Высокий,Высокий,Остаток на начало сентября; Резервы неизвестны; Детальные и месячные продажи расходятся; Нет ежедневных данных доступности,Запаса примерно на 9.4 дн. без поступлений,"Подтвердить наличие, срок и цену закупки",9.367725963185425,KZT,15.148,15.147343324644496,,,,,,,,Нужны цены,,,,,,,,,,,Не оценён,"Прибыль = выручка - себестоимость проданного - комиссия - доставка - прочие расходы. Заполните цены и расходы, включая явные нули."
IEK:130200032_,IEK,130200032_,MRD10-16,Розетка на дин-рейку РАр10-3-ОП с заземлением IEK,шт,,5.0,minimum,0.0,,2026-09-01,monthly_balance_proxy,3,2180,"[[1, ""Лист7"", 1415], [3, ""Лист_1"", 2180], [4, ""Лист_1"", 1883], [5, ""Лист4"", 666]]",2026-09-22,deficit,66.0,66.0,65.37906113948097,185.326049935932,0.0,0.0,56.60912399744876,1.0,1,255.0,1765.0,65.37906113948097,высокая,Прогноз 30 дней 65.38; остаток 0; поступления в срок 0; нехватка 66; заказ с учётом MOQ 66 шт. Остаток на начало сентября: требуется актуализация.,"[""blank_stock_assumed_zero"", ""category_missing"", ""daily_stockout_data_missing"", ""large_orders_detected"", ""new_order_lead_time_unknown"", ""reservations_unknown"", ""stale_stock"", ""stockout_proxy_used"", ""transaction_month_mismatch""]",draft,,,,,Высокий,Критический,Остаток на начало сентября; Резервы неизвестны; Детальные и месячные продажи расходятся; Stockout оценён по месячным снимкам; Нет ежедневных данных доступности,Нет запаса,"Подтвердить наличие, срок и цену закупки",0.0,KZT,66.0,65.37906113948097,,,,,,,,Нужны цены,,,,,,,,,,,Не оценён,"Прибыль = выручка - себестоимость проданного - комиссия - доставка - прочие расходы. Заполните цены и расходы, включая явные нули."
IEK:130200034_,IEK,130200034_,YDN10-0060,DIN-рейка  (60см) IEK (20),шт,,,,0.0,,2026-09-01,monthly_balance_proxy,3,536,"[[3, ""Лист_1"", 536], [4, ""Лист_1"", 489], [5, ""Лист4"", 662]]",2026-09-22,deficit,1.0,1.0,0.06960368702609994,0.19730134010343464,0.0,0.0,0.06026705922151439,1.0,11,0.0,2.0,0.06960368702609994,высокая,Прогноз 30 дней 0.07; остаток 0; поступления в срок 0; нехватка 1; заказ с учётом MOQ 1 шт. Остаток на начало сентября: требуется актуализация.,"[""blank_stock_assumed_zero"", ""category_missing"", ""daily_stockout_data_missing"", ""moq_missing"", ""new_order_lead_time_unknown"", ""reservations_unknown"", ""stale_stock""]",draft,,,,,Высокий,Критический,Остаток на начало сентября; Резервы неизвестны; Нет ежедневных данных доступности,Нет запаса,"Подтвердить наличие, срок и цену закупки",0.0,KZT,1.0,0.06960368702609994,,,,,,,,Нужны цены,,,,,,,,,,,Не оценён,"Прибыль = выручка - себестоимость проданного - комиссия - доставка - прочие расходы. Заполните цены и расходы, включая явные нули."
IEK:130200085_,IEK,130200085_,MBD10-11-K51,Кнопка управления модульная КМУ-11 IEK (12/144),шт,,12.0,minimum,0.0,,2026-09-01,monthly_balance_proxy,3,93,"[[1, ""Лист7"", 356], [3, ""Лист_1"", 93], [4, ""Лист_1"", 86], [5, ""Лист4"", 263]]",2026-09-22,deficit,12.0,7.0,6.746814355895043,19.124784486603808,0.0,0.0,5.841797722451383,1.25,0,0.0,39.0,6.746814355895043,высокая,Прогноз 30 дней 6.75; остаток 0; поступления в срок 0; нехватка 7; заказ с учётом MOQ 12 шт. Остаток на начало сентября: требуется актуализация.,"[""blank_stock_assumed_zero"", ""category_missing"", ""daily_stockout_data_missing"", ""new_order_lead_time_unknown"", ""reservations_unknown"", ""stale_stock""]",draft,,,,,Высокий,Критический,Остаток на начало сентября; Резервы неизвестны; Нет ежедневных данных доступности,Нет запаса,"Подтвердить наличие, срок и цену закупки",0.0,KZT,12.0,6.746814355895043,,,,,,,,Нужны цены,,,,,,,,,,,Не оценён,"Прибыль = выручка - себестоимость проданного - комиссия - доставка - прочие расходы. Заполните цены и расходы, включая явные нули."
IEK:130200121_,IEK,130200121_,YNN10-812-8DP-K07,"Шина ""N"" нулевая 8х12мм комб с изол ""Стойка"" ШНИ  8 КС IEK (20)",шт,,20.0,minimum,7.0,,2026-09-01,monthly_balance_proxy,3,2596,"[[1, ""Лист7"", 1271], [3, ""Лист_1"", 2596], [4, ""Лист_1"", 2219], [5, ""Лист4"", 612]]",2026-09-22,deficit,56.0,56.0,62.57907880672291,177.3891102403103,0.0,0.0,54.18473086143221,0.75,0,320.0,1526.0,55.57907880672291,высокая,Прогноз 30 дней 62.58; остаток 7; поступления в срок 0; нехватка 56; заказ с учётом MOQ 56 шт. Остаток на начало сентября: требуется актуализация.,"[""category_missing"", ""daily_stockout_data_missing"", ""large_orders_detected"", ""new_order_lead_time_unknown"", ""reservations_unknown"", ""stale_stock"", ""transaction_month_mismatch""]",draft,,,,,Высокий,Критический,Остаток на начало сентября; Резервы неизвестны; Детальные и месячные продажи расходятся; Нет ежедневных данных доступности,Запаса примерно на 3.4 дн. без поступлений,"Подтвердить наличие, срок и цену закупки",3.3557540955275225,KZT,56.0,55.57907880672291,,,,,,,,Нужны цены,,,,,,,,,,,Не оценён,"Прибыль = выручка - себестоимость проданного - комиссия - доставка - прочие расходы. Заполните цены и расходы, включая явные нули."
IEK:130200122_,IEK,130200122_,YNN10-812-10DP-K07,"Шина ""N"" нулевая 8х12мм комб с изол ""Стойка"" ШНИ 10 КС IEK (20)",шт,,20.0,minimum,18.0,,2026-09-01,monthly_balance_proxy,3,2597,"[[1, ""Лист7"", 1272], [3, ""Лист_1"", 2597], [4, ""Лист_1"", 2220], [5, ""Лист4"", 613]]",2026-09-22,deficit,76.0,76.0,213.97917940890918,606.5537711497963,120.0,120.0,185.27604540219383,1.25,0,0.0,1525.0,75.97917940890918,высокая,Прогноз 30 дней 213.98; остаток 18; поступления в срок 120; нехватка 76; заказ с учётом MOQ 76 шт. Остаток на начало сентября: требуется актуализация.,"[""category_missing"", ""daily_stockout_data_missing"", ""large_orders_detected"", ""new_order_lead_time_unknown"", ""reservations_unknown"", ""stale_stock"", ""transaction_month_mismatch""]",draft,,,,,Высокий,Критический,Остаток на начало сентября; Резервы неизвестны; Детальные и месячные продажи расходятся; Нет ежедневных данных доступности,Запаса примерно на 2.5 дн. без поступлений,"Подтвердить наличие, срок и цену закупки",2.523610014262522,KZT,76.0,75.97917940890918,,,,,,,,Нужны цены,,,,,,,,,,,Не оценён,"Прибыль = выручка - себестоимость проданного - комиссия - доставка - прочие расходы. Заполните цены и расходы, включая явные нули."
IEK:130200125_,IEK,130200125_,YNN10-69-12P-K07,"Шина ""N"" нулевая 6х9мм комб с изол ""Стойка"" ШНИ 12С IEK (20)",шт,,10.0,minimum,6.0,,2026-09-01,monthly_balance_proxy,3,2588,"[[1, ""Лист7"", 1264], [3, ""Лист_1"", 2588], [4, ""Лист_1"", 2212], [5, ""Лист4"", 605]]",2026-09-22,deficit,10.0,3.0,28.037553145662127,79.47634737777726,20.0,20.0,24.27660010628973,1.013902684751502,0,120.0,411.0,2.0375531456621268,высокая,Прогноз 30 дней 28.04; остаток 6; поступления в срок 20; нехватка 3; заказ с учётом MOQ 10 шт. Остаток на начало сентября: требуется актуализация.,"[""category_missing"", ""daily_stockout_data_missing"", ""large_orders_detected"", ""new_order_lead_time_unknown"", ""reservations_unknown"", ""stale_stock"", ""transaction_month_mismatch""]",draft,,,,,Высокий,Критический,Остаток на начало сентября; Резервы неизвестны; Детальные и месячные продажи расходятся; Нет ежедневных данных доступности,Запаса примерно на 6.4 дн. без поступлений,"Подтвердить наличие, срок и цену закупки",6.419961080942221,KZT,10.0,2.0375531456621268,,,,,,,,Нужны цены,,,,,,,,,,,Не оценён,"Прибыль = выручка - себестоимость проданного - комиссия - доставка - прочие расходы. Заполните цены и расходы, включая явные нули."
IEK:130200154_,IEK,130200154_,YNS21-3-063-22-12,Шина соединительная PIN (штырь) 3ф  63А (22см) IEK (10),шт,,10.0,minimum,15.0,,2026-09-01,monthly_balance_proxy,3,2606,"[[1, ""Лист7"", 1278], [3, ""Лист_1"", 2606], [4, ""Лист_1"", 2229], [5, ""Лист4"", 618]]",2026-09-22,deficit,10.0,10.0,24.265814383445118,68.78482880884818,0.0,0.0,21.010801797855635,1.0,0,0.0,242.0,9.265814383445118,высокая,Прогноз 30 дней 24.27; остаток 15; поступления в срок 0; нехватка 10; заказ с учётом MOQ 10 шт. Остаток на начало сентября: требуется актуализация.,"[""category_missing"", ""daily_stockout_data_missing"", ""large_orders_detected"", ""new_order_lead_time_unknown"", ""reservations_unknown"", ""stale_stock"", ""transaction_month_mismatch""]",draft,,,,,Высокий,Средний,Остаток на начало сентября; Резервы неизвестны; Детальные и месячные продажи расходятся; Нет ежедневных данных доступности,Запаса примерно на 18.5 дн. без поступлений,"Подтвердить наличие, срок и цену закупки",18.544607359520718,KZT,10.0,9.265814383445118,,,,,,,,Нужны цены,,,,,,,,,,,Не оценён,"Прибыль = выручка - себестоимость проданного - комиссия - доставка - прочие расходы. Заполните цены и расходы, включая явные нули."
IEK:130200300_,IEK,130200300_,LDD11-026-2000-001,"Датчик движения ДД 026 белый,до 2000 Вт,дальность 6 м IP20 IEK  (50)",шт,,1.0,minimum,0.0,,2026-09-01,monthly_balance_proxy,3,1052,"[[1, ""Лист7"", 110], [3, ""Лист_1"", 1052], [4, ""Лист_1"", 938], [5, ""Лист4"", 883]]",2026-09-22,deficit,8.0,8.0,7.548185723441969,21.39638318335448,0.0,0.0,6.535673258789945,1.0,3,0.0,57.0,7.548185723441969,высокая,Прогноз 30 дней 7.55; остаток 0; поступления в срок 0; нехватка 8; заказ с учётом MOQ 8 шт. Остаток на начало сентября: требуется актуализация.,"[""blank_stock_assumed_zero"", ""category_missing"", ""daily_stockout_data_missing"", ""new_order_lead_time_unknown"", ""reservations_unknown"", ""stale_stock"", ""stockout_proxy_used""]",draft,,,,,Высокий,Критический,Остаток на начало сентября; Резервы неизвестны; Stockout оценён по месячным снимкам; Нет ежедневных данных доступности,Нет запаса,"Подтвердить наличие, срок и цену закупки",0.0,KZT,8.0,7.548185723441969,,,,,,,,Нужны цены,,,,,,,,,,,Не оценён,"Прибыль = выручка - себестоимость проданного - комиссия - доставка - прочие расходы. Заполните цены и расходы, включая явные нули."
IEK:130200302_,IEK,130200302_,LDD11-401-800-001,"Датчик движения ДД 401 белый,до 800 Вт,дальность 8 м IP20 IEK (50)",шт,,1.0,minimum,0.0,,2026-09-01,monthly_balance_proxy,3,1058,"[[1, ""Лист7"", 113], [3, ""Лист_1"", 1058], [4, ""Лист_1"", 944], [5, ""Лист4"", 885]]",2026-09-22,deficit,2.0,2.0,1.318194728330374,3.7366064576340743,0.0,0.0,1.1413722914992261,1.0,0,0.0,31.0,1.318194728330374,высокая,Прогноз 30 дней 1.32; остаток 0; поступления в срок 0; нехватка 2; заказ с учётом MOQ 2 шт. Остаток на начало сентября: требуется актуализация.,"[""blank_stock_assumed_zero"", ""category_missing"", ""daily_stockout_data_missing"", ""new_order_lead_time_unknown"", ""reservations_unknown"", ""stale_stock""]",draft,,,,,Высокий,Критический,Остаток на начало сентября; Резервы неизвестны; Нет ежедневных данных доступности,Нет запаса,"Подтвердить наличие, срок и цену закупки",0.0,KZT,2.0,1.318194728330374,,,,,,,,Нужны цены,,,,,,,,,,,Не оценён,"Прибыль = выручка - себестоимость проданного - комиссия - доставка - прочие расходы. Заполните цены и расходы, включая явные нули."
IEK:130200420_,IEK,130200420_,A2L5-LN10-K4-160,Тонкогубцы 160мм K4 ARMA2L 5 IEK (1),шт,,1.0,minimum,1.0,,2026-09-01,monthly_balance_proxy,3,2418,"[[1, ""Лист7"", 1812], [3, ""Лист_1"", 2418], [4, ""Лист_1"", 2087], [5, ""Лист4"", 1489]]",2026-09-22,deficit,1.0,1.0,1.5019105184235022,4.257374438932872,0.0,0.0,1.300444473944362,1.0,0,0.0,18.0,0.5019105184235022,высокая,Прогноз 30 дней 1.50; остаток 1; поступления в срок 0; нехватка 1; заказ с учётом MOQ 1 шт. Остаток на начало сентября: требуется актуализация.,"[""category_missing"", ""daily_stockout_data_missing"", ""new_order_lead_time_unknown"", ""reservations_unknown"", ""stale_stock""]",draft,,,,,Высокий,Средний,Остаток на начало сентября; Резервы неизвестны; Нет ежедневных данных доступности,Запаса примерно на 20.0 дн. без поступлений,"Подтвердить наличие, срок и цену закупки",19.97455882490912,KZT,1.0,0.5019105184235022,,,,,,,,Нужны цены,,,,,,,,,,,Не оценён,"Прибыль = выручка - себестоимость проданного - комиссия - доставка - прочие расходы. Заполните цены и расходы, включая явные нули."
IEK:130200421_,IEK,130200421_,A2L5-LN10-K4-200,Тонкогубцы 200мм K4 ARMA2L 5 IEK (1),шт,,1.0,minimum,0.0,,2026-09-01,monthly_balance_proxy,3,2419,"[[1, ""Лист7"", 1813], [3, ""Лист_1"", 2419], [4, ""Лист_1"", 2088], [5, ""Лист4"", 1490]]",2026-09-22,deficit,2.0,2.0,1.7154980454552282,4.862818016899313,0.0,0.0,1.4853814031586288,1.0,2,0.0,6.0,1.7154980454552282,высокая,Прогноз 30 дней 1.72; остаток 0; поступления в срок 0; нехватка 2; заказ с учётом MOQ 2 шт. Остаток на начало сентября: требуется актуализация.,"[""blank_stock_assumed_zero"", ""category_missing"", ""daily_stockout_data_missing"", ""new_order_lead_time_unknown"", ""reservations_unknown"", ""stale_stock"", ""stockout_proxy_used""]",draft,,,,,Высокий,Критический,Остаток на начало сентября; Резервы неизвестны; Stockout оценён по месячным снимкам; Нет ежедневных данных доступности,Нет запаса,"Подтвердить наличие, срок и цену закупки",0.0,KZT,2.0,1.7154980454552282,,,,,,,,Нужны цены,,,,,,,,,,,Не оценён,"Прибыль = выручка - себестоимость проданного - комиссия - доставка - прочие расходы. Заполните цены и расходы, включая явные нули."
IEK:130200422_,IEK,130200422_,A2L5-PC10-K4-160,Бокорезы 160мм K4 ARMA2L 5 IEK (1),шт,,1.0,minimum,1.0,,2026-09-01,monthly_balance_proxy,3,686,"[[1, ""Лист7"", 1804], [3, ""Лист_1"", 686], [4, ""Лист_1"", 612], [5, ""Лист4"", 1491]]",2026-09-22,deficit,2.0,2.0,2.971304399118877,8.422575941725002,0.0,0.0,2.5727340869125994,0.75,0,0.0,58.0,1.971304399118877,высокая,Прогноз 30 дней 2.97; остаток 1; поступления в срок 0; нехватка 2; заказ с учётом MOQ 2 шт. Остаток на начало сентября: требуется актуализация.,"[""category_missing"", ""daily_stockout_data_missing"", ""new_order_lead_time_unknown"", ""reservations_unknown"", ""stale_stock""]",draft,,,,,Высокий,Высокий,Остаток на начало сентября; Резервы неизвестны; Нет ежедневных данных доступности,Запаса примерно на 10.1 дн. без поступлений,"Подтвердить наличие, срок и цену закупки",10.096575769516017,KZT,2.0,1.971304399118877,,,,,,,,Нужны цены,,,,,,,,,,,Не оценён,"Прибыль = выручка - себестоимость проданного - комиссия - доставка - прочие расходы. Заполните цены и расходы, включая явные нули."
IEK:130200431_,IEK,130200431_,A2L5-DM11-01,Мультиметр  цифровой DM1A ARMA2L IEK (40) NEW,шт,,1.0,minimum,1.0,,2026-09-01,monthly_balance_proxy,3,1550,"[[1, ""Лист7"", 1768], [3, ""Лист_1"", 1550], [4, ""Лист_1"", 1342], [5, ""Лист4"", 2003]]",2026-09-22,deficit,1.0,1.0,1.5948610511686152,4.520855663240176,0.0,0.0,1.3809266366137098,1.0,0,0.0,9.0,0.5948610511686152,высокая,Прогноз 30 дней 1.59; остаток 1; поступления в срок 0; нехватка 1; заказ с учётом MOQ 1 шт. Остаток на начало сентября: требуется актуализация.,"[""category_missing"", ""daily_stockout_data_missing"", ""new_order_lead_time_unknown"", ""reservations_unknown"", ""stale_stock""]",draft,,,,,Высокий,Средний,Остаток на начало сентября; Резервы неизвестны; Нет ежедневных данных доступности,Запаса примерно на 18.8 дн. без поступлений,"Подтвердить наличие, срок и цену закупки",18.8104161036586,KZT,1.0,0.5948610511686152,,,,,,,,Нужны цены,,,,,,,,,,,Не оценён,"Прибыль = выручка - себестоимость проданного - комиссия - доставка - прочие расходы. Заполните цены и расходы, включая явные нули."
IEK:130200435_,IEK,130200435_,A2L5-DM15-01,Мультиметр цифровой  цифровой DM1E IEK ARMA2L 5 IEK (40) NEW,шт,,1.0,minimum,0.0,,2026-09-01,monthly_balance_proxy,3,1552,"[[1, ""Лист7"", 1769], [3, ""Лист_1"", 1552], [4, ""Лист_1"", 1344], [5, ""Лист4"", 2007]]",2026-09-22,deficit,9.0,9.0,8.396634730812986,23.801430003660954,0.0,0.0,7.2703114476331665,1.25,0,0.0,55.0,8.396634730812986,высокая,Прогноз 30 дней 8.40; остаток 0; поступления в срок 0; нехватка 9; заказ с учётом MOQ 9 шт. Остаток на начало сентября: требуется актуализация.,"[""blank_stock_assumed_zero"", ""category_missing"", ""daily_stockout_data_missing"", ""new_order_lead_time_unknown"", ""reservations_unknown"", ""stale_stock""]",draft,,,,,Высокий,Критический,Остаток на начало сентября; Резервы неизвестны; Нет ежедневных данных доступности,Нет запаса,"Подтвердить наличие, срок и цену закупки",0.0,KZT,9.0,8.396634730812986,,,,,,,,Нужны цены,,,,,,,,,,,Не оценён,"Прибыль = выручка - себестоимость проданного - комиссия - доставка - прочие расходы. Заполните цены и расходы, включая явные нули."
IEK:130200443_,IEK,130200443_,A2L5-IT12-02,Пирометр инфракрасный IT2B ARMA2L 5 IEK (40) NEW,шт,,1.0,minimum,0.0,,2026-09-01,monthly_balance_proxy,3,1697,"[[1, ""Лист7"", 1778], [3, ""Лист_1"", 1697], [4, ""Лист_1"", 1462], [5, ""Лист4"", 2015]]",2026-09-22,deficit,2.0,2.0,1.0080763407902449,2.857532717913361,0.0,0.0,0.8728531364643344,1.0,3,0.0,8.0,1.0080763407902449,высокая,Прогноз 30 дней 1.01; остаток 0; поступления в срок 0; нехватка 2; заказ с учётом MOQ 2 шт. Остаток на начало сентября: требуется актуализация.,"[""blank_stock_assumed_zero"", ""category_missing"", ""daily_stockout_data_missing"", ""new_order_lead_time_unknown"", ""reservations_unknown"", ""stale_stock"", ""stockout_proxy_used""]",draft,,,,,Высокий,Критический,Остаток на начало сентября; Резервы неизвестны; Stockout оценён по месячным снимкам; Нет ежедневных данных доступности,Нет запаса,"Подтвердить наличие, срок и цену закупки",0.0,KZT,2.0,1.0080763407902449,,,,,,,,Нужны цены,,,,,,,,,,,Не оценён,"Прибыль = выручка - себестоимость проданного - комиссия - доставка - прочие расходы. Заполните цены и расходы, включая явные нули."
IEK:130200491_,IEK,130200491_,A2L5-NS50-T2-14,ARMA2L 5 Отвертка динамометрическая с жалами SLIM 14шт IEK,шт,,1.0,minimum,0.0,,2026-09-01,monthly_balance_proxy,3,1560,"[[1, ""Лист7"", 1909], [3, ""Лист_1"", 1560], [4, ""Лист_1"", 1352], [5, ""Лист4"", 2611]]",2026-09-22,deficit,2.0,2.0,1.499971689297225,4.251878557878431,0.0,0.0,1.2987657190569957,1.0,5,0.0,10.0,1.499971689297225,высокая,Прогноз 30 дней 1.50; остаток 0; поступления в срок 0; нехватка 2; заказ с учётом MOQ 2 шт. Остаток на начало сентября: требуется актуализация.,"[""blank_stock_assumed_zero"", ""category_missing"", ""daily_stockout_data_missing"", ""new_order_lead_time_unknown"", ""reservations_unknown"", ""stale_stock"", ""stockout_proxy_used""]",draft,,,,,Высокий,Критический,Остаток на начало сентября; Резервы неизвестны; Stockout оценён по месячным снимкам; Нет ежедневных данных доступности,Нет запаса,"Подтвердить наличие, срок и цену закупки",0.0,KZT,2.0,1.499971689297225,,,,,,,,Нужны цены,,,,,,,,,,,Не оценён,"Прибыль = выручка - себестоимость проданного - комиссия - доставка - прочие расходы. Заполните цены и расходы, включая явные нули."
IEK:130300021_,IEK,130300021_,BBT30-ABLFS-K06,Кнопка ABLFS-22 (зеленый неон) IEK (10/200),шт,,10.0,minimum,3.0,,2026-09-01,monthly_balance_proxy,3,1315,"[[1, ""Лист7"", 357], [3, ""Лист_1"", 1315], [4, ""Лист_1"", 1140], [5, ""Лист4"", 264]]",2026-09-22,deficit,22.0,22.0,24.94851091082118,70.72002715092366,0.0,0.0,21.601921518715628,1.0,1,22.0,334.0,21.94851091082118,высокая,Прогноз 30 дней 24.95; остаток 3; поступления в срок 0; нехватка 22; заказ с учётом MOQ 22 шт. Остаток на начало сентября: требуется актуализация.,"[""category_missing"", ""daily_stockout_data_missing"", ""large_orders_detected"", ""new_order_lead_time_unknown"", ""reservations_unknown"", ""stale_stock"", ""stockout_proxy_used""]",draft,,,,,Высокий,Критический,Остаток на начало сентября; Резервы неизвестны; Stockout оценён по месячным снимкам; Нет ежедневных данных доступности,Запаса примерно на 3.6 дн. без поступлений,"Подтвердить наличие, срок и цену закупки",3.6074297308447116,KZT,22.0,21.94851091082118,,,,,,,,Нужны цены,,,,,,,,,,,Не оценён,"Прибыль = выручка - себестоимость проданного - комиссия - доставка - прочие расходы. Заполните цены и расходы, включая явные нули."
IEK:130300033_,IEK,130300033_,TKL20-006-016,Клещи обжимн КО-6Е 6-16мм IEK (40),шт,,1.0,minimum,1.0,,2026-09-01,monthly_balance_proxy,3,1301,"[[1, ""Лист7"", 1786], [3, ""Лист_1"", 1301], [4, ""Лист_1"", 1127], [5, ""Лист4"", 822]]",2026-09-22,deficit,2.0,2.0,2.7238323472168386,7.721081961095631,0.0,0.0,2.3584578977495547,1.25,0,0.0,13.0,1.7238323472168386,высокая,Прогноз 30 дней 2.72; остаток 1; поступления в срок 0; нехватка 2; заказ с учётом MOQ 2 шт. Остаток на начало сентября: требуется актуализация.,"[""category_missing"", ""daily_stockout_data_missing"", ""new_order_lead_time_unknown"", ""reservations_unknown"", ""stale_stock""]",draft,,,,,Высокий,Высокий,Остаток на начало сентября; Резервы неизвестны; Нет ежедневных данных доступности,Запаса примерно на 11.0 дн. без поступлений,"Подтвердить наличие, срок и цену закупки",11.013893726114768,KZT,2.0,1.7238323472168386,,,,,,,,Нужны цены,,,,,,,,,,,Не оценён,"Прибыль = выручка - себестоимость проданного - комиссия - доставка - прочие расходы. Заполните цены и расходы, включая явные нули."
IEK:130300039_,IEK,130300039_,YZN10-010-K03,ЗНИ 10мм ² (70А) серый  IEK (40),шт,,,,0.0,,2026-09-01,monthly_balance_proxy,3,89,"[[3, ""Лист_1"", 89], [4, ""Лист_1"", 83], [5, ""Лист4"", 639]]",2026-09-22,deficit,13.0,13.0,12.06642211957429,34.203953212320634,0.0,0.0,10.447834124067107,1.0,1,0.0,36.0,12.06642211957429,высокая,Прогноз 30 дней 12.07; остаток 0; поступления в срок 0; нехватка 13; заказ с учётом MOQ 13 шт. Остаток на начало сентября: требуется актуализация.,"[""blank_stock_assumed_zero"", ""category_missing"", ""daily_stockout_data_missing"", ""moq_missing"", ""new_order_lead_time_unknown"", ""reservations_unknown"", ""stale_stock"", ""stockout_proxy_used""]",draft,,,,,Высокий,Критический,Остаток на начало сентября; Резервы неизвестны; Stockout оценён по месячным снимкам; Нет ежедневных данных доступности,Нет запаса,"Подтвердить наличие, срок и цену закупки",0.0,KZT,13.0,12.06642211957429,,,,,,,,Нужны цены,,,,,,,,,,,Не оценён,"Прибыль = выручка - себестоимость проданного - комиссия - доставка - прочие расходы. Заполните цены и расходы, включая явные нули."
IEK:130300084_,IEK,130300084_,MZD10-230,Звонок ЗД-47 на DIN-рейку IEK (12/240),шт,,12.0,minimum,0.0,,2026-09-01,monthly_balance_proxy,3,1155,"[[1, ""Лист7"", 437], [3, ""Лист_1"", 1155], [4, ""Лист_1"", 1015], [5, ""Лист4"", 290]]",2026-09-22,deficit,12.0,11.0,10.127071004891611,28.70659250907945,0.0,0.0,8.768627267739756,1.0,0,30.0,145.0,10.127071004891611,высокая,Прогноз 30 дней 10.13; остаток 0; поступления в срок 0; нехватка 11; заказ с учётом MOQ 12 шт. Остаток на начало сентября: требуется актуализация.,"[""blank_stock_assumed_zero"", ""category_missing"", ""daily_stockout_data_missing"", ""large_orders_detected"", ""new_order_lead_time_unknown"", ""reservations_unknown"", ""stale_stock""]",draft,,,,,Высокий,Критический,Остаток на начало сентября; Резервы неизвестны; Нет ежедневных данных доступности,Нет запаса,"Подтвердить наличие, срок и цену закупки",0.0,KZT,12.0,10.127071004891611,,,,,,,,Нужны цены,,,,,,,,,,,Не оценён,"Прибыль = выручка - себестоимость проданного - комиссия - доставка - прочие расходы. Заполните цены и расходы, включая явные нули."
IEK:130300105_,IEK,130300105_,UZV3-150-35,ЗВИ 150 ПВХ (16-35мм ² 150А) 12 пар IEK (10),шт,,,,0.0,,2026-09-01,monthly_balance_proxy,3,85,"[[3, ""Лист_1"", 85], [4, ""Лист_1"", 78], [5, ""Лист4"", 635]]",2026-09-22,deficit,1.0,1.0,0.38124687595607304,1.0806973416246621,0.0,0.0,0.33010647902382306,1.0,10,0.0,12.0,0.38124687595607304,высокая,Прогноз 30 дней 0.38; остаток 0; поступления в срок 0; нехватка 1; заказ с учётом MOQ 1 шт. Остаток на начало сентября: требуется актуализация.,"[""blank_stock_assumed_zero"", ""category_missing"", ""daily_stockout_data_missing"", ""moq_missing"", ""new_order_lead_time_unknown"", ""reservations_unknown"", ""stale_stock""]",draft,,,,,Высокий,Критический,Остаток на начало сентября; Резервы неизвестны; Нет ежедневных данных доступности,Нет запаса,"Подтвердить наличие, срок и цену закупки",0.0,KZT,1.0,0.38124687595607304,,,,,,,,Нужны цены,,,,,,,,,,,Не оценён,"Прибыль = выручка - себестоимость проданного - комиссия - доставка - прочие расходы. Заполните цены и расходы, включая явные нули."
IEK:130300143_,IEK,130300143_,YZN10D-ZGL-010-K03,Заглушка для ЗНИ-10мм ² серый IEK * (1000),шт,,,,0.0,,2026-09-01,monthly_balance_proxy,3,1108,"[[3, ""Лист_1"", 1108], [4, ""Лист_1"", 980], [5, ""Лист4"", 626]]",2026-09-22,deficit,5.0,5.0,4.2776362364848435,12.12555538353877,0.0,0.0,3.70383477380527,1.0,11,0.0,120.0,4.2776362364848435,высокая,Прогноз 30 дней 4.28; остаток 0; поступления в срок 0; нехватка 5; заказ с учётом MOQ 5 шт. Остаток на начало сентября: требуется актуализация.,"[""blank_stock_assumed_zero"", ""category_missing"", ""daily_stockout_data_missing"", ""moq_missing"", ""new_order_lead_time_unknown"", ""reservations_unknown"", ""stale_stock""]",draft,,,,,Высокий,Критический,Остаток на начало сентября; Резервы неизвестны; Нет ежедневных данных доступности,Нет запаса,"Подтвердить наличие, срок и цену закупки",0.0,KZT,5.0,4.2776362364848435,,,,,,,,Нужны цены,,,,,,,,,,,Не оценён,"Прибыль = выручка - себестоимость проданного - комиссия - доставка - прочие расходы. Заполните цены и расходы, включая явные нули."
IEK:130300291_,IEK,130300291_,TLK10-240,Ножницы (секторные)  для резки кабеля НС-240 (до 240мм) IEK,шт,,1.0,minimum,0.0,,2026-09-01,monthly_balance_proxy,3,1570,"[[1, ""Лист7"", 1796], [3, ""Лист_1"", 1570], [4, ""Лист_1"", 1361], [5, ""Лист4"", 826]]",2026-09-22,deficit,4.0,4.0,3.7016054986652707,10.492716070443825,0.0,0.0,3.205072710000128,1.25,0,0.0,27.0,3.7016054986652707,высокая,Прогноз 30 дней 3.70; остаток 0; поступления в срок 0; нехватка 4; заказ с учётом MOQ 4 шт. Остаток на начало сентября: требуется актуализация.,"[""blank_stock_assumed_zero"", ""category_missing"", ""daily_stockout_data_missing"", ""new_order_lead_time_unknown"", ""reservations_unknown"", ""stale_stock""]",draft,,,,,Высокий,Критический,Остаток на начало сентября; Резервы неизвестны; Нет ежедневных данных доступности,Нет запаса,"Подтвердить наличие, срок и цену закупки",0.0,KZT,4.0,3.7016054986652707,,,,,,,,Нужны цены,,,,,,,,,,,Не оценён,"Прибыль = выручка - себестоимость проданного - комиссия - доставка - прочие расходы. Заполните цены и расходы, включая явные нули."
IEK:130300293_,IEK,130300293_,TFS-D3,"Автоматический стриппер АС 0,018-2,5 IEK",шт,,,minimum,0.0,,2026-09-01,monthly_balance_proxy,3,640,"[[1, ""Лист7"", 1795], [3, ""Лист_1"", 640], [4, ""Лист_1"", 570], [5, ""Лист4"", 825]]",2026-09-22,deficit,1.0,1.0,0.04032764487248222,0.114314323227914,0.0,0.0,0.03491810083110576,1.0,4,0.0,1.0,0.04032764487248222,высокая,Прогноз 30 дней 0.04; остаток 0; поступления в срок 0; нехватка 1; заказ с учётом MOQ 1 шт. Остаток на начало сентября: требуется актуализация.,"[""blank_stock_assumed_zero"", ""category_missing"", ""daily_stockout_data_missing"", ""moq_missing"", ""new_order_lead_time_unknown"", ""reservations_unknown"", ""stale_stock""]",draft,,,,,Высокий,Критический,Остаток на начало сентября; Резервы неизвестны; Нет ежедневных данных доступности,Нет запаса,"Подтвердить наличие, срок и цену закупки",0.0,KZT,1.0,0.04032764487248222,,,,,,,,Нужны цены,,,,,,,,,,,Не оценён,"Прибыль = выручка - себестоимость проданного - комиссия - доставка - прочие расходы. Заполните цены и расходы, включая явные нули."
IEK:130300302_,IEK,130300302_,MTA20-16,Таймер ТЭМ 181 аналоговый 16А 230В на DIN-рейку IEK (100),шт,,1.0,minimum,12.0,,2026-09-01,monthly_balance_proxy,3,2375,"[[1, ""Лист7"", 117], [3, ""Лист_1"", 2375], [4, ""Лист_1"", 2044], [5, ""Лист4"", 889]]",2026-09-22,deficit,21.0,21.0,32.06437008091495,90.8909205365046,0.0,0.0,27.763260441109022,1.25,0,0.0,163.0,20.064370080914948,высокая,Прогноз 30 дней 32.06; остаток 12; поступления в срок 0; нехватка 21; заказ с учётом MOQ 21 шт. Остаток на начало сентября: требуется актуализация.,"[""category_missing"", ""daily_stockout_data_missing"", ""large_orders_detected"", ""new_order_lead_time_unknown"", ""reservations_unknown"", ""stale_stock""]",draft,,,,,Высокий,Высокий,Остаток на начало сентября; Резервы неизвестны; Нет ежедневных данных доступности,Запаса примерно на 11.2 дн. без поступлений,"Подтвердить наличие, срок и цену закупки",11.227415323972817,KZT,21.0,20.064370080914948,,,,,,,,Нужны цены,,,,,,,,,,,Не оценён,"Прибыль = выручка - себестоимость проданного - комиссия - доставка - прочие расходы. Заполните цены и расходы, включая явные нули."
IEK:130300605_,IEK,130300605_,UZV4-010-06-2,"ЗВИ  10 ПВХ (2,5-6мм ² 10А) 12 пар (2 шт/блистер) IEK (50)",упак,,,,0.0,,2026-09-01,monthly_balance_proxy,3,82,"[[3, ""Лист_1"", 82], [4, ""Лист_1"", 75], [5, ""Лист4"", 630]]",2026-09-22,deficit,1.0,1.0,0.44360409359730457,1.2574575555070537,0.0,0.0,0.38409910914216333,1.0,5,0.0,11.0,0.44360409359730457,высокая,Прогноз 30 дней 0.44; остаток 0; поступления в срок 0; нехватка 1; заказ с учётом MOQ 1 упак. Остаток на начало сентября: требуется актуализация.,"[""blank_stock_assumed_zero"", ""category_missing"", ""daily_stockout_data_missing"", ""moq_missing"", ""new_order_lead_time_unknown"", ""reservations_unknown"", ""stale_stock""]",draft,,,,,Высокий,Критический,Остаток на начало сентября; Резервы неизвестны; Нет ежедневных данных доступности,Нет запаса,"Подтвердить наличие, срок и цену закупки",0.0,KZT,1.0,0.44360409359730457,,,,,,,,Нужны цены,,,,,,,,,,,Не оценён,"Прибыль = выручка - себестоимость проданного - комиссия - доставка - прочие расходы. Заполните цены и расходы, включая явные нули."
IEK:130300608_,IEK,130300608_,UZA-11-D01-D10,"ЗОИ 16-70/1,5-10 IEK (35) (140)",шт,,35.0,minimum,0.0,,2026-09-01,monthly_balance_proxy,3,1158,"[[1, ""Лист7"", 1461], [3, ""Лист_1"", 1158], [4, ""Лист_1"", 1017], [5, ""Лист4"", 746]]",2026-09-22,deficit,402.0,402.0,401.2773748521478,1137.476579104624,0.0,0.0,347.45008989825186,1.25,0,0.0,2289.0,401.2773748521478,высокая,Прогноз 30 дней 401.28; остаток 0; поступления в срок 0; нехватка 402; заказ с учётом MOQ 402 шт. Остаток на начало сентября: требуется актуализация.,"[""blank_stock_assumed_zero"", ""category_missing"", ""daily_stockout_data_missing"", ""large_orders_detected"", ""negative_net_sales_clipped_for_forecast"", ""new_order_lead_time_unknown"", ""reservations_unknown"", ""stale_stock""]",draft,,,,,Высокий,Критический,Остаток на начало сентября; Резервы неизвестны; Нет ежедневных данных доступности,Нет запаса,"Подтвердить наличие, срок и цену закупки",0.0,KZT,402.0,401.2773748521478,,,,,,,,Нужны цены,,,,,,,,,,,Не оценён,"Прибыль = выручка - себестоимость проданного - комиссия - доставка - прочие расходы. Заполните цены и расходы, включая явные нули."
IEK:130300764_,IEK,130300764_,LDD11-301MB-1200-001,"Датчик движения МВ 301 белый,1200 Вт, 360гр. дальность 8 м IP20 IEK (50)",шт,,1.0,minimum,0.0,,2026-09-01,monthly_balance_proxy,3,1059,"[[1, ""Лист7"", 114], [3, ""Лист_1"", 1059], [4, ""Лист_1"", 945], [5, ""Лист4"", 886]]",2026-09-22,deficit,22.0,22.0,21.756918310935646,61.67301363875885,0.0,0.0,18.83844865619153,1.0,8,0.0,82.0,21.756918310935646,высокая,Прогноз 30 дней 21.76; остаток 0; поступления в срок 0; нехватка 22; заказ с учётом MOQ 22 шт. Остаток на начало сентября: требуется актуализация.,"[""blank_stock_assumed_zero"", ""category_missing"", ""daily_stockout_data_missing"", ""new_order_lead_time_unknown"", ""reservations_unknown"", ""stale_stock"", ""stockout_proxy_used""]",draft,,,,,Высокий,Критический,Остаток на начало сентября; Резервы неизвестны; Stockout оценён по месячным снимкам; Нет ежедневных данных доступности,Нет запаса,"Подтвердить наличие, срок и цену закупки",0.0,KZT,22.0,21.756918310935646,,,,,,,,Нужны цены,,,,,,,,,,,Не оценён,"Прибыль = выручка - себестоимость проданного - комиссия - доставка - прочие расходы. Заполните цены и расходы, включая явные нули."
IEK:130300779_,IEK,130300779_,CTG12-063-K04-050-R,Трубы гибкая двустенная красная (с протяжкой)   Ø63 IEK (50),м,,50.0,minimum,64.0,,2026-09-01,monthly_balance_proxy,3,322,"[[1, ""Лист7"", 1184], [3, ""Лист_1"", 322], [4, ""Лист_1"", 300], [5, ""Лист4"", 524]]",2026-09-22,deficit,4108.769,4108.769,6172.768951909017,17497.572878629835,2000.0,2000.0,5344.7546801066455,1.25,0,1350.0,47148.0,4108.768951909017,высокая,Прогноз 30 дней 6172.77; остаток 64; поступления в срок 2000; нехватка 4108.77; заказ с учётом MOQ 4108.77 м. Остаток на начало сентября: требуется актуализация.,"[""category_missing"", ""daily_stockout_data_missing"", ""large_orders_detected"", ""new_order_lead_time_unknown"", ""reservations_unknown"", ""stale_stock"", ""transaction_month_mismatch""]",draft,,,,,Высокий,Критический,Остаток на начало сентября; Резервы неизвестны; Детальные и месячные продажи расходятся; Нет ежедневных данных доступности,Запаса примерно на 0.3 дн. без поступлений,"Подтвердить наличие, срок и цену закупки",0.3110435551627463,KZT,4108.769,4108.768951909017,,,,,,,,Нужны цены,,,,,,,,,,,Не оценён,"Прибыль = выручка - себестоимость проданного - комиссия - доставка - прочие расходы. Заполните цены и расходы, включая явные нули."
IEK:130300791_,IEK,130300791_,CTG12-040-K04-050-R,Трубы гибкая двустенная красная (с протяжкой)   Ø40 IEK (50),м,,50.0,minimum,2.0,,2026-09-01,monthly_balance_proxy,3,320,"[[1, ""Лист7"", 1182], [3, ""Лист_1"", 320], [4, ""Лист_1"", 298], [5, ""Лист4"", 522]]",2026-09-22,deficit,6832.2,6832.2,6834.199361480894,19372.489449425248,0.0,0.0,5917.460916913198,1.25,0,4700.0,57023.0,6832.199361480894,высокая,Прогноз 30 дней 6834.20; остаток 2; поступления в срок 0; нехватка 6832.2; заказ с учётом MOQ 6832.2 м. Остаток на начало сентября: требуется актуализация.,"[""category_missing"", ""daily_stockout_data_missing"", ""large_orders_detected"", ""new_order_lead_time_unknown"", ""reservations_unknown"", ""stale_stock"", ""transaction_month_mismatch""]",draft,,,,,Высокий,Критический,Остаток на начало сентября; Резервы неизвестны; Детальные и месячные продажи расходятся; Нет ежедневных данных доступности,Запаса примерно на 0.0 дн. без поступлений,"Подтвердить наличие, срок и цену закупки",0.008779375143513325,KZT,6832.2,6832.199361480894,,,,,,,,Нужны цены,,,,,,,,,,,Не оценён,"Прибыль = выручка - себестоимость проданного - комиссия - доставка - прочие расходы. Заполните цены и расходы, включая явные нули."
IEK:130300792_,IEK,130300792_,CTG12-050-K04-050-R,Трубы гибкая двустенная красная (с протяжкой)   Ø50 IEK (50),м,,50.0,minimum,7230.0,,2026-09-01,monthly_balance_proxy,3,321,"[[1, ""Лист7"", 1183], [3, ""Лист_1"", 321], [4, ""Лист_1"", 299], [5, ""Лист4"", 523]]",2026-09-22,deficit,845.397,845.397,8075.396167289357,22890.83457712351,0.0,0.0,6992.163775300042,1.25,0,4000.0,59838.0,845.3961672893574,высокая,Прогноз 30 дней 8075.40; остаток 7230; поступления в срок 0; нехватка 845.397; заказ с учётом MOQ 845.397 м. Остаток на начало сентября: требуется актуализация.,"[""category_missing"", ""daily_stockout_data_missing"", ""large_orders_detected"", ""new_order_lead_time_unknown"", ""reservations_unknown"", ""stale_stock"", ""transaction_month_mismatch""]",draft,,,,,Высокий,Средний,Остаток на начало сентября; Резервы неизвестны; Детальные и месячные продажи расходятся; Нет ежедневных данных доступности,Запаса примерно на 26.9 дн. без поступлений,"Подтвердить наличие, срок и цену закупки",26.859363368274987,KZT,845.397,845.3961672893574,,,,,,,,Нужны цены,,,,,,,,,,,Не оценён,"Прибыль = выручка - себестоимость проданного - комиссия - доставка - прочие расходы. Заполните цены и расходы, включая явные нули."
IEK:130300985_,IEK,130300985_,IPA10-6-0400-E,"Амперметр Э47  400/5А кл. точн. 1,5 72х72 IEK (1/100)",шт,,1.0,minimum,3.0,,2026-09-01,monthly_balance_proxy,3,647,"[[1, ""Лист7"", 1761], [3, ""Лист_1"", 647], [4, ""Лист_1"", 576], [5, ""Лист4"", 1213]]",2026-09-22,deficit,4.0,4.0,6.290528943449499,17.831379967509953,0.0,0.0,5.4467183646085,1.25,0,0.0,35.0,3.290528943449499,высокая,Прогноз 30 дней 6.29; остаток 3; поступления в срок 0; нехватка 4; заказ с учётом MOQ 4 шт. Остаток на начало сентября: требуется актуализация.,"[""category_missing"", ""daily_stockout_data_missing"", ""new_order_lead_time_unknown"", ""reservations_unknown"", ""stale_stock""]",draft,,,,,Высокий,Средний,Остаток на начало сентября; Резервы неизвестны; Нет ежедневных данных доступности,Запаса примерно на 14.3 дн. без поступлений,"Подтвердить наличие, срок и цену закупки",14.30722293929185,KZT,4.0,3.290528943449499,,,,,,,,Нужны цены,,,,,,,,,,,Не оценён,"Прибыль = выручка - себестоимость проданного - комиссия - доставка - прочие расходы. Заполните цены и расходы, включая явные нули."
IEK:130301099_,IEK,130301099_,TLK10-765,Ножницы (секторные) для резки кабеля  НС-765 (до 400мм) IEK,шт,,1.0,minimum,0.0,,2026-09-01,monthly_balance_proxy,3,1571,"[[1, ""Лист7"", 1797], [3, ""Лист_1"", 1571], [4, ""Лист_1"", 1362], [5, ""Лист4"", 827]]",2026-09-22,deficit,1.0,1.0,0.7537432710017752,2.1365902269923085,0.0,0.0,0.6526362652922133,1.0,0,0.0,4.0,0.7537432710017752,высокая,Прогноз 30 дней 0.75; остаток 0; поступления в срок 0; нехватка 1; заказ с учётом MOQ 1 шт. Остаток на начало сентября: требуется актуализация.,"[""blank_stock_assumed_zero"", ""category_missing"", ""daily_stockout_data_missing"", ""negative_net_sales_clipped_for_forecast"", ""new_order_lead_time_unknown"", ""reservations_unknown"", ""stale_stock""]",draft,,,,,Высокий,Критический,Остаток на начало сентября; Резервы неизвестны; Нет ежедневных данных доступности,Нет запаса,"Подтвердить наличие, срок и цену закупки",0.0,KZT,1.0,0.7537432710017752,,,,,,,,Нужны цены,,,,,,,,,,,Не оценён,"Прибыль = выручка - себестоимость проданного - комиссия - доставка - прочие расходы. Заполните цены и расходы, включая явные нули."
IEK:130301100_,IEK,130301100_,UZA-11-D25-D95-ECLN,ЗОИ 25-95/25-95 IEK (18),шт,,18.0,minimum,34.0,,2026-09-01,monthly_balance_proxy,3,1160,"[[1, ""Лист7"", 1463], [3, ""Лист_1"", 1160], [4, ""Лист_1"", 1019], [5, ""Лист4"", 748]]",2026-09-22,deficit,141.0,141.0,174.29004909662052,494.0494063275993,0.0,0.0,150.91080888700498,1.25,0,0.0,1296.0,140.29004909662052,высокая,Прогноз 30 дней 174.29; остаток 34; поступления в срок 0; нехватка 141; заказ с учётом MOQ 141 шт. Остаток на начало сентября: требуется актуализация.,"[""category_missing"", ""daily_stockout_data_missing"", ""new_order_lead_time_unknown"", ""reservations_unknown"", ""stale_stock""]",draft,,,,,Высокий,Критический,Остаток на начало сентября; Резервы неизвестны; Нет ежедневных данных доступности,Запаса примерно на 5.9 дн. без поступлений,"Подтвердить наличие, срок и цену закупки",5.85231345843816,KZT,141.0,140.29004909662052,,,,,,,,Нужны цены,,,,,,,,,,,Не оценён,"Прибыль = выручка - себестоимость проданного - комиссия - доставка - прочие расходы. Заполните цены и расходы, включая явные нули."
IEK:130301101_,IEK,130301101_,UZA-11-D02-D35-ECLN,"ЗОИ 16-95/2,5-35 IEK (18) (72)",шт,,35.0,minimum,401.0,,2026-09-01,monthly_balance_proxy,3,1159,"[[1, ""Лист7"", 1462], [3, ""Лист_1"", 1159], [4, ""Лист_1"", 1018], [5, ""Лист4"", 747]]",2026-09-22,deficit,556.0,556.0,1306.6758836964739,3703.9546890307865,350.0,350.0,1131.3985829016585,1.25,0,464.0,8392.0,555.6758836964739,высокая,Прогноз 30 дней 1306.68; остаток 401; поступления в срок 350; нехватка 556; заказ с учётом MOQ 556 шт. Остаток на начало сентября: требуется актуализация.,"[""category_missing"", ""daily_stockout_data_missing"", ""large_orders_detected"", ""new_order_lead_time_unknown"", ""reservations_unknown"", ""stale_stock"", ""transaction_month_mismatch""]",draft,,,,,Высокий,Высокий,Остаток на начало сентября; Резервы неизвестны; Детальные и месячные продажи расходятся; Нет ежедневных данных доступности,Запаса примерно на 9.2 дн. без поступлений,"Подтвердить наличие, срок и цену закупки",9.20656771131963,KZT,556.0,555.6758836964739,,,,,,,,Нужны цены,,,,,,,,,,,Не оценён,"Прибыль = выручка - себестоимость проданного - комиссия - доставка - прочие расходы. Заполните цены и расходы, включая явные нули."
IEK:130301232_,IEK,130301232_,CTG12-160-K04-035-R,Трубы гибкая двустенная красная (с протяжкой)  Ø160  IEK (35),м,,35.0,minimum,5.0,,2026-09-01,monthly_balance_proxy,3,326,"[[1, ""Лист7"", 1188], [3, ""Лист_1"", 326], [4, ""Лист_1"", 304], [5, ""Лист4"", 1122]]",2026-09-22,deficit,481.095,481.095,486.094373449081,1377.902168634828,0.0,0.0,420.8897494311685,1.25,0,0.0,3328.0,481.094373449081,высокая,Прогноз 30 дней 486.09; остаток 5; поступления в срок 0; нехватка 481.095; заказ с учётом MOQ 481.095 м. Остаток на начало сентября: требуется актуализация.,"[""category_missing"", ""daily_stockout_data_missing"", ""large_orders_detected"", ""new_order_lead_time_unknown"", ""reservations_unknown"", ""stale_stock""]",draft,,,,,Высокий,Критический,Остаток на начало сентября; Резервы неизвестны; Нет ежедневных данных доступности,Запаса примерно на 0.3 дн. без поступлений,"Подтвердить наличие, срок и цену закупки",0.3085820535952217,KZT,481.095,481.094373449081,,,,,,,,Нужны цены,,,,,,,,,,,Не оценён,"Прибыль = выручка - себестоимость проданного - комиссия - доставка - прочие расходы. Заполните цены и расходы, включая явные нули."
IEK:130301257_,IEK,130301257_,TFS10-1-10,"Автоматический стриппер  MASTER АС 0,03-10 IEK",шт,,1.0,minimum,5.0,,2026-09-01,monthly_balance_proxy,3,638,"[[1, ""Лист7"", 1793], [3, ""Лист_1"", 638], [4, ""Лист_1"", 568], [5, ""Лист4"", 1190]]",2026-09-22,deficit,1.0,1.0,10.188869039989212,28.881767642200536,5.0,5.0,8.822135723974313,1.25,0,0.0,63.0,0.18886903998921234,высокая,Прогноз 30 дней 10.19; остаток 5; поступления в срок 5; нехватка 1; заказ с учётом MOQ 1 шт. Остаток на начало сентября: требуется актуализация.,"[""category_missing"", ""daily_stockout_data_missing"", ""large_orders_detected"", ""new_order_lead_time_unknown"", ""reservations_unknown"", ""stale_stock"", ""transaction_month_mismatch""]",draft,,,,,Высокий,Средний,Остаток на начало сентября; Резервы неизвестны; Детальные и месячные продажи расходятся; Нет ежедневных данных доступности,Запаса примерно на 14.7 дн. без поступлений,"Подтвердить наличие, срок и цену закупки",14.721947981790805,KZT,1.0,0.18886903998921234,,,,,,,,Нужны цены,,,,,,,,,,,Не оценён,"Прибыль = выручка - себестоимость проданного - комиссия - доставка - прочие расходы. Заполните цены и расходы, включая явные нули."
IEK:130301625_,IEK,130301625_,YCT10-00-K07-070,Колодка клеммная CTS  70мм2 синяя IEK,шт,,20.0,minimum,1.0,,2026-09-01,monthly_balance_proxy,3,1370,"[[1, ""Лист7"", 1374], [3, ""Лист_1"", 1370], [4, ""Лист_1"", 1187], [5, ""Лист4"", 2088]]",2026-09-22,deficit,20.0,4.0,4.9523949614718665,14.038252919755525,0.0,0.0,4.288081467860111,1.0,0,0.0,39.0,3.9523949614718665,высокая,Прогноз 30 дней 4.95; остаток 1; поступления в срок 0; нехватка 4; заказ с учётом MOQ 20 шт. Остаток на начало сентября: требуется актуализация.,"[""category_missing"", ""daily_stockout_data_missing"", ""new_order_lead_time_unknown"", ""reservations_unknown"", ""stale_stock""]",draft,,,,,Высокий,Критический,Остаток на начало сентября; Резервы неизвестны; Нет ежедневных данных доступности,Запаса примерно на 6.1 дн. без поступлений,"Подтвердить наличие, срок и цену закупки",6.057675171990707,KZT,20.0,3.9523949614718665,,,,,,,,Нужны цены,,,,,,,,,,,Не оценён,"Прибыль = выручка - себестоимость проданного - комиссия - доставка - прочие расходы. Заполните цены и расходы, включая явные нули."
IEK:130301632_,IEK,130301632_,YCT13-00-3-K03-002,"Колодка клеммная CTS-ML 3 ур. 2,5мм2 серая IEK",шт,,50.0,minimum,10.0,,2026-09-01,monthly_balance_proxy,3,1379,"[[1, ""Лист7"", 1383], [3, ""Лист_1"", 1379], [4, ""Лист_1"", 1195], [5, ""Лист4"", 2095]]",2026-09-22,deficit,50.0,6.0,15.39953620153002,43.65212906600649,0.0,0.0,13.33384479896089,1.0,1,0.0,140.0,5.399536201530021,высокая,Прогноз 30 дней 15.40; остаток 10; поступления в срок 0; нехватка 6; заказ с учётом MOQ 50 шт. Остаток на начало сентября: требуется актуализация.,"[""category_missing"", ""daily_stockout_data_missing"", ""new_order_lead_time_unknown"", ""reservations_unknown"", ""stale_stock"", ""stockout_proxy_used""]",draft,,,,,Высокий,Средний,Остаток на начало сентября; Резервы неизвестны; Stockout оценён по месячным снимкам; Нет ежедневных данных доступности,Запаса примерно на 19.5 дн. без поступлений,"Подтвердить наличие, срок и цену закупки",19.481106188782068,KZT,50.0,5.399536201530021,,,,,,,,Нужны цены,,,,,,,,,,,Не оценён,"Прибыль = выручка - себестоимость проданного - комиссия - доставка - прочие расходы. Заполните цены и расходы, включая явные нули."
IEK:130301634_,IEK,130301634_,YCT20-00-K03-001,"Колодка клеммная CP 1,5мм2 серая IEK",шт,,100.0,minimum,0.0,,2026-09-01,monthly_balance_proxy,3,1329,"[[1, ""Лист7"", 1333], [3, ""Лист_1"", 1329], [4, ""Лист_1"", 1153], [5, ""Лист4"", 2097]]",2026-09-22,deficit,100.0,41.0,40.94147131512335,116.05429972770183,0.0,0.0,35.449588689737624,1.0,4,0.0,200.0,40.94147131512335,высокая,Прогноз 30 дней 40.94; остаток 0; поступления в срок 0; нехватка 41; заказ с учётом MOQ 100 шт. Остаток на начало сентября: требуется актуализация.,"[""blank_stock_assumed_zero"", ""category_missing"", ""daily_stockout_data_missing"", ""new_order_lead_time_unknown"", ""reservations_unknown"", ""stale_stock"", ""stockout_proxy_used""]",draft,,,,,Высокий,Критический,Остаток на начало сентября; Резервы неизвестны; Stockout оценён по месячным снимкам; Нет ежедневных данных доступности,Нет запаса,"Подтвердить наличие, срок и цену закупки",0.0,KZT,100.0,40.94147131512335,,,,,,,,Нужны цены,,,,,,,,,,,Не оценён,"Прибыль = выручка - себестоимость проданного - комиссия - доставка - прочие расходы. Заполните цены и расходы, включая явные нули."
IEK:130301635_,IEK,130301635_,YCT20-00-K03-002,"Колодка клеммная CP 2,5мм2 серая IEK",шт,,100.0,minimum,89.0,,2026-09-01,monthly_balance_proxy,3,1331,"[[1, ""Лист7"", 1335], [3, ""Лист_1"", 1331], [4, ""Лист_1"", 1155], [5, ""Лист4"", 2098]]",2026-09-22,deficit,100.0,25.0,113.62554254363825,322.08741765983166,0.0,0.0,98.38382985352958,1.25,0,0.0,765.0,24.625542543638247,высокая,Прогноз 30 дней 113.63; остаток 89; поступления в срок 0; нехватка 25; заказ с учётом MOQ 100 шт. Остаток на начало сентября: требуется актуализация.,"[""category_missing"", ""daily_stockout_data_missing"", ""new_order_lead_time_unknown"", ""reservations_unknown"", ""stale_stock""]",draft,,,,,Высокий,Средний,Остаток на начало сентября; Резервы неизвестны; Нет ежедневных данных доступности,Запаса примерно на 23.5 дн. без поступлений,"Подтвердить наличие, срок и цену закупки",23.498237634153238,KZT,100.0,24.625542543638247,,,,,,,,Нужны цены,,,,,,,,,,,Не оценён,"Прибыль = выручка - себестоимость проданного - комиссия - доставка - прочие расходы. Заполните цены и расходы, включая явные нули."
IEK:130301636_,IEK,130301636_,YCT20-00-K03-004,Колодка клеммная CP 4мм2 серая IEK,шт,,100.0,minimum,6.0,,2026-09-01,monthly_balance_proxy,3,1332,"[[1, ""Лист7"", 1336], [3, ""Лист_1"", 1332], [4, ""Лист_1"", 1156], [5, ""Лист4"", 2099]]",2026-09-22,deficit,100.0,26.0,31.564042233653353,89.47267160496826,0.0,0.0,27.33004649383954,1.25,0,0.0,114.0,25.564042233653353,высокая,Прогноз 30 дней 31.56; остаток 6; поступления в срок 0; нехватка 26; заказ с учётом MOQ 100 шт. Остаток на начало сентября: требуется актуализация.,"[""category_missing"", ""daily_stockout_data_missing"", ""new_order_lead_time_unknown"", ""reservations_unknown"", ""stale_stock""]",draft,,,,,Высокий,Критический,Остаток на начало сентября; Резервы неизвестны; Нет ежедневных данных доступности,Запаса примерно на 5.7 дн. без поступлений,"Подтвердить наличие, срок и цену закупки",5.702691647272139,KZT,100.0,25.564042233653353,,,,,,,,Нужны цены,,,,,,,,,,,Не оценён,"Прибыль = выручка - себестоимость проданного - комиссия - доставка - прочие расходы. Заполните цены и расходы, включая явные нули."
IEK:130301669_,IEK,130301669_,YZN14-050-K03,Клемма вводная силовая КВС 6-50 кв.мм. 3-рядная серая IEK,шт,,8.0,minimum,0.0,,2026-09-01,monthly_balance_proxy,3,1287,"[[1, ""Лист7"", 1319], [3, ""Лист_1"", 1287], [4, ""Лист_1"", 1122], [5, ""Лист4"", 2133]]",2026-09-22,deficit,8.0,3.0,2.257730278324728,6.399850762769698,0.0,0.0,1.954878688236446,1.0,4,0.0,8.0,2.257730278324728,высокая,Прогноз 30 дней 2.26; остаток 0; поступления в срок 0; нехватка 3; заказ с учётом MOQ 8 шт. Остаток на начало сентября: требуется актуализация.,"[""blank_stock_assumed_zero"", ""category_missing"", ""daily_stockout_data_missing"", ""new_order_lead_time_unknown"", ""reservations_unknown"", ""stale_stock""]",draft,,,,,Высокий,Критический,Остаток на начало сентября; Резервы неизвестны; Нет ежедневных данных доступности,Нет запаса,"Подтвердить наличие, срок и цену закупки",0.0,KZT,8.0,2.257730278324728,,,,,,,,Нужны цены,,,,,,,,,,,Не оценён,"Прибыль = выручка - себестоимость проданного - комиссия - доставка - прочие расходы. Заполните цены и расходы, включая явные нули."
IEK:130301675_,IEK,130301675_,YZN41-06-001-K02,"Блок зажимов БЗН ТВ-1506 1,5 мм2 15А 6 пар IEK",шт,,100.0,minimum,9.0,,2026-09-01,monthly_balance_proxy,3,675,"[[1, ""Лист7"", 1286], [3, ""Лист_1"", 675], [4, ""Лист_1"", 601], [5, ""Лист4"", 2139]]",2026-09-22,deficit,100.0,12.0,20.05299611961236,56.84300899182103,0.0,0.0,17.363090323883274,1.0,2,0.0,91.0,11.05299611961236,высокая,Прогноз 30 дней 20.05; остаток 9; поступления в срок 0; нехватка 12; заказ с учётом MOQ 100 шт. Остаток на начало сентября: требуется актуализация.,"[""category_missing"", ""daily_stockout_data_missing"", ""new_order_lead_time_unknown"", ""reservations_unknown"", ""stale_stock"", ""stockout_proxy_used""]",draft,,,,,Высокий,Высокий,Остаток на начало сентября; Резервы неизвестны; Stockout оценён по месячным снимкам; Нет ежедневных данных доступности,Запаса примерно на 13.5 дн. без поступлений,"Подтвердить наличие, срок и цену закупки",13.464322158619124,KZT,100.0,11.05299611961236,,,,,,,,Нужны цены,,,,,,,,,,,Не оценён,"Прибыль = выручка - себестоимость проданного - комиссия - доставка - прочие расходы. Заполните цены и расходы, включая явные нули."
IEK:130301682_,IEK,130301682_,YZN43-10-002-K02,"Блок зажимов БЗН TK-020 2,5 мм2 20А на DIN-рейку 10 пар IEK",шт,,1.0,minimum,0.0,,2026-09-01,monthly_balance_proxy,3,671,"[[1, ""Лист7"", 1282], [3, ""Лист_1"", 671], [4, ""Лист_1"", 598], [5, ""Лист4"", 2146]]",2026-09-22,deficit,1.0,1.0,0.7244364664287299,2.0535160097566165,0.0,0.0,0.6272606709485575,1.0,3,0.0,3.0,0.7244364664287299,высокая,Прогноз 30 дней 0.72; остаток 0; поступления в срок 0; нехватка 1; заказ с учётом MOQ 1 шт. Остаток на начало сентября: требуется актуализация.,"[""blank_stock_assumed_zero"", ""category_missing"", ""daily_stockout_data_missing"", ""new_order_lead_time_unknown"", ""reservations_unknown"", ""stale_stock""]",draft,,,,,Высокий,Критический,Остаток на начало сентября; Резервы неизвестны; Нет ежедневных данных доступности,Нет запаса,"Подтвердить наличие, срок и цену закупки",0.0,KZT,1.0,0.7244364664287299,,,,,,,,Нужны цены,,,,,,,,,,,Не оценён,"Прибыль = выручка - себестоимость проданного - комиссия - доставка - прочие расходы. Заполните цены и расходы, включая явные нули."
IEK:130301715_,IEK,130301715_,YCT22-00-3-K03-002-ZGL,"Заглушка для CP-MC 3 вывода 2,5мм2 серая ИЭК",шт,,50.0,minimum,2.0,,2026-09-01,monthly_balance_proxy,3,1091,"[[1, ""Лист7"", 1295], [3, ""Лист_1"", 1091], [4, ""Лист_1"", 970], [5, ""Лист4"", 2168]]",2026-09-22,deficit,50.0,2.0,3.8197606095109897,10.827643179997489,0.0,0.0,3.307378512564775,1.0,0,0.0,47.0,1.8197606095109897,высокая,Прогноз 30 дней 3.82; остаток 2; поступления в срок 0; нехватка 2; заказ с учётом MOQ 50 шт. Остаток на начало сентября: требуется актуализация.,"[""category_missing"", ""daily_stockout_data_missing"", ""new_order_lead_time_unknown"", ""reservations_unknown"", ""stale_stock""]",draft,,,,,Высокий,Средний,Остаток на начало сентября; Резервы неизвестны; Нет ежедневных данных доступности,Запаса примерно на 15.7 дн. без поступлений,"Подтвердить наличие, срок и цену закупки",15.707790653320883,KZT,50.0,1.8197606095109897,,,,,,,,Нужны цены,,,,,,,,,,,Не оценён,"Прибыль = выручка - себестоимость проданного - комиссия - доставка - прочие расходы. Заполните цены и расходы, включая явные нули."
IEK:130301736_,IEK,130301736_,YCT20-00-K03-002-EC-3P,"Перемычка гребенчатая для CP 2,5мм2 3PIN ИЭК",шт,,50.0,minimum,0.0,,2026-09-01,monthly_balance_proxy,3,1665,"[[1, ""Лист7"", 1397], [3, ""Лист_1"", 1665], [4, ""Лист_1"", 1437], [5, ""Лист4"", 2208]]",2026-09-22,deficit,50.0,6.0,5.361704159470327,15.198496819643736,0.0,0.0,4.642485993390975,1.0,4,0.0,39.0,5.361704159470327,высокая,Прогноз 30 дней 5.36; остаток 0; поступления в срок 0; нехватка 6; заказ с учётом MOQ 50 шт. Остаток на начало сентября: требуется актуализация.,"[""blank_stock_assumed_zero"", ""category_missing"", ""daily_stockout_data_missing"", ""new_order_lead_time_unknown"", ""reservations_unknown"", ""stale_stock"", ""stockout_proxy_used""]",draft,,,,,Высокий,Критический,Остаток на начало сентября; Резервы неизвестны; Stockout оценён по месячным снимкам; Нет ежедневных данных доступности,Нет запаса,"Подтвердить наличие, срок и цену закупки",0.0,KZT,50.0,5.361704159470327,,,,,,,,Нужны цены,,,,,,,,,,,Не оценён,"Прибыль = выручка - себестоимость проданного - комиссия - доставка - прочие расходы. Заполните цены и расходы, включая явные нули."
IEK:130400154_,IEK,130400154_,YIS11-4-40-B,Изолятор ступенчатый ИС4-40 (М8) силовой с болтом IEK,шт,,2.0,minimum,0.0,,2026-09-01,monthly_balance_proxy,3,1175,"[[1, ""Лист7"", 1479], [3, ""Лист_1"", 1175], [4, ""Лист_1"", 1030], [5, ""Лист4"", 2153]]",2026-09-22,deficit,2.0,2.0,1.0440779346526166,2.959584247342278,0.0,0.0,0.9040254820982497,1.0,1,0.0,6.0,1.0440779346526166,высокая,Прогноз 30 дней 1.04; остаток 0; поступления в срок 0; нехватка 2; заказ с учётом MOQ 2 шт. Остаток на начало сентября: требуется актуализация.,"[""blank_stock_assumed_zero"", ""category_missing"", ""daily_stockout_data_missing"", ""new_order_lead_time_unknown"", ""reservations_unknown"", ""stale_stock""]",draft,,,,,Высокий,Критический,Остаток на начало сентября; Резервы неизвестны; Нет ежедневных данных доступности,Нет запаса,"Подтвердить наличие, срок и цену закупки",0.0,KZT,2.0,1.0440779346526166,,,,,,,,Нужны цены,,,,,,,,,,,Не оценён,"Прибыль = выручка - себестоимость проданного - комиссия - доставка - прочие расходы. Заполните цены и расходы, включая явные нули."
IEK:130500002_,IEK,130500002_,YIS11-30-08,Изолятор SM30 IEK (10),шт,,,,0.0,,2026-09-01,monthly_balance_proxy,3,1165,"[[3, ""Лист_1"", 1165], [4, ""Лист_1"", 1024], [5, ""Лист4"", 761]]",2026-09-22,deficit,1.0,1.0,0.1425878745494947,0.40418517945129195,0.0,0.0,0.12346115912684236,1.0,7,0.0,4.0,0.1425878745494947,высокая,Прогноз 30 дней 0.14; остаток 0; поступления в срок 0; нехватка 1; заказ с учётом MOQ 1 шт. Остаток на начало сентября: требуется актуализация.,"[""blank_stock_assumed_zero"", ""category_missing"", ""daily_stockout_data_missing"", ""moq_missing"", ""new_order_lead_time_unknown"", ""reservations_unknown"", ""stale_stock""]",draft,,,,,Высокий,Критический,Остаток на начало сентября; Резервы неизвестны; Нет ежедневных данных доступности,Нет запаса,"Подтвердить наличие, срок и цену закупки",0.0,KZT,1.0,0.1425878745494947,,,,,,,,Нужны цены,,,,,,,,,,,Не оценён,"Прибыль = выручка - себестоимость проданного - комиссия - доставка - прочие расходы. Заполните цены и расходы, включая явные нули."
IEK:130500005_,IEK,130500005_,YIS11-76-25,Изолятор SM76 IEK (10),шт,,,,0.0,,2026-09-01,monthly_balance_proxy,3,1169,"[[3, ""Лист_1"", 1169], [4, ""Лист_1"", 1028], [5, ""Лист4"", 765]]",2026-09-22,deficit,1.0,1.0,0.5495111588297334,1.5576658747724481,0.0,0.0,0.475799817036362,1.0,3,0.0,12.0,0.5495111588297334,высокая,Прогноз 30 дней 0.55; остаток 0; поступления в срок 0; нехватка 1; заказ с учётом MOQ 1 шт. Остаток на начало сентября: требуется актуализация.,"[""blank_stock_assumed_zero"", ""category_missing"", ""daily_stockout_data_missing"", ""moq_missing"", ""new_order_lead_time_unknown"", ""reservations_unknown"", ""stale_stock""]",draft,,,,,Высокий,Критический,Остаток на начало сентября; Резервы неизвестны; Нет ежедневных данных доступности,Нет запаса,"Подтвердить наличие, срок и цену закупки",0.0,KZT,1.0,0.5495111588297334,,,,,,,,Нужны цены,,,,,,,,,,,Не оценён,"Прибыль = выручка - себестоимость проданного - комиссия - доставка - прочие расходы. Заполните цены и расходы, включая явные нули."
IEK:130500010_,IEK,130500010_,YSA20-14-16-54-K41,Сальник PG 16 (9-13мм) IEK (20),шт,,,,0.0,,2026-09-01,monthly_balance_proxy,3,308,"[[3, ""Лист_1"", 308], [4, ""Лист_1"", 289], [5, ""Лист4"", 651]]",2026-09-22,deficit,2.0,2.0,1.2477217555870328,3.5368410061556124,0.0,0.0,1.080352552412035,1.0,1,0.0,6.0,1.2477217555870328,высокая,Прогноз 30 дней 1.25; остаток 0; поступления в срок 0; нехватка 2; заказ с учётом MOQ 2 шт. Остаток на начало сентября: требуется актуализация.,"[""blank_stock_assumed_zero"", ""category_missing"", ""daily_stockout_data_missing"", ""moq_missing"", ""new_order_lead_time_unknown"", ""reservations_unknown"", ""stale_stock""]",draft,,,,,Высокий,Критический,Остаток на начало сентября; Резервы неизвестны; Нет ежедневных данных доступности,Нет запаса,"Подтвердить наличие, срок и цену закупки",0.0,KZT,2.0,1.2477217555870328,,,,,,,,Нужны цены,,,,,,,,,,,Не оценён,"Прибыль = выручка - себестоимость проданного - комиссия - доставка - прочие расходы. Заполните цены и расходы, включая явные нули."
IEK:130500011_,IEK,130500011_,YSA20-18-21-54-K41,Сальник PG 21 (15-18мм) IEK (20),шт,,,,0.0,,2026-09-01,monthly_balance_proxy,3,309,"[[3, ""Лист_1"", 309], [4, ""Лист_1"", 290], [5, ""Лист4"", 652]]",2026-09-22,deficit,2.0,2.0,1.4110814239529534,3.9999067267310675,0.0,0.0,1.2217991801477788,1.0,11,0.0,5.0,1.4110814239529534,высокая,Прогноз 30 дней 1.41; остаток 0; поступления в срок 0; нехватка 2; заказ с учётом MOQ 2 шт. Остаток на начало сентября: требуется актуализация.,"[""blank_stock_assumed_zero"", ""category_missing"", ""daily_stockout_data_missing"", ""moq_missing"", ""new_order_lead_time_unknown"", ""reservations_unknown"", ""stale_stock""]",draft,,,,,Высокий,Критический,Остаток на начало сентября; Резервы неизвестны; Нет ежедневных данных доступности,Нет запаса,"Подтвердить наличие, срок и цену закупки",0.0,KZT,2.0,1.4110814239529534,,,,,,,,Нужны цены,,,,,,,,,,,Не оценён,"Прибыль = выручка - себестоимость проданного - комиссия - доставка - прочие расходы. Заполните цены и расходы, включая явные нули."
IEK:130600060_,IEK,130600060_,,Разъем РРМ78/3(PYF11A) для РЭК78/3(MY3) модульный IEK E-PRO,шт,,,,0.0,,2026-09-01,monthly_balance_proxy,3,1871,"[[3, ""Лист_1"", 1871], [4, ""Лист_1"", 1587]]",2026-09-22,deficit,3.0,3.0,2.162799502717333,6.130756264408232,0.0,0.0,1.8726819121758647,1.0,9,0.0,52.0,2.162799502717333,высокая,Прогноз 30 дней 2.16; остаток 0; поступления в срок 0; нехватка 3; заказ с учётом MOQ 3 шт. Остаток на начало сентября: требуется актуализация.,"[""blank_stock_assumed_zero"", ""category_missing"", ""daily_stockout_data_missing"", ""large_orders_detected"", ""moq_missing"", ""new_order_lead_time_unknown"", ""reservations_unknown"", ""stale_stock"", ""supplier_sku_missing""]",draft,,,,,Высокий,Критический,Остаток на начало сентября; Резервы неизвестны; Нет артикула производителя; Нет ежедневных данных доступности,Нет запаса,"Подтвердить наличие, срок и цену закупки",0.0,KZT,3.0,2.162799502717333,,,,,,,,Нужны цены,,,,,,,,,,,Не оценён,"Прибыль = выручка - себестоимость проданного - комиссия - доставка - прочие расходы. Заполните цены и расходы, включая явные нули."
IEK:130600077_,IEK,130600077_,,"Тепловое реле РТИ-1303 (0,25-0,4А) IEK !!!",шт,,,,0.0,,2026-09-01,monthly_balance_proxy,3,2378,"[[3, ""Лист_1"", 2378], [4, ""Лист_1"", 2047]]",2026-09-22,deficit,1.0,1.0,0.039081323040488704,0.11078145050006173,0.0,0.0,0.0338389604167531,1.0,3,0.0,1.0,0.039081323040488704,высокая,Прогноз 30 дней 0.04; остаток 0; поступления в срок 0; нехватка 1; заказ с учётом MOQ 1 шт. Остаток на начало сентября: требуется актуализация.,"[""blank_stock_assumed_zero"", ""category_missing"", ""daily_stockout_data_missing"", ""moq_missing"", ""new_order_lead_time_unknown"", ""reservations_unknown"", ""stale_stock"", ""supplier_sku_missing""]",draft,,,,,Высокий,Критический,Остаток на начало сентября; Резервы неизвестны; Нет артикула производителя; Нет ежедневных данных доступности,Нет запаса,"Подтвердить наличие, срок и цену закупки",0.0,KZT,1.0,0.039081323040488704,,,,,,,,Нужны цены,,,,,,,,,,,Не оценён,"Прибыль = выручка - себестоимость проданного - комиссия - доставка - прочие расходы. Заполните цены и расходы, включая явные нули."
IEK:130600124_,IEK,130600124_,ORT-2T-ACDC12-240V,Реле времени ORT 2 конт. 2 уст. 12-240В AC/DC ИЭК ORT-2T-ACDC12-240V NEW,шт,,1.0,minimum,0.0,,2026-09-01,monthly_balance_proxy,3,1954,"[[1, ""Лист7"", 438], [3, ""Лист_1"", 1954], [4, ""Лист_1"", 1670]]",2026-09-22,deficit,1.0,1.0,0.06657241650938941,0.18870878185377274,0.0,0.0,0.05764240286274244,1.0,10,0.0,2.0,0.06657241650938941,высокая,Прогноз 30 дней 0.07; остаток 0; поступления в срок 0; нехватка 1; заказ с учётом MOQ 1 шт. Остаток на начало сентября: требуется актуализация.,"[""blank_stock_assumed_zero"", ""category_missing"", ""daily_stockout_data_missing"", ""new_order_lead_time_unknown"", ""reservations_unknown"", ""stale_stock""]",draft,,,,,Высокий,Критический,Остаток на начало сентября; Резервы неизвестны; Нет ежедневных данных доступности,Нет запаса,"Подтвердить наличие, срок и цену закупки",0.0,KZT,1.0,0.06657241650938941,,,,,,,,Нужны цены,,,,,,,,,,,Не оценён,"Прибыль = выручка - себестоимость проданного - комиссия - доставка - прочие расходы. Заполните цены и расходы, включая явные нули."
IEK:130600132_,IEK,130600132_,,Реле циклическое ORT 2 конт. 12-240В AC/DC IEK ORT-S2-ACDC12-240V NEW,шт,,,,0.0,,2026-09-01,monthly_balance_proxy,3,2019,"[[3, ""Лист_1"", 2019], [4, ""Лист_1"", 1732]]",2026-09-22,deficit,1.0,1.0,0.03480184351304997,0.09865067005171732,0.0,0.0,0.030133529610757194,1.0,11,0.0,1.0,0.03480184351304997,высокая,Прогноз 30 дней 0.03; остаток 0; поступления в срок 0; нехватка 1; заказ с учётом MOQ 1 шт. Остаток на начало сентября: требуется актуализация.,"[""blank_stock_assumed_zero"", ""category_missing"", ""daily_stockout_data_missing"", ""moq_missing"", ""new_order_lead_time_unknown"", ""reservations_unknown"", ""stale_stock"", ""supplier_sku_missing""]",draft,,,,,Высокий,Критический,Остаток на начало сентября; Резервы неизвестны; Нет артикула производителя; Нет ежедневных данных доступности,Нет запаса,"Подтвердить наличие, срок и цену закупки",0.0,KZT,1.0,0.03480184351304997,,,,,,,,Нужны цены,,,,,,,,,,,Не оценён,"Прибыль = выручка - себестоимость проданного - комиссия - доставка - прочие расходы. Заполните цены и расходы, включая явные нули."
IEK:130600148_,IEK,130600148_,OIR-308-AC230V,Реле промежут. OIR 3 конт. 8А 230В AC ИЭК OIR-308-AC230V NEW,шт,,1.0,minimum,0.0,,2026-09-01,monthly_balance_proxy,3,1997,"[[1, ""Лист7"", 456], [3, ""Лист_1"", 1997], [4, ""Лист_1"", 1711]]",2026-09-22,deficit,1.0,1.0,0.035646968637373676,0.10104629486282299,0.0,0.0,0.03086528978171059,1.0,9,0.0,1.0,0.035646968637373676,высокая,Прогноз 30 дней 0.04; остаток 0; поступления в срок 0; нехватка 1; заказ с учётом MOQ 1 шт. Остаток на начало сентября: требуется актуализация.,"[""blank_stock_assumed_zero"", ""category_missing"", ""daily_stockout_data_missing"", ""new_order_lead_time_unknown"", ""reservations_unknown"", ""stale_stock""]",draft,,,,,Высокий,Критический,Остаток на начало сентября; Резервы неизвестны; Нет ежедневных данных доступности,Нет запаса,"Подтвердить наличие, срок и цену закупки",0.0,KZT,1.0,0.035646968637373676,,,,,,,,Нужны цены,,,,,,,,,,,Не оценён,"Прибыль = выручка - себестоимость проданного - комиссия - доставка - прочие расходы. Заполните цены и расходы, включая явные нули."
IEK:130600154_,IEK,130600154_,YCE-TNO-00-60,Термостат от 0 до 60 °C NO IEK (200) NEW,шт,,10.0,minimum,3.0,,2026-09-01,monthly_balance_proxy,3,2402,"[[1, ""Лист7"", 1755], [3, ""Лист_1"", 2402], [4, ""Лист_1"", 2071], [5, ""Лист4"", 1888]]",2026-09-22,deficit,17.0,17.0,19.025598661971063,53.930707878584315,0.0,0.0,16.473507802191815,1.25,0,171.0,319.0,16.025598661971063,высокая,Прогноз 30 дней 19.03; остаток 3; поступления в срок 0; нехватка 17; заказ с учётом MOQ 17 шт. Остаток на начало сентября: требуется актуализация.,"[""category_missing"", ""daily_stockout_data_missing"", ""large_orders_detected"", ""new_order_lead_time_unknown"", ""reservations_unknown"", ""stale_stock""]",draft,,,,,Высокий,Критический,Остаток на начало сентября; Резервы неизвестны; Нет ежедневных данных доступности,Запаса примерно на 4.7 дн. без поступлений,"Подтвердить наличие, срок и цену закупки",4.730468754178795,KZT,17.0,16.025598661971063,,,,,,,,Нужны цены,,,,,,,,,,,Не оценён,"Прибыль = выручка - себестоимость проданного - комиссия - доставка - прочие расходы. Заполните цены и расходы, включая явные нули."
IEK:130600203_,IEK,130600203_,ORL-01-ACDC24-240V,Реле уровня ORL 24-240В AC/DC ИЭК ORL-01-ACDC24-240V NEW,шт,,1.0,minimum,0.0,,2026-09-01,monthly_balance_proxy,3,2009,"[[1, ""Лист7"", 443], [3, ""Лист_1"", 2009], [4, ""Лист_1"", 1722]]",2026-09-22,deficit,1.0,1.0,0.07816264608097741,0.22156290100012346,0.0,0.0,0.0676779208335062,1.0,3,0.0,2.0,0.07816264608097741,высокая,Прогноз 30 дней 0.08; остаток 0; поступления в срок 0; нехватка 1; заказ с учётом MOQ 1 шт. Остаток на начало сентября: требуется актуализация.,"[""blank_stock_assumed_zero"", ""category_missing"", ""daily_stockout_data_missing"", ""new_order_lead_time_unknown"", ""reservations_unknown"", ""stale_stock""]",draft,,,,,Высокий,Критический,Остаток на начало сентября; Резервы неизвестны; Нет ежедневных данных доступности,Нет запаса,"Подтвердить наличие, срок и цену закупки",0.0,KZT,1.0,0.07816264608097741,,,,,,,,Нужны цены,,,,,,,,,,,Не оценён,"Прибыль = выручка - себестоимость проданного - комиссия - доставка - прочие расходы. Заполните цены и расходы, включая явные нули."
IEK:130600205_,IEK,130600205_,,Реле общ. назнач. OGR-1 2C 24В DC с LED и тест. кнопкой ONI OGR-1-2C-DC24V-L-B NEW,шт,,,,0.0,,2026-09-01,monthly_balance_proxy,3,1987,"[[3, ""Лист_1"", 1987], [4, ""Лист_1"", 1701]]",2026-09-22,deficit,27.0,27.0,26.431903829725382,74.92491087626412,0.0,0.0,22.886332341074127,1.0,8,0.0,81.0,26.431903829725382,высокая,Прогноз 30 дней 26.43; остаток 0; поступления в срок 0; нехватка 27; заказ с учётом MOQ 27 шт. Остаток на начало сентября: требуется актуализация.,"[""blank_stock_assumed_zero"", ""category_missing"", ""daily_stockout_data_missing"", ""moq_missing"", ""new_order_lead_time_unknown"", ""reservations_unknown"", ""stale_stock"", ""stockout_proxy_used"", ""supplier_sku_missing""]",draft,,,,,Высокий,Критический,Остаток на начало сентября; Резервы неизвестны; Нет артикула производителя; Stockout оценён по месячным снимкам; Нет ежедневных данных доступности,Нет запаса,"Подтвердить наличие, срок и цену закупки",0.0,KZT,27.0,26.431903829725382,,,,,,,,Нужны цены,,,,,,,,,,,Не оценён,"Прибыль = выручка - себестоимость проданного - комиссия - доставка - прочие расходы. Заполните цены и расходы, включая явные нули."
IEK:130600208_,IEK,130600208_,,Розетка ORS-G-2-2 для реле OGR-2 2C ONI ORS-G-2-2-G NEW,шт,,,,0.0,,2026-09-01,monthly_balance_proxy,3,2172,"[[3, ""Лист_1"", 2172], [4, ""Лист_1"", 1875]]",2026-09-22,deficit,1.0,1.0,0.46566228249269587,1.319984562556025,0.0,0.0,0.40319841599324174,1.0,0,0.0,2.0,0.46566228249269587,высокая,Прогноз 30 дней 0.47; остаток 0; поступления в срок 0; нехватка 1; заказ с учётом MOQ 1 шт. Остаток на начало сентября: требуется актуализация.,"[""blank_stock_assumed_zero"", ""category_missing"", ""daily_stockout_data_missing"", ""moq_missing"", ""new_order_lead_time_unknown"", ""reservations_unknown"", ""stale_stock"", ""supplier_sku_missing""]",draft,,,,,Высокий,Критический,Остаток на начало сентября; Резервы неизвестны; Нет артикула производителя; Нет ежедневных данных доступности,Нет запаса,"Подтвердить наличие, срок и цену закупки",0.0,KZT,1.0,0.46566228249269587,,,,,,,,Нужны цены,,,,,,,,,,,Не оценён,"Прибыль = выручка - себестоимость проданного - комиссия - доставка - прочие расходы. Заполните цены и расходы, включая явные нули."
IEK:130600210_,IEK,130600210_,ORM-1-2C-DC24V-L-B,Реле интерфейсное ORM-1 2C 24В DC с LED и тест. кнопкой ONI ORM-1-2C-DC24V-L-B NEW,шт,,20.0,minimum,0.0,,2026-09-01,monthly_balance_proxy,3,1963,"[[1, ""Лист7"", 441], [3, ""Лист_1"", 1963], [4, ""Лист_1"", 1680]]",2026-09-22,deficit,20.0,1.0,0.07816264608097741,0.22156290100012346,0.0,0.0,0.0676779208335062,1.0,3,0.0,2.0,0.07816264608097741,высокая,Прогноз 30 дней 0.08; остаток 0; поступления в срок 0; нехватка 1; заказ с учётом MOQ 20 шт. Остаток на начало сентября: требуется актуализация.,"[""blank_stock_assumed_zero"", ""category_missing"", ""daily_stockout_data_missing"", ""new_order_lead_time_unknown"", ""reservations_unknown"", ""stale_stock""]",draft,,,,,Высокий,Критический,Остаток на начало сентября; Резервы неизвестны; Нет ежедневных данных доступности,Нет запаса,"Подтвердить наличие, срок и цену закупки",0.0,KZT,20.0,0.07816264608097741,,,,,,,,Нужны цены,,,,,,,,,,,Не оценён,"Прибыль = выручка - себестоимость проданного - комиссия - доставка - прочие расходы. Заполните цены и расходы, включая явные нули."
IEK:130600212_,IEK,130600212_,,Реле общ. назнач. OGR-2 4C 24В DC ONI OGR-2-4C-DC24V NEW,шт,,,,0.0,,2026-09-01,monthly_balance_proxy,3,1991,"[[3, ""Лист_1"", 1991], [4, ""Лист_1"", 1705]]",2026-09-22,deficit,2.0,2.0,1.4236315039642298,4.035481675565333,0.0,0.0,1.232665794368814,1.0,0,0.0,11.0,1.4236315039642298,высокая,Прогноз 30 дней 1.42; остаток 0; поступления в срок 0; нехватка 2; заказ с учётом MOQ 2 шт. Остаток на начало сентября: требуется актуализация.,"[""blank_stock_assumed_zero"", ""category_missing"", ""daily_stockout_data_missing"", ""moq_missing"", ""new_order_lead_time_unknown"", ""reservations_unknown"", ""stale_stock"", ""supplier_sku_missing""]",draft,,,,,Высокий,Критический,Остаток на начало сентября; Резервы неизвестны; Нет артикула производителя; Нет ежедневных данных доступности,Нет запаса,"Подтвердить наличие, срок и цену закупки",0.0,KZT,2.0,1.4236315039642298,,,,,,,,Нужны цены,,,,,,,,,,,Не оценён,"Прибыль = выручка - себестоимость проданного - комиссия - доставка - прочие расходы. Заполните цены и расходы, включая явные нули."
IEK:130600213_,IEK,130600213_,,Реле общ. назнач. OGR-2 4C 220В AC ONI OGR-2-4C-AC220V NEW,шт,,,,0.0,,2026-09-01,monthly_balance_proxy,3,1990,"[[3, ""Лист_1"", 1990], [4, ""Лист_1"", 1704]]",2026-09-22,deficit,1.0,1.0,0.05128797309719172,0.14538289932069773,0.0,0.0,0.044408212324166654,1.0,5,0.0,1.0,0.05128797309719172,высокая,Прогноз 30 дней 0.05; остаток 0; поступления в срок 0; нехватка 1; заказ с учётом MOQ 1 шт. Остаток на начало сентября: требуется актуализация.,"[""blank_stock_assumed_zero"", ""category_missing"", ""daily_stockout_data_missing"", ""moq_missing"", ""new_order_lead_time_unknown"", ""reservations_unknown"", ""stale_stock"", ""supplier_sku_missing""]",draft,,,,,Высокий,Критический,Остаток на начало сентября; Резервы неизвестны; Нет артикула производителя; Нет ежедневных данных доступности,Нет запаса,"Подтвердить наличие, срок и цену закупки",0.0,KZT,1.0,0.05128797309719172,,,,,,,,Нужны цены,,,,,,,,,,,Не оценён,"Прибыль = выручка - себестоимость проданного - комиссия - доставка - прочие расходы. Заполните цены и расходы, включая явные нули."
IEK:130600214_,IEK,130600214_,,Реле общ. назнач. OGR-2 2C 24В DC ONI OGR-2-2C-DC24V NEW,шт,,,,0.0,,2026-09-01,monthly_balance_proxy,3,1989,"[[3, ""Лист_1"", 1989], [4, ""Лист_1"", 1703]]",2026-09-22,deficit,1.0,1.0,0.32428012145895047,0.9192171459072853,0.0,0.0,0.28078123615776346,1.0,6,0.0,7.0,0.32428012145895047,высокая,Прогноз 30 дней 0.32; остаток 0; поступления в срок 0; нехватка 1; заказ с учётом MOQ 1 шт. Остаток на начало сентября: требуется актуализация.,"[""blank_stock_assumed_zero"", ""category_missing"", ""daily_stockout_data_missing"", ""moq_missing"", ""new_order_lead_time_unknown"", ""reservations_unknown"", ""stale_stock"", ""supplier_sku_missing""]",draft,,,,,Высокий,Критический,Остаток на начало сентября; Резервы неизвестны; Нет артикула производителя; Нет ежедневных данных доступности,Нет запаса,"Подтвердить наличие, срок и цену закупки",0.0,KZT,1.0,0.32428012145895047,,,,,,,,Нужны цены,,,,,,,,,,,Не оценён,"Прибыль = выручка - себестоимость проданного - комиссия - доставка - прочие расходы. Заполните цены и расходы, включая явные нули."
IEK:130600216_,IEK,130600216_,OIR-316-ACDC24V,Реле промежут. OIR 3 конт. 16А 24В AC/DC ИЭК OIR-316-ACDC24V NEW,шт,,1.0,minimum,0.0,,2026-09-01,monthly_balance_proxy,3,1996,"[[1, ""Лист7"", 455], [3, ""Лист_1"", 1996], [4, ""Лист_1"", 1710]]",2026-09-22,deficit,1.0,1.0,0.037954485469607675,0.10758727254321898,0.0,0.0,0.03286327666322077,1.0,8,0.0,1.0,0.037954485469607675,высокая,Прогноз 30 дней 0.04; остаток 0; поступления в срок 0; нехватка 1; заказ с учётом MOQ 1 шт. Остаток на начало сентября: требуется актуализация.,"[""blank_stock_assumed_zero"", ""category_missing"", ""daily_stockout_data_missing"", ""new_order_lead_time_unknown"", ""reservations_unknown"", ""stale_stock""]",draft,,,,,Высокий,Критический,Остаток на начало сентября; Резервы неизвестны; Нет ежедневных данных доступности,Нет запаса,"Подтвердить наличие, срок и цену закупки",0.0,KZT,1.0,0.037954485469607675,,,,,,,,Нужны цены,,,,,,,,,,,Не оценён,"Прибыль = выручка - себестоимость проданного - комиссия - доставка - прочие расходы. Заполните цены и расходы, включая явные нули."
IEK:130600223_,IEK,130600223_,ORF-08D-220-460VAC,Реле фаз ORF-08D 3ф. 2 конт. 220-460В AC ONI ORF-08D-220-460VAC NEW,шт,,1.0,minimum,0.0,,2026-09-01,monthly_balance_proxy,3,2015,"[[1, ""Лист7"", 449], [3, ""Лист_1"", 2015], [4, ""Лист_1"", 1728]]",2026-09-22,deficit,1.0,1.0,0.04592496846673876,0.13018071613502077,0.0,0.0,0.03976460030476937,1.0,7,0.0,1.0,0.04592496846673876,высокая,Прогноз 30 дней 0.05; остаток 0; поступления в срок 0; нехватка 1; заказ с учётом MOQ 1 шт. Остаток на начало сентября: требуется актуализация.,"[""blank_stock_assumed_zero"", ""category_missing"", ""daily_stockout_data_missing"", ""new_order_lead_time_unknown"", ""reservations_unknown"", ""stale_stock""]",draft,,,,,Высокий,Критический,Остаток на начало сентября; Резервы неизвестны; Нет ежедневных данных доступности,Нет запаса,"Подтвердить наличие, срок и цену закупки",0.0,KZT,1.0,0.04592496846673876,,,,,,,,Нужны цены,,,,,,,,,,,Не оценён,"Прибыль = выручка - себестоимость проданного - комиссия - доставка - прочие расходы. Заполните цены и расходы, включая явные нули."
IEK:130600224_,IEK,130600224_,ORF-08D-127-265VAC,Реле фаз ORF-08D 3ф. 2 конт. 127-265В AC с контр. нейтр. ONI ORF-08D-127-265VAC NEW,шт,,1.0,minimum,0.0,,2026-09-01,monthly_balance_proxy,3,2014,"[[1, ""Лист7"", 448], [3, ""Лист_1"", 2014], [4, ""Лист_1"", 1727]]",2026-09-22,deficit,1.0,1.0,0.04592496846673876,0.13018071613502077,0.0,0.0,0.03976460030476937,1.0,7,0.0,1.0,0.04592496846673876,высокая,Прогноз 30 дней 0.05; остаток 0; поступления в срок 0; нехватка 1; заказ с учётом MOQ 1 шт. Остаток на начало сентября: требуется актуализация.,"[""blank_stock_assumed_zero"", ""category_missing"", ""daily_stockout_data_missing"", ""new_order_lead_time_unknown"", ""reservations_unknown"", ""stale_stock""]",draft,,,,,Высокий,Критический,Остаток на начало сентября; Резервы неизвестны; Нет ежедневных данных доступности,Нет запаса,"Подтвердить наличие, срок и цену закупки",0.0,KZT,1.0,0.04592496846673876,,,,,,,,Нужны цены,,,,,,,,,,,Не оценён,"Прибыль = выручка - себестоимость проданного - комиссия - доставка - прочие расходы. Заполните цены и расходы, включая явные нули."
IEK:130600229_,IEK,130600229_,,Реле задержки выключения ORT 1 конт. 12-240В AC/DC IEK  ORT-B1-ACDC12-240V NEW,шт,,,,0.0,,2026-09-01,monthly_balance_proxy,3,1960,"[[3, ""Лист_1"", 1960], [4, ""Лист_1"", 1675]]",2026-09-22,deficit,1.0,1.0,0.03177057299633944,0.09005811180205522,0.0,0.0,0.027508873251985252,1.0,10,0.0,1.0,0.03177057299633944,высокая,Прогноз 30 дней 0.03; остаток 0; поступления в срок 0; нехватка 1; заказ с учётом MOQ 1 шт. Остаток на начало сентября: требуется актуализация.,"[""blank_stock_assumed_zero"", ""category_missing"", ""daily_stockout_data_missing"", ""moq_missing"", ""new_order_lead_time_unknown"", ""reservations_unknown"", ""stale_stock"", ""supplier_sku_missing""]",draft,,,,,Высокий,Критический,Остаток на начало сентября; Резервы неизвестны; Нет артикула производителя; Нет ежедневных данных доступности,Нет запаса,"Подтвердить наличие, срок и цену закупки",0.0,KZT,1.0,0.03177057299633944,,,,,,,,Нужны цены,,,,,,,,,,,Не оценён,"Прибыль = выручка - себестоимость проданного - комиссия - доставка - прочие расходы. Заполните цены и расходы, включая явные нули."
IEK:130600236_,IEK,130600236_,,"Преобр. давл. PPT10 0,5% 0-16Бар 0-10В G1/2 DIN43650 ONI PPT-G-ST-016-0-10-2-2 NEW",шт,,,,0.0,,2026-09-01,monthly_balance_proxy,3,1812,"[[3, ""Лист_1"", 1812], [4, ""Лист_1"", 1543]]",2026-09-22,deficit,1.0,1.0,0.10525065566347361,0.29834763496625755,0.0,0.0,0.09113234900322498,1.0,9,0.0,3.0,0.10525065566347361,высокая,Прогноз 30 дней 0.11; остаток 0; поступления в срок 0; нехватка 1; заказ с учётом MOQ 1 шт. Остаток на начало сентября: требуется актуализация.,"[""blank_stock_assumed_zero"", ""category_missing"", ""daily_stockout_data_missing"", ""moq_missing"", ""new_order_lead_time_unknown"", ""reservations_unknown"", ""stale_stock"", ""supplier_sku_missing""]",draft,,,,,Высокий,Критический,Остаток на начало сентября; Резервы неизвестны; Нет артикула производителя; Нет ежедневных данных доступности,Нет запаса,"Подтвердить наличие, срок и цену закупки",0.0,KZT,1.0,0.10525065566347361,,,,,,,,Нужны цены,,,,,,,,,,,Не оценён,"Прибыль = выручка - себестоимость проданного - комиссия - доставка - прочие расходы. Заполните цены и расходы, включая явные нули."
IEK:130600242_,IEK,130600242_,,УПП SFB 3Ф 380В 30кВт 60A Uупр 110-220В Modbus ONI SFB-33-30-A-10 NEW,шт,,,,0.0,,2026-09-01,monthly_balance_proxy,3,2552,"[[3, ""Лист_1"", 2552], [4, ""Лист_1"", 2176]]",2026-09-22,deficit,1.0,1.0,0.03480184351304997,0.09865067005171732,0.0,0.0,0.030133529610757194,1.0,11,0.0,1.0,0.03480184351304997,высокая,Прогноз 30 дней 0.03; остаток 0; поступления в срок 0; нехватка 1; заказ с учётом MOQ 1 шт. Остаток на начало сентября: требуется актуализация.,"[""blank_stock_assumed_zero"", ""category_missing"", ""daily_stockout_data_missing"", ""moq_missing"", ""new_order_lead_time_unknown"", ""reservations_unknown"", ""stale_stock"", ""supplier_sku_missing""]",draft,,,,,Высокий,Критический,Остаток на начало сентября; Резервы неизвестны; Нет артикула производителя; Нет ежедневных данных доступности,Нет запаса,"Подтвердить наличие, срок и цену закупки",0.0,KZT,1.0,0.03480184351304997,,,,,,,,Нужны цены,,,,,,,,,,,Не оценён,"Прибыль = выручка - себестоимость проданного - комиссия - доставка - прочие расходы. Заполните цены и расходы, включая явные нули."
IEK:130600244_,IEK,130600244_,,УПП SFB 3Ф 380В 22кВт 45A Uупр 110-220В ONI SFB-33-22-A-00 NEW,шт,,,,0.0,,2026-09-01,monthly_balance_proxy,3,2551,"[[3, ""Лист_1"", 2551], [4, ""Лист_1"", 2175]]",2026-09-22,deficit,1.0,1.0,0.2414788221429101,0.6845053365855409,0.0,0.0,0.20908689031618588,1.0,1,0.0,1.0,0.2414788221429101,высокая,Прогноз 30 дней 0.24; остаток 0; поступления в срок 0; нехватка 1; заказ с учётом MOQ 1 шт. Остаток на начало сентября: требуется актуализация.,"[""blank_stock_assumed_zero"", ""category_missing"", ""daily_stockout_data_missing"", ""moq_missing"", ""new_order_lead_time_unknown"", ""reservations_unknown"", ""stale_stock"", ""supplier_sku_missing""]",draft,,,,,Высокий,Критический,Остаток на начало сентября; Резервы неизвестны; Нет артикула производителя; Нет ежедневных данных доступности,Нет запаса,"Подтвердить наличие, срок и цену закупки",0.0,KZT,1.0,0.2414788221429101,,,,,,,,Нужны цены,,,,,,,,,,,Не оценён,"Прибыль = выручка - себестоимость проданного - комиссия - доставка - прочие расходы. Заполните цены и расходы, включая явные нули."
IEK:130600255_,IEK,130600255_,A150-33-37NT,"Преобраз. частоты A150 380В 3Ф  3,7кВт 10А встр. торм ONI A150-33-37NT NEW(12) NEW",шт,,,,0.0,,2026-09-01,monthly_balance_proxy,3,1819,"[[3, ""Лист_1"", 1819], [4, ""Лист_1"", 1546], [5, ""Лист4"", 2022]]",2026-09-22,deficit,1.0,1.0,0.26325839552084723,0.7462425691654287,0.0,0.0,0.22794495509219784,1.0,10,0.0,8.0,0.26325839552084723,высокая,Прогноз 30 дней 0.26; остаток 0; поступления в срок 0; нехватка 1; заказ с учётом MOQ 1 шт. Остаток на начало сентября: требуется актуализация.,"[""blank_stock_assumed_zero"", ""category_missing"", ""daily_stockout_data_missing"", ""moq_missing"", ""new_order_lead_time_unknown"", ""reservations_unknown"", ""stale_stock""]",draft,,,,,Высокий,Критический,Остаток на начало сентября; Резервы неизвестны; Нет ежедневных данных доступности,Нет запаса,"Подтвердить наличие, срок и цену закупки",0.0,KZT,1.0,0.26325839552084723,,,,,,,,Нужны цены,,,,,,,,,,,Не оценён,"Прибыль = выручка - себестоимость проданного - комиссия - доставка - прочие расходы. Заполните цены и расходы, включая явные нули."
IEK:130600256_,IEK,130600256_,A150-33-22NT,"Преобраз. частоты A150 380В 3Ф  2,2кВт 6А встр. торм ONI A150-33-22NT NEW (12) NEW",шт,,,,0.0,,2026-09-01,monthly_balance_proxy,3,1818,"[[3, ""Лист_1"", 1818], [4, ""Лист_1"", 1545], [5, ""Лист4"", 2021]]",2026-09-22,deficit,1.0,1.0,0.21368387633943167,0.6057166934915001,0.0,0.0,0.18502035424074964,1.0,7,0.0,5.0,0.21368387633943167,высокая,Прогноз 30 дней 0.21; остаток 0; поступления в срок 0; нехватка 1; заказ с учётом MOQ 1 шт. Остаток на начало сентября: требуется актуализация.,"[""blank_stock_assumed_zero"", ""category_missing"", ""daily_stockout_data_missing"", ""moq_missing"", ""new_order_lead_time_unknown"", ""reservations_unknown"", ""stale_stock""]",draft,,,,,Высокий,Критический,Остаток на начало сентября; Резервы неизвестны; Нет ежедневных данных доступности,Нет запаса,"Подтвердить наличие, срок и цену закупки",0.0,KZT,1.0,0.21368387633943167,,,,,,,,Нужны цены,,,,,,,,,,,Не оценён,"Прибыль = выручка - себестоимость проданного - комиссия - доставка - прочие расходы. Заполните цены и расходы, включая явные нули."
IEK:130600261_,IEK,130600261_,,Блок питания OPS 220В AC/24В DC 30Вт ONI OPS-DC24-030B NEW,шт,,,,0.0,,2026-09-01,monthly_balance_proxy,3,681,"[[3, ""Лист_1"", 681], [4, ""Лист_1"", 607]]",2026-09-22,deficit,3.0,3.0,2.4060825179895584,6.820375837572723,0.0,0.0,2.0833309814342496,1.0,7,0.0,9.0,2.4060825179895584,высокая,Прогноз 30 дней 2.41; остаток 0; поступления в срок 0; нехватка 3; заказ с учётом MOQ 3 шт. Остаток на начало сентября: требуется актуализация.,"[""blank_stock_assumed_zero"", ""category_missing"", ""daily_stockout_data_missing"", ""moq_missing"", ""new_order_lead_time_unknown"", ""reservations_unknown"", ""stale_stock"", ""stockout_proxy_used"", ""supplier_sku_missing""]",draft,,,,,Высокий,Критический,Остаток на начало сентября; Резервы неизвестны; Нет артикула производителя; Stockout оценён по месячным снимкам; Нет ежедневных данных доступности,Нет запаса,"Подтвердить наличие, срок и цену закупки",0.0,KZT,3.0,2.4060825179895584,,,,,,,,Нужны цены,,,,,,,,,,,Не оценён,"Прибыль = выручка - себестоимость проданного - комиссия - доставка - прочие расходы. Заполните цены и расходы, включая явные нули."
IEK:130900013_,IEK,130900013_,KVK20-10-3,ВКИ-216 3Р 10А 230\400В IP40 IEK (10/120),шт,,10.0,minimum,3.0,,2026-09-01,monthly_balance_proxy,3,68,"[[1, ""Лист7"", 354], [3, ""Лист_1"", 68], [4, ""Лист_1"", 61], [5, ""Лист4"", 261]]",2026-09-22,deficit,10.0,6.0,8.089081280522919,22.929626935629347,0.0,0.0,7.004013169562603,1.0,0,0.0,75.0,5.089081280522919,высокая,Прогноз 30 дней 8.09; остаток 3; поступления в срок 0; нехватка 6; заказ с учётом MOQ 10 шт. Остаток на начало сентября: требуется актуализация.,"[""category_missing"", ""daily_stockout_data_missing"", ""new_order_lead_time_unknown"", ""reservations_unknown"", ""stale_stock""]",draft,,,,,Высокий,Высокий,Остаток на начало сентября; Резервы неизвестны; Нет ежедневных данных доступности,Запаса примерно на 11.1 дн. без поступлений,"Подтвердить наличие, срок и цену закупки",11.126108995431178,KZT,10.0,5.089081280522919,,,,,,,,Нужны цены,,,,,,,,,,,Не оценён,"Прибыль = выручка - себестоимость проданного - комиссия - доставка - прочие расходы. Заполните цены и расходы, включая явные нули."
IEK:150100723_,IEK,150100723_,UDRS-D8-100-K02,ТУТ  8/4 черная IEK (100),м,,,,1.0,,2026-09-01,monthly_balance_proxy,3,331,"[[3, ""Лист_1"", 331], [4, ""Лист_1"", 308], [5, ""Лист4"", 698]]",2026-09-22,deficit,1.447,1.447,2.4464031578001353,6.934670303977539,0.0,0.0,2.1182430168613684,1.0,1,0.0,27.0,1.4464031578001353,высокая,Прогноз 30 дней 2.45; остаток 1; поступления в срок 0; нехватка 1.447; заказ с учётом MOQ 1.447 м. Остаток на начало сентября: требуется актуализация.,"[""category_missing"", ""daily_stockout_data_missing"", ""moq_missing"", ""new_order_lead_time_unknown"", ""reservations_unknown"", ""stale_stock"", ""stockout_proxy_used""]",draft,,,,,Высокий,Высокий,Остаток на начало сентября; Резервы неизвестны; Stockout оценён по месячным снимкам; Нет ежедневных данных доступности,Запаса примерно на 12.3 дн. без поступлений,"Подтвердить наличие, срок и цену закупки",12.262901110288267,KZT,1.447,1.4464031578001353,,,,,,,,Нужны цены,,,,,,,,,,,Не оценён,"Прибыль = выручка - себестоимость проданного - комиссия - доставка - прочие расходы. Заполните цены и расходы, включая явные нули."
IEK:150100854_,IEK,150100854_,UDRS-D2-1-K02,ТУТ  2/1 черная IEK (1),м,,,,0.0,,2026-09-01,monthly_balance_proxy,3,328,"[[3, ""Лист_1"", 328], [4, ""Лист_1"", 305], [5, ""Лист4"", 695]]",2026-09-22,deficit,1.7830000000000001,1.7830000000000001,1.7822543038044416,5.052047924039886,0.0,0.0,1.543182987345256,1.0,7,0.0,7.0,1.7822543038044416,высокая,Прогноз 30 дней 1.78; остаток 0; поступления в срок 0; нехватка 1.783; заказ с учётом MOQ 1.783 м. Остаток на начало сентября: требуется актуализация.,"[""blank_stock_assumed_zero"", ""category_missing"", ""daily_stockout_data_missing"", ""moq_missing"", ""new_order_lead_time_unknown"", ""reservations_unknown"", ""stale_stock"", ""stockout_proxy_used""]",draft,,,,,Высокий,Критический,Остаток на начало сентября; Резервы неизвестны; Stockout оценён по месячным снимкам; Нет ежедневных данных доступности,Нет запаса,"Подтвердить наличие, срок и цену закупки",0.0,KZT,1.7830000000000001,1.7822543038044416,,,,,,,,Нужны цены,,,,,,,,,,,Не оценён,"Прибыль = выручка - себестоимость проданного - комиссия - доставка - прочие расходы. Заполните цены и расходы, включая явные нули."
IEK:150100961_,IEK,150100961_,UDRS-D6-100-K02,ТУТ  6/3 черная IEK (200),м,,,,0.0,,2026-09-01,monthly_balance_proxy,3,330,"[[3, ""Лист_1"", 330], [4, ""Лист_1"", 307], [5, ""Лист4"", 697]]",2026-09-22,deficit,0.509,0.509,0.5080454875481488,1.4401256572682055,0.0,0.0,0.43989634448252946,0.75,1,0.0,11.0,0.5080454875481488,высокая,Прогноз 30 дней 0.51; остаток 0; поступления в срок 0; нехватка 0.509; заказ с учётом MOQ 0.509 м. Остаток на начало сентября: требуется актуализация.,"[""blank_stock_assumed_zero"", ""category_missing"", ""daily_stockout_data_missing"", ""moq_missing"", ""new_order_lead_time_unknown"", ""reservations_unknown"", ""stale_stock"", ""stockout_proxy_used""]",draft,,,,,Высокий,Критический,Остаток на начало сентября; Резервы неизвестны; Stockout оценён по месячным снимкам; Нет ежедневных данных доступности,Нет запаса,"Подтвердить наличие, срок и цену закупки",0.0,KZT,0.509,0.5080454875481488,,,,,,,,Нужны цены,,,,,,,,,,,Не оценён,"Прибыль = выручка - себестоимость проданного - комиссия - доставка - прочие расходы. Заполните цены и расходы, включая явные нули."
IEK:150101188_,IEK,150101188_,LT-UBU0-5107-GU10-1-K01,Светильник уличный 5107 настенный GU10 IP65 белый IEK,шт,,1.0,minimum,0.0,,2026-09-01,monthly_balance_proxy,3,2219,"[[1, ""Лист7"", 18], [3, ""Лист_1"", 2219], [4, ""Лист_1"", 1916], [5, ""Лист4"", 2226]]",2026-09-22,deficit,1.0,1.0,0.03480184351304997,0.09865067005171732,0.0,0.0,0.030133529610757194,1.0,10,0.0,1.0,0.03480184351304997,высокая,Прогноз 30 дней 0.03; остаток 0; поступления в срок 0; нехватка 1; заказ с учётом MOQ 1 шт. Остаток на начало сентября: требуется актуализация.,"[""blank_stock_assumed_zero"", ""category_missing"", ""daily_stockout_data_missing"", ""new_order_lead_time_unknown"", ""reservations_unknown"", ""stale_stock""]",draft,,,,,Высокий,Критический,Остаток на начало сентября; Резервы неизвестны; Нет ежедневных данных доступности,Нет запаса,"Подтвердить наличие, срок и цену закупки",0.0,KZT,1.0,0.03480184351304997,,,,,,,,Нужны цены,,,,,,,,,,,Не оценён,"Прибыль = выручка - себестоимость проданного - комиссия - доставка - прочие расходы. Заполните цены и расходы, включая явные нули."
IEK:150101194_,IEK,150101194_,LT-UBU0-5220-GU10-1-K01,Светильник уличный 5220 настенный GU10 IP65 белый IEK,шт,,1.0,minimum,0.0,,2026-09-01,monthly_balance_proxy,3,2232,"[[1, ""Лист7"", 29], [3, ""Лист_1"", 2232], [4, ""Лист_1"", 1928], [5, ""Лист4"", 2232]]",2026-09-22,deficit,1.0,1.0,0.03480184351304997,0.09865067005171732,0.0,0.0,0.030133529610757194,1.0,10,0.0,1.0,0.03480184351304997,высокая,Прогноз 30 дней 0.03; остаток 0; поступления в срок 0; нехватка 1; заказ с учётом MOQ 1 шт. Остаток на начало сентября: требуется актуализация.,"[""blank_stock_assumed_zero"", ""category_missing"", ""daily_stockout_data_missing"", ""new_order_lead_time_unknown"", ""reservations_unknown"", ""stale_stock""]",draft,,,,,Высокий,Критический,Остаток на начало сентября; Резервы неизвестны; Нет ежедневных данных доступности,Нет запаса,"Подтвердить наличие, срок и цену закупки",0.0,KZT,1.0,0.03480184351304997,,,,,,,,Нужны цены,,,,,,,,,,,Не оценён,"Прибыль = выручка - себестоимость проданного - комиссия - доставка - прочие расходы. Заполните цены и расходы, включая явные нули."
IEK:150101197_,IEK,150101197_,LT-UBU0-5221-GU10-2-K01,Светильник уличный 5221 настенный 2хGU10 IP65 белый IEK,шт,,1.0,minimum,0.0,,2026-09-01,monthly_balance_proxy,3,2235,"[[1, ""Лист7"", 32], [3, ""Лист_1"", 2235], [4, ""Лист_1"", 1931], [5, ""Лист4"", 2235]]",2026-09-22,deficit,1.0,1.0,0.10440553053914996,0.2959520101551521,0.0,0.0,0.09040058883227159,1.0,10,0.0,3.0,0.10440553053914996,высокая,Прогноз 30 дней 0.10; остаток 0; поступления в срок 0; нехватка 1; заказ с учётом MOQ 1 шт. Остаток на начало сентября: требуется актуализация.,"[""blank_stock_assumed_zero"", ""category_missing"", ""daily_stockout_data_missing"", ""new_order_lead_time_unknown"", ""reservations_unknown"", ""stale_stock""]",draft,,,,,Высокий,Критический,Остаток на начало сентября; Резервы неизвестны; Нет ежедневных данных доступности,Нет запаса,"Подтвердить наличие, срок и цену закупки",0.0,KZT,1.0,0.10440553053914996,,,,,,,,Нужны цены,,,,,,,,,,,Не оценён,"Прибыль = выручка - себестоимость проданного - комиссия - доставка - прочие расходы. Заполните цены и расходы, включая явные нули."
IEK:150101213_,IEK,150101213_,,Патрон подвесной GU5.3 со шнуром керамика IEK  E-PRO,шт,,,,0.0,,2026-09-01,monthly_balance_proxy,3,1650,"[[3, ""Лист_1"", 1650], [4, ""Лист_1"", 1427]]",2026-09-22,deficit,79.0,79.0,78.34368731204141,222.07608757153994,0.0,0.0,67.83467722185638,1.0,7,0.0,401.0,78.34368731204141,высокая,Прогноз 30 дней 78.34; остаток 0; поступления в срок 0; нехватка 79; заказ с учётом MOQ 79 шт. Остаток на начало сентября: требуется актуализация.,"[""blank_stock_assumed_zero"", ""category_missing"", ""daily_stockout_data_missing"", ""moq_missing"", ""new_order_lead_time_unknown"", ""reservations_unknown"", ""stale_stock"", ""stockout_proxy_used"", ""supplier_sku_missing""]",draft,,,,,Высокий,Критический,Остаток на начало сентября; Резервы неизвестны; Нет артикула производителя; Stockout оценён по месячным снимкам; Нет ежедневных данных доступности,Нет запаса,"Подтвердить наличие, срок и цену закупки",0.0,KZT,79.0,78.34368731204141,,,,,,,,Нужны цены,,,,,,,,,,,Не оценён,"Прибыль = выручка - себестоимость проданного - комиссия - доставка - прочие расходы. Заполните цены и расходы, включая явные нули."
IEK:151000083_,IEK,151000083_,LNPP0-1402-1-060-K01,НПП 1402-60  бел/овал с реш. IP54 IEK(12) !!!,шт,,,,0.0,,2026-09-01,monthly_balance_proxy,3,1579,"[[3, ""Лист_1"", 1579], [4, ""Лист_1"", 1369], [5, ""Лист4"", 1049]]",2026-09-22,deficit,1.0,1.0,0.9107638072095648,2.5816867950223843,0.0,0.0,0.7885940910763608,1.0,10,0.0,26.0,0.9107638072095648,высокая,Прогноз 30 дней 0.91; остаток 0; поступления в срок 0; нехватка 1; заказ с учётом MOQ 1 шт. Остаток на начало сентября: требуется актуализация.,"[""blank_stock_assumed_zero"", ""category_missing"", ""daily_stockout_data_missing"", ""moq_missing"", ""new_order_lead_time_unknown"", ""reservations_unknown"", ""stale_stock""]",draft,,,,,Высокий,Критический,Остаток на начало сентября; Резервы неизвестны; Нет ежедневных данных доступности,Нет запаса,"Подтвердить наличие, срок и цену закупки",0.0,KZT,1.0,0.9107638072095648,,,,,,,,Нужны цены,,,,,,,,,,,Не оценён,"Прибыль = выручка - себестоимость проданного - комиссия - доставка - прочие расходы. Заполните цены и расходы, включая явные нули."
IEK:151000175_,IEK,151000175_,WSP20-10-K09,Переноска УП-1Р 10м. плоск. вилка IEK,шт,,1.0,minimum,1.0,,2026-09-01,monthly_balance_proxy,3,1675,"[[1, ""Лист7"", 58], [3, ""Лист_1"", 1675], [4, ""Лист_1"", 1443], [5, ""Лист4"", 53]]",2026-09-22,deficit,9.0,9.0,9.913039893635334,28.09989152987915,0.0,0.0,8.583306256620158,0.75,0,10.0,183.0,8.913039893635334,высокая,Прогноз 30 дней 9.91; остаток 1; поступления в срок 0; нехватка 9; заказ с учётом MOQ 9 шт. Остаток на начало сентября: требуется актуализация.,"[""category_missing"", ""daily_stockout_data_missing"", ""large_orders_detected"", ""new_order_lead_time_unknown"", ""reservations_unknown"", ""stale_stock"", ""transaction_month_mismatch""]",draft,,,,,Высокий,Критический,Остаток на начало сентября; Резервы неизвестны; Детальные и месячные продажи расходятся; Нет ежедневных данных доступности,Запаса примерно на 3.0 дн. без поступлений,"Подтвердить наличие, срок и цену закупки",3.026316883810938,KZT,9.0,8.913039893635334,,,,,,,,Нужны цены,,,,,,,,,,,Не оценён,"Прибыль = выручка - себестоимость проданного - комиссия - доставка - прочие расходы. Заполните цены и расходы, включая явные нули."
IEK:151000734_,IEK,151000734_,TSC-1SL-375,Отвертка Master 3х75мм IEK (12),шт,,,,0.0,,2026-09-01,monthly_balance_proxy,3,1619,"[[3, ""Лист_1"", 1619], [4, ""Лист_1"", 1402], [5, ""Лист4"", 832]]",2026-09-22,deficit,1.0,1.0,0.282216284790591,0.7999813453462122,0.0,0.0,0.24435983602955574,1.0,2,0.0,1.0,0.282216284790591,высокая,Прогноз 30 дней 0.28; остаток 0; поступления в срок 0; нехватка 1; заказ с учётом MOQ 1 шт. Остаток на начало сентября: требуется актуализация.,"[""blank_stock_assumed_zero"", ""category_missing"", ""daily_stockout_data_missing"", ""moq_missing"", ""new_order_lead_time_unknown"", ""reservations_unknown"", ""stale_stock""]",draft,,,,,Высокий,Критический,Остаток на начало сентября; Резервы неизвестны; Нет ежедневных данных доступности,Нет запаса,"Подтвердить наличие, срок и цену закупки",0.0,KZT,1.0,0.282216284790591,,,,,,,,Нужны цены,,,,,,,,,,,Не оценён,"Прибыль = выручка - себестоимость проданного - комиссия - доставка - прочие расходы. Заполните цены и расходы, включая явные нули."
IEK:151300042_,IEK,151300042_,,"LED A60 ""Шар"" 11w 230v 6500К E27 IEK",шт,,,,0.0,,2026-09-01,monthly_balance_proxy,3,588,"[[3, ""Лист_1"", 588], [4, ""Лист_1"", 530]]",2026-09-22,deficit,1.0,1.0,0.07590897093921535,0.21517454508643796,0.0,0.0,0.06572655332644153,1.0,8,0.0,2.0,0.07590897093921535,высокая,Прогноз 30 дней 0.08; остаток 0; поступления в срок 0; нехватка 1; заказ с учётом MOQ 1 шт. Остаток на начало сентября: требуется актуализация.,"[""blank_stock_assumed_zero"", ""category_missing"", ""daily_stockout_data_missing"", ""moq_missing"", ""new_order_lead_time_unknown"", ""reservations_unknown"", ""stale_stock"", ""supplier_sku_missing""]",draft,,,,,Высокий,Критический,Остаток на начало сентября; Резервы неизвестны; Нет артикула производителя; Нет ежедневных данных доступности,Нет запаса,"Подтвердить наличие, срок и цену закупки",0.0,KZT,1.0,0.07590897093921535,,,,,,,,Нужны цены,,,,,,,,,,,Не оценён,"Прибыль = выручка - себестоимость проданного - комиссия - доставка - прочие расходы. Заполните цены и расходы, включая явные нули."
IEK:200400015_,IEK,200400015_,EAK10-K01-DM,I10 розетка TV КВАРТА РТВ 10-КБ (200),шт,,10.0,minimum,0.0,,2026-09-01,monthly_balance_proxy,3,555,"[[1, ""Лист7"", 471], [3, ""Лист_1"", 555], [4, ""Лист_1"", 502], [5, ""Лист4"", 345]]",2026-09-22,deficit,10.0,1.0,0.4829576442858202,1.3690106731710818,0.0,0.0,0.41817378063237176,1.0,1,0.0,2.0,0.4829576442858202,высокая,Прогноз 30 дней 0.48; остаток 0; поступления в срок 0; нехватка 1; заказ с учётом MOQ 10 шт. Остаток на начало сентября: требуется актуализация.,"[""blank_stock_assumed_zero"", ""category_missing"", ""daily_stockout_data_missing"", ""new_order_lead_time_unknown"", ""reservations_unknown"", ""stale_stock""]",draft,,,,,Высокий,Критический,Остаток на начало сентября; Резервы неизвестны; Нет ежедневных данных доступности,Нет запаса,"Подтвердить наличие, срок и цену закупки",0.0,KZT,10.0,0.4829576442858202,,,,,,,,Нужны цены,,,,,,,,,,,Не оценён,"Прибыль = выручка - себестоимость проданного - комиссия - доставка - прочие расходы. Заполните цены и расходы, включая явные нули."
IEK:200400019_,IEK,200400019_,EVO10-K01-10-DC,I18 выкл. 1кл. о/у 10А ОКТАВА ВС 20-1-0-ОБ (36/432),шт,,36.0,minimum,194.0,,2026-09-01,monthly_balance_proxy,3,563,"[[1, ""Лист7"", 479], [3, ""Лист_1"", 563], [4, ""Лист_1"", 510], [5, ""Лист4"", 362]]",2026-09-22,deficit,94.0,94.0,287.8117211798516,815.8423887080492,0.0,0.0,249.20470144760947,1.25,0,0.0,2293.0,93.81172117985159,высокая,Прогноз 30 дней 287.81; остаток 194; поступления в срок 0; нехватка 94; заказ с учётом MOQ 94 шт. Остаток на начало сентября: требуется актуализация.,"[""category_missing"", ""daily_stockout_data_missing"", ""large_orders_detected"", ""new_order_lead_time_unknown"", ""reservations_unknown"", ""stale_stock"", ""transaction_month_mismatch""]",draft,,,,,Высокий,Средний,Остаток на начало сентября; Резервы неизвестны; Детальные и месячные продажи расходятся; Нет ежедневных данных доступности,Запаса примерно на 20.2 дн. без поступлений,"Подтвердить наличие, срок и цену закупки",20.221553090824685,KZT,94.0,93.81172117985159,,,,,,,,Нужны цены,,,,,,,,,,,Не оценён,"Прибыль = выручка - себестоимость проданного - комиссия - доставка - прочие расходы. Заполните цены и расходы, включая явные нули."
IEK:200400024_,IEK,200400024_,ERO11-K01-16-DC,I23 роз. о/у з/к 16А ОКТАВА РС 20-3-0-ОБ (30/360),шт,,30.0,minimum,41.0,,2026-09-01,monthly_balance_proxy,3,568,"[[1, ""Лист7"", 484], [3, ""Лист_1"", 568], [4, ""Лист_1"", 515], [5, ""Лист4"", 367]]",2026-09-22,deficit,98.0,98.0,138.16175583633006,391.63872981800137,0.0,0.0,119.62875929279727,0.8333458892194301,0,0.0,2078.0,97.16175583633006,высокая,Прогноз 30 дней 138.16; остаток 41; поступления в срок 0; нехватка 98; заказ с учётом MOQ 98 шт. Остаток на начало сентября: требуется актуализация.,"[""category_missing"", ""daily_stockout_data_missing"", ""large_orders_detected"", ""new_order_lead_time_unknown"", ""reservations_unknown"", ""stale_stock"", ""transaction_month_mismatch""]",draft,,,,,Высокий,Высокий,Остаток на начало сентября; Резервы неизвестны; Детальные и месячные продажи расходятся; Нет ежедневных данных доступности,Запаса примерно на 8.9 дн. без поступлений,"Подтвердить наличие, срок и цену закупки",8.902608341610028,KZT,98.0,97.16175583633006,,,,,,,,Нужны цены,,,,,,,,,,,Не оценён,"Прибыль = выручка - себестоимость проданного - комиссия - доставка - прочие расходы. Заполните цены и расходы, включая явные нули."
IEK:200400028_,IEK,200400028_,ERMP22-K03-16-54-EC,I29 роз 2-я з/к о/у дымчатый IP54 ГЕРМЕС IEK РСб22-3-ГПБд  (5/50),шт,,5.0,minimum,271.0,,2026-09-01,monthly_balance_proxy,3,574,"[[1, ""Лист7"", 490], [3, ""Лист_1"", 574], [4, ""Лист_1"", 521], [5, ""Лист4"", 373]]",2026-09-22,deficit,9.0,9.0,379.51254870417034,1075.7811496009554,100.0,100.0,328.60479416105505,1.25,0,349.0,2729.0,8.512548704170342,высокая,Прогноз 30 дней 379.51; остаток 271; поступления в срок 100; нехватка 9; заказ с учётом MOQ 9 шт. Остаток на начало сентября: требуется актуализация.,"[""category_missing"", ""daily_stockout_data_missing"", ""large_orders_detected"", ""new_order_lead_time_unknown"", ""reservations_unknown"", ""stale_stock"", ""transaction_month_mismatch""]",draft,,,,,Высокий,Средний,Остаток на начало сентября; Резервы неизвестны; Детальные и месячные продажи расходятся; Нет ежедневных данных доступности,Запаса примерно на 21.4 дн. без поступлений,"Подтвердить наличие, срок и цену закупки",21.42221654530145,KZT,9.0,8.512548704170342,,,,,,,,Нужны цены,,,,,,,,,,,Не оценён,"Прибыль = выручка - себестоимость проданного - комиссия - доставка - прочие расходы. Заполните цены и расходы, включая явные нули."
IEK:200400029_,IEK,200400029_,EVMP10-K01-10-54-EC,I26 выкл 1кл о/у белый IP54 ГЕРМЕС IEK ВС20-1-0-ГПБ  (10/100),шт,,10.0,minimum,91.0,,2026-09-01,monthly_balance_proxy,3,571,"[[1, ""Лист7"", 487], [3, ""Лист_1"", 571], [4, ""Лист_1"", 518], [5, ""Лист4"", 370]]",2026-09-22,deficit,56.0,56.0,146.04727469294693,413.99133072602433,0.0,0.0,126.45651587048977,1.0,0,0.0,1211.0,55.04727469294693,высокая,Прогноз 30 дней 146.05; остаток 91; поступления в срок 0; нехватка 56; заказ с учётом MOQ 56 шт. Остаток на начало сентября: требуется актуализация.,"[""category_missing"", ""daily_stockout_data_missing"", ""large_orders_detected"", ""new_order_lead_time_unknown"", ""reservations_unknown"", ""stale_stock"", ""transaction_month_mismatch""]",draft,,,,,Высокий,Средний,Остаток на начало сентября; Резервы неизвестны; Детальные и месячные продажи расходятся; Нет ежедневных данных доступности,Запаса примерно на 18.7 дн. без поступлений,"Подтвердить наличие, срок и цену закупки",18.69257749409986,KZT,56.0,55.04727469294693,,,,,,,,Нужны цены,,,,,,,,,,,Не оценён,"Прибыль = выручка - себестоимость проданного - комиссия - доставка - прочие расходы. Заполните цены и расходы, включая явные нули."
IEK:200400050_,IEK,200400050_,KMM11-006-230-10,Миниконтактор МКИ-10610 6А 230В IEK (1/100),шт,,1.0,minimum,5.0,,2026-09-01,monthly_balance_proxy,3,7,"[[1, ""Лист7"", 284], [3, ""Лист_1"", 7], [4, ""Лист_1"", 5], [5, ""Лист4"", 182]]",2026-09-22,deficit,3.0,3.0,7.871819998283216,22.31376958711836,0.0,0.0,6.815895282095343,1.173878800011342,0,0.0,60.0,2.8718199982832164,высокая,Прогноз 30 дней 7.87; остаток 5; поступления в срок 0; нехватка 3; заказ с учётом MOQ 3 шт. Остаток на начало сентября: требуется актуализация.,"[""category_missing"", ""daily_stockout_data_missing"", ""new_order_lead_time_unknown"", ""reservations_unknown"", ""stale_stock""]",draft,,,,,Высокий,Средний,Остаток на начало сентября; Резервы неизвестны; Нет ежедневных данных доступности,Запаса примерно на 19.1 дн. без поступлений,"Подтвердить наличие, срок и цену закупки",19.05531376895227,KZT,3.0,2.8718199982832164,,,,,,,,Нужны цены,,,,,,,,,,,Не оценён,"Прибыль = выручка - себестоимость проданного - комиссия - доставка - прочие расходы. Заполните цены и расходы, включая явные нули."
IEK:201000017_,IEK,201000017_,CNT-A310D33V15-18TELZ,"Преобраз. частоты CONTROL-A310 380В 3Ф  15-18,5кВт 32-37A IEK NEW",шт,,,,0.0,,2026-09-01,monthly_balance_proxy,3,1824,"[[3, ""Лист_1"", 1824], [4, ""Лист_1"", 1551], [5, ""Лист4"", 2026]]",2026-09-22,deficit,1.0,1.0,0.03480184351304997,0.09865067005171732,0.0,0.0,0.030133529610757194,1.0,11,0.0,1.0,0.03480184351304997,высокая,Прогноз 30 дней 0.03; остаток 0; поступления в срок 0; нехватка 1; заказ с учётом MOQ 1 шт. Остаток на начало сентября: требуется актуализация.,"[""blank_stock_assumed_zero"", ""category_missing"", ""daily_stockout_data_missing"", ""moq_missing"", ""new_order_lead_time_unknown"", ""reservations_unknown"", ""stale_stock""]",draft,,,,,Высокий,Критический,Остаток на начало сентября; Резервы неизвестны; Нет ежедневных данных доступности,Нет запаса,"Подтвердить наличие, срок и цену закупки",0.0,KZT,1.0,0.03480184351304997,,,,,,,,Нужны цены,,,,,,,,,,,Не оценён,"Прибыль = выручка - себестоимость проданного - комиссия - доставка - прочие расходы. Заполните цены и расходы, включая явные нули."
IEK:201000020_,IEK,201000020_,CNT-A310D33V37-45TE,Преобраз. частоты CONTROL-A310 380В 3Ф  37-45кВт 75-90А IEK (1) NEW,шт,,,,0.0,,2026-09-01,monthly_balance_proxy,3,1826,"[[3, ""Лист_1"", 1826], [4, ""Лист_1"", 1553], [5, ""Лист4"", 2029]]",2026-09-22,deficit,1.0,1.0,0.04592496846673876,0.13018071613502077,0.0,0.0,0.03976460030476937,1.0,7,0.0,1.0,0.04592496846673876,высокая,Прогноз 30 дней 0.05; остаток 0; поступления в срок 0; нехватка 1; заказ с учётом MOQ 1 шт. Остаток на начало сентября: требуется актуализация.,"[""blank_stock_assumed_zero"", ""category_missing"", ""daily_stockout_data_missing"", ""moq_missing"", ""new_order_lead_time_unknown"", ""reservations_unknown"", ""stale_stock""]",draft,,,,,Высокий,Критический,Остаток на начало сентября; Резервы неизвестны; Нет ежедневных данных доступности,Нет запаса,"Подтвердить наличие, срок и цену закупки",0.0,KZT,1.0,0.04592496846673876,,,,,,,,Нужны цены,,,,,,,,,,,Не оценён,"Прибыль = выручка - себестоимость проданного - комиссия - доставка - прочие расходы. Заполните цены и расходы, включая явные нули."
IEK:240100012_,IEK,240100012_,UHH31-D048-500-100,"Хомут 4,8х500 IEK (100)",упак,,10.0,minimum,1.0,,2026-09-01,monthly_balance_proxy,3,442,"[[1, ""Лист7"", 1503], [3, ""Лист_1"", 442], [4, ""Лист_1"", 407], [5, ""Лист4"", 787]]",2026-09-22,deficit,10.0,10.0,10.00956139163739,28.373495152305832,0.0,0.0,8.666880375819588,1.25,1,0.0,65.0,9.00956139163739,высокая,Прогноз 30 дней 10.01; остаток 1; поступления в срок 0; нехватка 10; заказ с учётом MOQ 10 упак. Остаток на начало сентября: требуется актуализация.,"[""category_missing"", ""daily_stockout_data_missing"", ""new_order_lead_time_unknown"", ""reservations_unknown"", ""stale_stock"", ""stockout_proxy_used""]",draft,,,,,Высокий,Критический,Остаток на начало сентября; Резервы неизвестны; Stockout оценён по месячным снимкам; Нет ежедневных данных доступности,Запаса примерно на 3.0 дн. без поступлений,"Подтвердить наличие, срок и цену закупки",2.997134322495276,KZT,10.0,9.00956139163739,,,,,,,,Нужны цены,,,,,,,,,,,Не оценён,"Прибыль = выручка - себестоимость проданного - комиссия - доставка - прочие расходы. Заполните цены и расходы, включая явные нули."
IEK:240100093_,IEK,240100093_,UHH32-D036-350-100,"Хомут 3,6х350 черные IEK (100)",упак,,20.0,minimum,2.0,,2026-09-01,monthly_balance_proxy,3,2573,"[[1, ""Лист7"", 1495], [3, ""Лист_1"", 2573], [4, ""Лист_1"", 2197], [5, ""Лист4"", 777]]",2026-09-22,deficit,29.0,29.0,30.934421541819184,87.6879241071932,0.0,0.0,26.784883024156777,1.0,0,0.0,315.0,28.934421541819184,высокая,Прогноз 30 дней 30.93; остаток 2; поступления в срок 0; нехватка 29; заказ с учётом MOQ 29 упак. Остаток на начало сентября: требуется актуализация.,"[""category_missing"", ""daily_stockout_data_missing"", ""new_order_lead_time_unknown"", ""reservations_unknown"", ""stale_stock""]",draft,,,,,Высокий,Критический,Остаток на начало сентября; Резервы неизвестны; Нет ежедневных данных доступности,Запаса примерно на 1.9 дн. без поступлений,"Подтвердить наличие, срок и цену закупки",1.9395869393868592,KZT,29.0,28.934421541819184,,,,,,,,Нужны цены,,,,,,,,,,,Не оценён,"Прибыль = выручка - себестоимость проданного - комиссия - доставка - прочие расходы. Заполните цены и расходы, включая явные нули."
IEK:240100097_,IEK,240100097_,UHP31-30-100,Площадка (самоклеющаяся) черная 30х30 IEK (100),упак,,5.0,minimum,1.0,,2026-09-01,monthly_balance_proxy,3,1721,"[[1, ""Лист7"", 1513], [3, ""Лист_1"", 1721], [4, ""Лист_1"", 1479], [5, ""Лист4"", 1228]]",2026-09-22,deficit,5.0,2.0,2.6542967174839194,7.523973538863674,0.0,0.0,2.2982497666264474,1.0,0,0.0,18.0,1.6542967174839194,высокая,Прогноз 30 дней 2.65; остаток 1; поступления в срок 0; нехватка 2; заказ с учётом MOQ 5 упак. Остаток на начало сентября: требуется актуализация.,"[""category_missing"", ""daily_stockout_data_missing"", ""new_order_lead_time_unknown"", ""reservations_unknown"", ""stale_stock""]",draft,,,,,Высокий,Высокий,Остаток на начало сентября; Резервы неизвестны; Нет ежедневных данных доступности,Запаса примерно на 11.3 дн. без поступлений,"Подтвердить наличие, срок и цену закупки",11.302428926799797,KZT,5.0,1.6542967174839194,,,,,,,,Нужны цены,,,,,,,,,,,Не оценён,"Прибыль = выручка - себестоимость проданного - комиссия - доставка - прочие расходы. Заполните цены и расходы, включая явные нули."
IEK:240200017_,IEK,240200017_,USK11-16-100,Круглая скоба 16мм IEK (100),упак,,,,0.0,,2026-09-01,monthly_balance_proxy,3,1456,"[[3, ""Лист_1"", 1456], [4, ""Лист_1"", 1258], [5, ""Лист4"", 808]]",2026-09-22,deficit,1.0,1.0,0.10137426002243945,0.28735945190549056,0.0,0.0,0.08777593247349963,1.0,10,0.0,3.0,0.10137426002243945,высокая,Прогноз 30 дней 0.10; остаток 0; поступления в срок 0; нехватка 1; заказ с учётом MOQ 1 упак. Остаток на начало сентября: требуется актуализация.,"[""blank_stock_assumed_zero"", ""category_missing"", ""daily_stockout_data_missing"", ""moq_missing"", ""new_order_lead_time_unknown"", ""reservations_unknown"", ""stale_stock""]",draft,,,,,Высокий,Критический,Остаток на начало сентября; Резервы неизвестны; Нет ежедневных данных доступности,Нет запаса,"Подтвердить наличие, срок и цену закупки",0.0,KZT,1.0,0.10137426002243945,,,,,,,,Нужны цены,,,,,,,,,,,Не оценён,"Прибыль = выручка - себестоимость проданного - комиссия - доставка - прочие расходы. Заполните цены и расходы, включая явные нули."
IEK:240300019_,IEK,240300019_,UMK10-6,"Маркер МК1-2,5мм символ ""6"" 1000шт\ролл IEK",упак,,1.0,minimum,0.0,,2026-09-01,monthly_balance_proxy,3,1535,"[[1, ""Лист7"", 1437], [3, ""Лист_1"", 1535], [4, ""Лист_1"", 1332], [5, ""Лист4"", 687]]",2026-09-22,deficit,1.0,1.0,0.08112757515004289,0.22996740518132958,0.0,0.0,0.07024513477615196,1.0,10,0.0,2.0,0.08112757515004289,высокая,Прогноз 30 дней 0.08; остаток 0; поступления в срок 0; нехватка 1; заказ с учётом MOQ 1 упак. Остаток на начало сентября: требуется актуализация.,"[""blank_stock_assumed_zero"", ""category_missing"", ""daily_stockout_data_missing"", ""new_order_lead_time_unknown"", ""reservations_unknown"", ""stale_stock""]",draft,,,,,Высокий,Критический,Остаток на начало сентября; Резервы неизвестны; Нет ежедневных данных доступности,Нет запаса,"Подтвердить наличие, срок и цену закупки",0.0,KZT,1.0,0.08112757515004289,,,,,,,,Нужны цены,,,,,,,,,,,Не оценён,"Прибыль = выручка - себестоимость проданного - комиссия - доставка - прочие расходы. Заполните цены и расходы, включая явные нули."
IEK:250200016_,IEK,250200016_,MKM14-N-24-31-Z,ЩРН-24 (395x210x120) IEK,шт,,1.0,minimum,2.0,,2026-09-01,monthly_balance_proxy,3,2754,"[[1, ""Лист7"", 1532], [3, ""Лист_1"", 2754], [4, ""Лист_1"", 2370], [5, ""Лист4"", 904]]",2026-09-22,deficit,10.0,10.0,11.284492972173243,31.987466195040803,0.0,0.0,9.770792831473278,1.25,0,8.0,84.0,9.284492972173243,высокая,Прогноз 30 дней 11.28; остаток 2; поступления в срок 0; нехватка 10; заказ с учётом MOQ 10 шт. Остаток на начало сентября: требуется актуализация.,"[""category_missing"", ""daily_stockout_data_missing"", ""large_orders_detected"", ""new_order_lead_time_unknown"", ""reservations_unknown"", ""stale_stock""]",draft,,,,,Высокий,Критический,Остаток на начало сентября; Резервы неизвестны; Нет ежедневных данных доступности,Запаса примерно на 5.3 дн. без поступлений,"Подтвердить наличие, срок и цену закупки",5.317031092841808,KZT,10.0,9.284492972173243,,,,,,,,Нужны цены,,,,,,,,,,,Не оценён,"Прибыль = выручка - себестоимость проданного - комиссия - доставка - прочие расходы. Заполните цены и расходы, включая явные нули."
IEK:250200060_,IEK,250200060_,MKM51-N-04-54,ЩУ-1ф/1-1 IP54 2двери (310x300x150) IEK,шт,,1.0,minimum,0.0,,2026-09-01,monthly_balance_proxy,3,2830,"[[1, ""Лист7"", 1631], [3, ""Лист_1"", 2830], [4, ""Лист_1"", 2443], [5, ""Лист4"", 910]]",2026-09-22,deficit,1.0,1.0,0.380058847500702,1.0773297095876153,0.0,0.0,0.32907781252157486,1.0,0,0.0,5.0,0.380058847500702,высокая,Прогноз 30 дней 0.38; остаток 0; поступления в срок 0; нехватка 1; заказ с учётом MOQ 1 шт. Остаток на начало сентября: требуется актуализация.,"[""blank_stock_assumed_zero"", ""category_missing"", ""daily_stockout_data_missing"", ""new_order_lead_time_unknown"", ""reservations_unknown"", ""stale_stock""]",draft,,,,,Высокий,Критический,Остаток на начало сентября; Резервы неизвестны; Нет ежедневных данных доступности,Нет запаса,"Подтвердить наличие, срок и цену закупки",0.0,KZT,1.0,0.380058847500702,,,,,,,,Нужны цены,,,,,,,,,,,Не оценён,"Прибыль = выручка - себестоимость проданного - комиссия - доставка - прочие расходы. Заполните цены и расходы, включая явные нули."
IEK:250600063_,IEK,250600063_,YKM41-03-31-L,ЩМП-3 IP 31 (650х500х150) LIGHT IEK !,шт,,,,0.0,,2026-09-01,monthly_balance_proxy,3,2669,"[[3, ""Лист_1"", 2669], [4, ""Лист_1"", 2288], [5, ""Лист4"", 922]]",2026-09-22,deficit,1.0,1.0,0.6611626720255975,1.874157631449935,0.0,0.0,0.5724744135332922,1.0,3,0.0,5.0,0.6611626720255975,высокая,Прогноз 30 дней 0.66; остаток 0; поступления в срок 0; нехватка 1; заказ с учётом MOQ 1 шт. Остаток на начало сентября: требуется актуализация.,"[""blank_stock_assumed_zero"", ""category_missing"", ""daily_stockout_data_missing"", ""moq_missing"", ""new_order_lead_time_unknown"", ""reservations_unknown"", ""stale_stock"", ""stockout_proxy_used""]",draft,,,,,Высокий,Критический,Остаток на начало сентября; Резервы неизвестны; Stockout оценён по месячным снимкам; Нет ежедневных данных доступности,Нет запаса,"Подтвердить наличие, срок и цену закупки",0.0,KZT,1.0,0.6611626720255975,,,,,,,,Нужны цены,,,,,,,,,,,Не оценён,"Прибыль = выручка - себестоимость проданного - комиссия - доставка - прочие расходы. Заполните цены и расходы, включая явные нули."
IEK:250600087_,IEK,250600087_,MKP31-N-02-30-252,Бокс КМПн 1/2 для 1-2-х авт.выкл н/у IEK (252),шт,,252.0,minimum,28.0,,2026-09-01,monthly_balance_proxy,3,689,"[[1, ""Лист7"", 969], [3, ""Лист_1"", 689], [4, ""Лист_1"", 615], [5, ""Лист4"", 397]]",2026-09-22,deficit,1096.0,1096.0,1123.7291558782683,3185.366721808083,0.0,0.0,972.9923008369218,1.25,0,1685.0,10545.0,1095.7291558782683,высокая,Прогноз 30 дней 1123.73; остаток 28; поступления в срок 0; нехватка 1096; заказ с учётом MOQ 1096 шт. Остаток на начало сентября: требуется актуализация.,"[""category_missing"", ""daily_stockout_data_missing"", ""large_orders_detected"", ""new_order_lead_time_unknown"", ""reservations_unknown"", ""stale_stock"", ""transaction_month_mismatch""]",draft,,,,,Высокий,Критический,Остаток на начало сентября; Резервы неизвестны; Детальные и месячные продажи расходятся; Нет ежедневных данных доступности,Запаса примерно на 0.7 дн. без поступлений,"Подтвердить наличие, срок и цену закупки",0.7475110845045972,KZT,1096.0,1095.7291558782683,,,,,,,,Нужны цены,,,,,,,,,,,Не оценён,"Прибыль = выручка - себестоимость проданного - комиссия - доставка - прочие расходы. Заполните цены и расходы, включая явные нули."
IEK:250600116_,IEK,250600116_,MKP82-N-09-41-20,ЩРН-П  9 PRIME IEK (20) !!!,шт,,,,0.0,,2026-09-01,monthly_balance_proxy,3,2798,"[[3, ""Лист_1"", 2798], [4, ""Лист_1"", 2413], [5, ""Лист4"", 957]]",2026-09-22,deficit,1.0,1.0,0.7289946113087641,2.066436705938691,0.0,0.0,0.631207386979883,1.0,4,0.0,5.0,0.7289946113087641,высокая,Прогноз 30 дней 0.73; остаток 0; поступления в срок 0; нехватка 1; заказ с учётом MOQ 1 шт. Остаток на начало сентября: требуется актуализация.,"[""blank_stock_assumed_zero"", ""category_missing"", ""daily_stockout_data_missing"", ""moq_missing"", ""new_order_lead_time_unknown"", ""reservations_unknown"", ""stale_stock"", ""stockout_proxy_used""]",draft,,,,,Высокий,Критический,Остаток на начало сентября; Резервы неизвестны; Stockout оценён по месячным снимкам; Нет ежедневных данных доступности,Нет запаса,"Подтвердить наличие, срок и цену закупки",0.0,KZT,1.0,0.7289946113087641,,,,,,,,Нужны цены,,,,,,,,,,,Не оценён,"Прибыль = выручка - себестоимость проданного - комиссия - доставка - прочие расходы. Заполните цены и расходы, включая явные нули."
IEK:250600176_,IEK,250600176_,MKP12-N-12-41-G,ЩРН-П 12 модулей навесн. пластик IP41 GENERICA (10),шт,,,,0.0,,2026-09-01,monthly_balance_proxy,3,2808,"[[3, ""Лист_1"", 2808], [4, ""Лист_1"", 2420], [5, ""Лист4"", 986]]",2026-09-22,deficit,1.0,1.0,0.039081323040488704,0.11078145050006173,0.0,0.0,0.0338389604167531,1.0,10,0.0,1.0,0.039081323040488704,высокая,Прогноз 30 дней 0.04; остаток 0; поступления в срок 0; нехватка 1; заказ с учётом MOQ 1 шт. Остаток на начало сентября: требуется актуализация.,"[""blank_stock_assumed_zero"", ""category_missing"", ""daily_stockout_data_missing"", ""moq_missing"", ""new_order_lead_time_unknown"", ""reservations_unknown"", ""stale_stock""]",draft,,,,,Высокий,Критический,Остаток на начало сентября; Резервы неизвестны; Нет ежедневных данных доступности,Нет запаса,"Подтвердить наличие, срок и цену закупки",0.0,KZT,1.0,0.039081323040488704,,,,,,,,Нужны цены,,,,,,,,,,,Не оценён,"Прибыль = выручка - себестоимость проданного - комиссия - доставка - прочие расходы. Заполните цены и расходы, включая явные нули."
IEK:250600177_,IEK,250600177_,MKP12-N-18-41-G,ЩРН-П 18 модулей навесн. пластик IP41 GENERICA (10),шт,,,,1.0,,2026-09-01,monthly_balance_proxy,3,2815,"[[3, ""Лист_1"", 2815], [4, ""Лист_1"", 2427], [5, ""Лист4"", 987]]",2026-09-22,deficit,4.0,4.0,4.072533253398413,11.544162426481899,0.0,0.0,3.5262442731246963,0.75,0,12.0,109.0,3.0725332533984133,высокая,Прогноз 30 дней 4.07; остаток 1; поступления в срок 0; нехватка 4; заказ с учётом MOQ 4 шт. Остаток на начало сентября: требуется актуализация.,"[""category_missing"", ""daily_stockout_data_missing"", ""large_orders_detected"", ""moq_missing"", ""new_order_lead_time_unknown"", ""reservations_unknown"", ""stale_stock""]",draft,,,,,Высокий,Высокий,Остаток на начало сентября; Резервы неизвестны; Нет ежедневных данных доступности,Запаса примерно на 7.4 дн. без поступлений,"Подтвердить наличие, срок и цену закупки",7.366422355168212,KZT,4.0,3.0725332533984133,,,,,,,,Нужны цены,,,,,,,,,,,Не оценён,"Прибыль = выручка - себестоимость проданного - комиссия - доставка - прочие расходы. Заполните цены и расходы, включая явные нули."
IEK:250600178_,IEK,250600178_,MKP12-N-24-41-G,ЩРН-П 24 модуля навесн. пластик IP41 GENERICA (10),шт,,,,0.0,,2026-09-01,monthly_balance_proxy,3,2819,"[[3, ""Лист_1"", 2819], [4, ""Лист_1"", 2432], [5, ""Лист4"", 988]]",2026-09-22,deficit,2.0,2.0,1.315596104551404,3.7292402967894187,0.0,0.0,1.139122246711759,1.0,3,0.0,9.0,1.315596104551404,высокая,Прогноз 30 дней 1.32; остаток 0; поступления в срок 0; нехватка 2; заказ с учётом MOQ 2 шт. Остаток на начало сентября: требуется актуализация.,"[""blank_stock_assumed_zero"", ""category_missing"", ""daily_stockout_data_missing"", ""moq_missing"", ""new_order_lead_time_unknown"", ""reservations_unknown"", ""stale_stock"", ""stockout_proxy_used""]",draft,,,,,Высокий,Критический,Остаток на начало сентября; Резервы неизвестны; Stockout оценён по месячным снимкам; Нет ежедневных данных доступности,Нет запаса,"Подтвердить наличие, срок и цену закупки",0.0,KZT,2.0,1.315596104551404,,,,,,,,Нужны цены,,,,,,,,,,,Не оценён,"Прибыль = выручка - себестоимость проданного - комиссия - доставка - прочие расходы. Заполните цены и расходы, включая явные нули."
IEK:250600179_,IEK,250600179_,MKP12-N-36-41-G,ЩРН-П 36 модулей навесн. пластик IP41 GENERICA (5),шт,,,,0.0,,2026-09-01,monthly_balance_proxy,3,2825,"[[3, ""Лист_1"", 2825], [4, ""Лист_1"", 2438], [5, ""Лист4"", 989]]",2026-09-22,deficit,1.0,1.0,0.08112757515004289,0.22996740518132958,0.0,0.0,0.07024513477615196,1.0,6,0.0,2.0,0.08112757515004289,высокая,Прогноз 30 дней 0.08; остаток 0; поступления в срок 0; нехватка 1; заказ с учётом MOQ 1 шт. Остаток на начало сентября: требуется актуализация.,"[""blank_stock_assumed_zero"", ""category_missing"", ""daily_stockout_data_missing"", ""moq_missing"", ""new_order_lead_time_unknown"", ""reservations_unknown"", ""stale_stock""]",draft,,,,,Высокий,Критический,Остаток на начало сентября; Резервы неизвестны; Нет ежедневных данных доступности,Нет запаса,"Подтвердить наличие, срок и цену закупки",0.0,KZT,1.0,0.08112757515004289,,,,,,,,Нужны цены,,,,,,,,,,,Не оценён,"Прибыль = выручка - себестоимость проданного - комиссия - доставка - прочие расходы. Заполните цены и расходы, включая явные нули."
IEK:250600185_,IEK,250600185_,MKP12-V-24-41-G,ЩРВ-П 24 модуля встр. пластик IP41 GENERICA (10),шт,,,,0.0,,2026-09-01,monthly_balance_proxy,3,2739,"[[3, ""Лист_1"", 2739], [4, ""Лист_1"", 2355], [5, ""Лист4"", 981]]",2026-09-22,deficit,1.0,1.0,0.1879629395028049,0.5328071175278122,0.0,0.0,0.1627496198903617,1.0,2,0.0,3.0,0.1879629395028049,высокая,Прогноз 30 дней 0.19; остаток 0; поступления в срок 0; нехватка 1; заказ с учётом MOQ 1 шт. Остаток на начало сентября: требуется актуализация.,"[""blank_stock_assumed_zero"", ""category_missing"", ""daily_stockout_data_missing"", ""large_orders_detected"", ""moq_missing"", ""negative_net_sales_clipped_for_forecast"", ""new_order_lead_time_unknown"", ""reservations_unknown"", ""stale_stock"", ""stockout_proxy_used""]",draft,,,,,Высокий,Критический,Остаток на начало сентября; Резервы неизвестны; Stockout оценён по месячным снимкам; Нет ежедневных данных доступности,Нет запаса,"Подтвердить наличие, срок и цену закупки",0.0,KZT,1.0,0.1879629395028049,,,,,,,,Нужны цены,,,,,,,,,,,Не оценён,"Прибыль = выручка - себестоимость проданного - комиссия - доставка - прочие расходы. Заполните цены и расходы, включая явные нули."
IEK:250600291_,IEK,250600291_,TI5-10-N-050-040-025-66,ЩМП 50х40х25 IP66  TITAN 5 IEK,шт,,1.0,minimum,0.0,,2026-09-01,monthly_balance_proxy,3,2629,"[[1, ""Лист7"", 1610], [3, ""Лист_1"", 2629], [4, ""Лист_1"", 2252], [5, ""Лист4"", 2408]]",2026-09-22,deficit,2.0,2.0,1.3210402855862622,3.7446725857936,0.0,0.0,1.143836146145238,1.0,1,0.0,10.0,1.3210402855862622,высокая,Прогноз 30 дней 1.32; остаток 0; поступления в срок 0; нехватка 2; заказ с учётом MOQ 2 шт. Остаток на начало сентября: требуется актуализация.,"[""blank_stock_assumed_zero"", ""category_missing"", ""daily_stockout_data_missing"", ""new_order_lead_time_unknown"", ""reservations_unknown"", ""stale_stock"", ""stockout_proxy_used""]",draft,,,,,Высокий,Критический,Остаток на начало сентября; Резервы неизвестны; Stockout оценён по месячным снимкам; Нет ежедневных данных доступности,Нет запаса,"Подтвердить наличие, срок и цену закупки",0.0,KZT,2.0,1.3210402855862622,,,,,,,,Нужны цены,,,,,,,,,,,Не оценён,"Прибыль = выручка - себестоимость проданного - комиссия - доставка - прочие расходы. Заполните цены и расходы, включая явные нули."
IEK:251000053_,IEK,251000053_,MKM14-V-72-30-T,ЩРВ-72 (540x600x120) IEK,шт,,1.0,minimum,1.0,,2026-09-01,monthly_balance_proxy,3,2699,"[[1, ""Лист7"", 1528], [3, ""Лист_1"", 2699], [4, ""Лист_1"", 2317], [5, ""Лист4"", 900]]",2026-09-22,deficit,2.0,2.0,2.225271546462845,6.307841968867652,0.0,0.0,1.9267739656426313,1.0,0,0.0,19.0,1.225271546462845,высокая,Прогноз 30 дней 2.23; остаток 1; поступления в срок 0; нехватка 2; заказ с учётом MOQ 2 шт. Остаток на начало сентября: требуется актуализация.,"[""category_missing"", ""daily_stockout_data_missing"", ""new_order_lead_time_unknown"", ""reservations_unknown"", ""stale_stock""]",draft,,,,,Высокий,Высокий,Остаток на начало сентября; Резервы неизвестны; Нет ежедневных данных доступности,Запаса примерно на 13.5 дн. без поступлений,"Подтвердить наличие, срок и цену закупки",13.481500739847304,KZT,2.0,1.225271546462845,,,,,,,,Нужны цены,,,,,,,,,,,Не оценён,"Прибыль = выручка - себестоимость проданного - комиссия - доставка - прочие расходы. Заполните цены и расходы, включая явные нули."
IEK:251400023_,IEK,251400023_,TF5-KP72-N-12-65-K03-K02,КМПн-12  черн. прозр. дверь IP65 TEKFOR IEK,шт,,,,1.0,,2026-09-01,monthly_balance_proxy,3,1309,"[[3, ""Лист_1"", 1309], [4, ""Лист_1"", 1135], [5, ""Лист4"", 2474]]",2026-09-22,deficit,3.0,3.0,3.855860768136142,10.929974104967307,0.0,0.0,3.3386362014994466,1.25,0,0.0,28.0,2.855860768136142,высокая,Прогноз 30 дней 3.86; остаток 1; поступления в срок 0; нехватка 3; заказ с учётом MOQ 3 шт. Остаток на начало сентября: требуется актуализация.,"[""category_missing"", ""daily_stockout_data_missing"", ""moq_missing"", ""new_order_lead_time_unknown"", ""reservations_unknown"", ""stale_stock""]",draft,,,,,Высокий,Высокий,Остаток на начало сентября; Резервы неизвестны; Нет ежедневных данных доступности,Запаса примерно на 7.8 дн. без поступлений,"Подтвердить наличие, срок и цену закупки",7.780363919753641,KZT,3.0,2.855860768136142,,,,,,,,Нужны цены,,,,,,,,,,,Не оценён,"Прибыль = выручка - себестоимость проданного - комиссия - доставка - прочие расходы. Заполните цены и расходы, включая явные нули."
IEK:251400032_,IEK,251400032_,TF5-KP13-N-12-41-K01-K01,ЩРН-П 12 бел. дверь IP41 TEKFOR IEK,шт,,1.0,minimum,4.0,,2026-09-01,monthly_balance_proxy,3,2806,"[[1, ""Лист7"", 1653], [3, ""Лист_1"", 2806], [4, ""Лист_1"", 2418], [5, ""Лист4"", 2463]]",2026-09-22,deficit,2.0,2.0,5.571708588707626,15.793783608124299,0.0,0.0,4.824320460994373,1.25,0,4.0,47.0,1.5717085887076259,высокая,Прогноз 30 дней 5.57; остаток 4; поступления в срок 0; нехватка 2; заказ с учётом MOQ 2 шт. Остаток на начало сентября: требуется актуализация.,"[""category_missing"", ""daily_stockout_data_missing"", ""large_orders_detected"", ""new_order_lead_time_unknown"", ""reservations_unknown"", ""stale_stock""]",draft,,,,,Высокий,Средний,Остаток на начало сентября; Резервы неизвестны; Нет ежедневных данных доступности,Запаса примерно на 21.5 дн. без поступлений,"Подтвердить наличие, срок и цену закупки",21.537379080307275,KZT,2.0,1.5717085887076259,,,,,,,,Нужны цены,,,,,,,,,,,Не оценён,"Прибыль = выручка - себестоимость проданного - комиссия - доставка - прочие расходы. Заполните цены и расходы, включая явные нули."
IEK:251400052_,IEK,251400052_,UIC-KP12-N-18-41-K01,ЩРН-П 18  черн. пр. дв. IP41 UNION Compact IEK,шт,,4.0,minimum,0.0,,2026-09-01,monthly_balance_proxy,3,2812,"[[1, ""Лист7"", 1683], [3, ""Лист_1"", 2812], [4, ""Лист_1"", 2424], [5, ""Лист4"", 2483]]",2026-09-22,deficit,9.0,9.0,8.897174321241913,25.220279150681367,0.0,0.0,7.703708734874302,1.25,0,10.0,68.0,8.897174321241913,высокая,Прогноз 30 дней 8.90; остаток 0; поступления в срок 0; нехватка 9; заказ с учётом MOQ 9 шт. Остаток на начало сентября: требуется актуализация.,"[""blank_stock_assumed_zero"", ""category_missing"", ""daily_stockout_data_missing"", ""large_orders_detected"", ""new_order_lead_time_unknown"", ""reservations_unknown"", ""stale_stock""]",draft,,,,,Высокий,Критический,Остаток на начало сентября; Резервы неизвестны; Нет ежедневных данных доступности,Нет запаса,"Подтвердить наличие, срок и цену закупки",0.0,KZT,9.0,8.897174321241913,,,,,,,,Нужны цены,,,,,,,,,,,Не оценён,"Прибыль = выручка - себестоимость проданного - комиссия - доставка - прочие расходы. Заполните цены и расходы, включая явные нули."
IEK:251400061_,IEK,251400061_,UIC-KP13-N-18-41-K01,ЩРН-П 18  бел. дв. IP41 UNION Compact IEK,шт,,4.0,minimum,0.0,,2026-09-01,monthly_balance_proxy,3,2811,"[[1, ""Лист7"", 1674], [3, ""Лист_1"", 2811], [4, ""Лист_1"", 2423], [5, ""Лист4"", 2492]]",2026-09-22,deficit,4.0,1.0,0.27915687288334073,0.7913090164076239,0.0,0.0,0.24171081316201565,1.0,1,0.0,2.0,0.27915687288334073,высокая,Прогноз 30 дней 0.28; остаток 0; поступления в срок 0; нехватка 1; заказ с учётом MOQ 4 шт. Остаток на начало сентября: требуется актуализация.,"[""blank_stock_assumed_zero"", ""category_missing"", ""daily_stockout_data_missing"", ""new_order_lead_time_unknown"", ""reservations_unknown"", ""stale_stock""]",draft,,,,,Высокий,Критический,Остаток на начало сентября; Резервы неизвестны; Нет ежедневных данных доступности,Нет запаса,"Подтвердить наличие, срок и цену закупки",0.0,KZT,4.0,0.27915687288334073,,,,,,,,Нужны цены,,,,,,,,,,,Не оценён,"Прибыль = выручка - себестоимость проданного - комиссия - доставка - прочие расходы. Заполните цены и расходы, включая явные нули."
IEK:251400085_,IEK,251400085_,TI5-50-V-2X072-31-7035,ЩРВ 144 (2х72мод) 1005х625х130 IP31 TITAN 5 IEK,шт,,1.0,minimum,0.0,,2026-09-01,monthly_balance_proxy,3,2704,"[[1, ""Лист7"", 1549], [3, ""Лист_1"", 2704], [4, ""Лист_1"", 2322], [5, ""Лист4"", 2385]]",2026-09-22,deficit,1.0,1.0,0.7963419954424107,2.2573422414033115,0.0,0.0,0.6895208034297124,1.0,1,0.0,3.0,0.7963419954424107,высокая,Прогноз 30 дней 0.80; остаток 0; поступления в срок 0; нехватка 1; заказ с учётом MOQ 1 шт. Остаток на начало сентября: требуется актуализация.,"[""blank_stock_assumed_zero"", ""category_missing"", ""daily_stockout_data_missing"", ""new_order_lead_time_unknown"", ""reservations_unknown"", ""stale_stock"", ""stockout_proxy_used""]",draft,,,,,Высокий,Критический,Остаток на начало сентября; Резервы неизвестны; Stockout оценён по месячным снимкам; Нет ежедневных данных доступности,Нет запаса,"Подтвердить наличие, срок и цену закупки",0.0,KZT,1.0,0.7963419954424107,,,,,,,,Нужны цены,,,,,,,,,,,Не оценён,"Прибыль = выручка - себестоимость проданного - комиссия - доставка - прочие расходы. Заполните цены и расходы, включая явные нули."
IEK:251400109_,IEK,251400109_,TI5-10-N-050-060-020-66,ЩМП 50х60х20 IP66  TITAN 5 IEK,шт,,1.0,minimum,0.0,,2026-09-01,monthly_balance_proxy,3,2632,"[[1, ""Лист7"", 1613], [3, ""Лист_1"", 2632], [4, ""Лист_1"", 2255], [5, ""Лист4"", 2411]]",2026-09-22,deficit,2.0,2.0,1.0431649297409529,2.9569962078247074,0.0,0.0,0.9032349475241225,1.25,0,0.0,5.0,1.0431649297409529,высокая,Прогноз 30 дней 1.04; остаток 0; поступления в срок 0; нехватка 2; заказ с учётом MOQ 2 шт. Остаток на начало сентября: требуется актуализация.,"[""blank_stock_assumed_zero"", ""category_missing"", ""daily_stockout_data_missing"", ""new_order_lead_time_unknown"", ""reservations_unknown"", ""stale_stock""]",draft,,,,,Высокий,Критический,Остаток на начало сентября; Резервы неизвестны; Нет ежедневных данных доступности,Нет запаса,"Подтвердить наличие, срок и цену закупки",0.0,KZT,2.0,1.0431649297409529,,,,,,,,Нужны цены,,,,,,,,,,,Не оценён,"Прибыль = выручка - себестоимость проданного - комиссия - доставка - прочие расходы. Заполните цены и расходы, включая явные нули."
IEK:251400111_,IEK,251400111_,TI5-10-N-060-040-020-66,ЩМП 60х40х20 IP66  TITAN 5 IEK,шт,,1.0,minimum,1.0,,2026-09-01,monthly_balance_proxy,3,2634,"[[1, ""Лист7"", 1615], [3, ""Лист_1"", 2634], [4, ""Лист_1"", 2257], [5, ""Лист4"", 2413]]",2026-09-22,deficit,1.0,1.0,1.8634417860746573,5.282185144292752,0.0,0.0,1.6134799933097517,1.25,0,0.0,11.0,0.8634417860746573,высокая,Прогноз 30 дней 1.86; остаток 1; поступления в срок 0; нехватка 1; заказ с учётом MOQ 1 шт. Остаток на начало сентября: требуется актуализация.,"[""category_missing"", ""daily_stockout_data_missing"", ""new_order_lead_time_unknown"", ""reservations_unknown"", ""stale_stock""]",draft,,,,,Высокий,Средний,Остаток на начало сентября; Резервы неизвестны; Нет ежедневных данных доступности,Запаса примерно на 16.1 дн. без поступлений,"Подтвердить наличие, срок и цену закупки",16.099241856755313,KZT,1.0,0.8634417860746573,,,,,,,,Нужны цены,,,,,,,,,,,Не оценён,"Прибыль = выручка - себестоимость проданного - комиссия - доставка - прочие расходы. Заполните цены и расходы, включая явные нули."
IEK:251400125_,IEK,251400125_,TI5-10-N-080-080-040-66,ЩМП  800х800х400 IP66  TITAN 5 IEK,шт,,,,0.0,,2026-09-01,monthly_balance_proxy,3,2650,"[[3, ""Лист_1"", 2650], [4, ""Лист_1"", 2271], [5, ""Лист4"", 2429]]",2026-09-22,deficit,1.0,1.0,0.06354114599267888,0.18011622360411045,0.0,0.0,0.055017746503970504,1.0,9,0.0,2.0,0.06354114599267888,высокая,Прогноз 30 дней 0.06; остаток 0; поступления в срок 0; нехватка 1; заказ с учётом MOQ 1 шт. Остаток на начало сентября: требуется актуализация.,"[""blank_stock_assumed_zero"", ""category_missing"", ""daily_stockout_data_missing"", ""moq_missing"", ""new_order_lead_time_unknown"", ""reservations_unknown"", ""stale_stock""]",draft,,,,,Высокий,Критический,Остаток на начало сентября; Резервы неизвестны; Нет ежедневных данных доступности,Нет запаса,"Подтвердить наличие, срок и цену закупки",0.0,KZT,1.0,0.06354114599267888,,,,,,,,Нужны цены,,,,,,,,,,,Не оценён,"Прибыль = выручка - себестоимость проданного - комиссия - доставка - прочие расходы. Заполните цены и расходы, включая явные нули."
IEK:251400128_,IEK,251400128_,TI5-10-N-100-060-040-66,ЩМП 100х60х40 IP66  TITAN 5 IEK,шт,,1.0,minimum,0.0,,2026-09-01,monthly_balance_proxy,3,2654,"[[1, ""Лист7"", 1586], [3, ""Лист_1"", 2654], [4, ""Лист_1"", 2274], [5, ""Лист4"", 2433]]",2026-09-22,deficit,1.0,1.0,0.4829576442858202,1.3690106731710818,0.0,0.0,0.41817378063237176,1.0,1,0.0,2.0,0.4829576442858202,высокая,Прогноз 30 дней 0.48; остаток 0; поступления в срок 0; нехватка 1; заказ с учётом MOQ 1 шт. Остаток на начало сентября: требуется актуализация.,"[""blank_stock_assumed_zero"", ""category_missing"", ""daily_stockout_data_missing"", ""new_order_lead_time_unknown"", ""reservations_unknown"", ""stale_stock""]",draft,,,,,Высокий,Критический,Остаток на начало сентября; Резервы неизвестны; Нет ежедневных данных доступности,Нет запаса,"Подтвердить наличие, срок и цену закупки",0.0,KZT,1.0,0.4829576442858202,,,,,,,,Нужны цены,,,,,,,,,,,Не оценён,"Прибыль = выручка - себестоимость проданного - комиссия - доставка - прочие расходы. Заполните цены и расходы, включая явные нули."
IEK:251400136_,IEK,251400136_,TI5-10-N-140-080-030-66,ЩМП 140х80х30 IP66  TITAN 5 IEK,шт,,1.0,minimum,0.0,,2026-09-01,monthly_balance_proxy,3,2663,"[[1, ""Лист7"", 1593], [3, ""Лист_1"", 2663], [4, ""Лист_1"", 2282], [5, ""Лист4"", 2442]]",2026-09-22,deficit,2.0,2.0,1.1810454341491516,3.347837691317873,0.0,0.0,1.0226201824118268,1.0,1,0.0,6.0,1.1810454341491516,высокая,Прогноз 30 дней 1.18; остаток 0; поступления в срок 0; нехватка 2; заказ с учётом MOQ 2 шт. Остаток на начало сентября: требуется актуализация.,"[""blank_stock_assumed_zero"", ""category_missing"", ""daily_stockout_data_missing"", ""new_order_lead_time_unknown"", ""reservations_unknown"", ""stale_stock"", ""stockout_proxy_used""]",draft,,,,,Высокий,Критический,Остаток на начало сентября; Резервы неизвестны; Stockout оценён по месячным снимкам; Нет ежедневных данных доступности,Нет запаса,"Подтвердить наличие, срок и цену закупки",0.0,KZT,2.0,1.1810454341491516,,,,,,,,Нужны цены,,,,,,,,,,,Не оценён,"Прибыль = выручка - себестоимость проданного - комиссия - доставка - прочие расходы. Заполните цены и расходы, включая явные нули."
IEK:251400137_,IEK,251400137_,KR5-KP12-N-12-41,ЩРН-П 12 прозр. дверь IP40 KREPTA 5 IEK,шт,,,,0.0,,2026-09-01,monthly_balance_proxy,3,2809,"[[3, ""Лист_1"", 2809], [4, ""Лист_1"", 2421], [5, ""Лист4"", 2443]]",2026-09-22,deficit,1.0,1.0,0.03177057299633944,0.09005811180205522,0.0,0.0,0.027508873251985252,1.0,9,0.0,1.0,0.03177057299633944,высокая,Прогноз 30 дней 0.03; остаток 0; поступления в срок 0; нехватка 1; заказ с учётом MOQ 1 шт. Остаток на начало сентября: требуется актуализация.,"[""blank_stock_assumed_zero"", ""category_missing"", ""daily_stockout_data_missing"", ""moq_missing"", ""new_order_lead_time_unknown"", ""reservations_unknown"", ""stale_stock""]",draft,,,,,Высокий,Критический,Остаток на начало сентября; Резервы неизвестны; Нет ежедневных данных доступности,Нет запаса,"Подтвердить наличие, срок и цену закупки",0.0,KZT,1.0,0.03177057299633944,,,,,,,,Нужны цены,,,,,,,,,,,Не оценён,"Прибыль = выручка - себестоимость проданного - комиссия - доставка - прочие расходы. Заполните цены и расходы, включая явные нули."
IEK:251400139_,IEK,251400139_,KR5-KP12-V-24-41,ЩРВ-П 24 прозр. дверь IP40 KREPTA 5 IEK,шт,,,,0.0,,2026-09-01,monthly_balance_proxy,3,2740,"[[3, ""Лист_1"", 2740], [4, ""Лист_1"", 2356], [5, ""Лист4"", 2445]]",2026-09-22,deficit,1.0,1.0,0.03480184351304997,0.09865067005171732,0.0,0.0,0.030133529610757194,1.0,9,0.0,1.0,0.03480184351304997,высокая,Прогноз 30 дней 0.03; остаток 0; поступления в срок 0; нехватка 1; заказ с учётом MOQ 1 шт. Остаток на начало сентября: требуется актуализация.,"[""blank_stock_assumed_zero"", ""category_missing"", ""daily_stockout_data_missing"", ""moq_missing"", ""new_order_lead_time_unknown"", ""reservations_unknown"", ""stale_stock""]",draft,,,,,Высокий,Критический,Остаток на начало сентября; Резервы неизвестны; Нет ежедневных данных доступности,Нет запаса,"Подтвердить наличие, срок и цену закупки",0.0,KZT,1.0,0.03480184351304997,,,,,,,,Нужны цены,,,,,,,,,,,Не оценён,"Прибыль = выручка - себестоимость проданного - комиссия - доставка - прочие расходы. Заполните цены и расходы, включая явные нули."
IEK:260100138_,IEK,260100138_,UNP40-006-04-04,Наконечник медно-луженный JG -   6  IEK (600),шт,,600.0,minimum,1471.0,,2026-09-01,monthly_balance_proxy,3,133,"[[1, ""Лист7"", 1439], [3, ""Лист_1"", 133], [4, ""Лист_1"", 125], [5, ""Лист4"", 721]]",2026-09-22,deficit,600.0,216.0,1686.3945425241668,4780.320086468569,0.0,0.0,1460.181839606167,1.1830762982112997,0,800.0,13122.0,215.3945425241668,высокая,Прогноз 30 дней 1686.39; остаток 1471; поступления в срок 0; нехватка 216; заказ с учётом MOQ 600 шт. Остаток на начало сентября: требуется актуализация.,"[""category_missing"", ""daily_stockout_data_missing"", ""large_orders_detected"", ""new_order_lead_time_unknown"", ""reservations_unknown"", ""stale_stock"", ""transaction_month_mismatch""]",draft,,,,,Высокий,Средний,Остаток на начало сентября; Резервы неизвестны; Детальные и месячные продажи расходятся; Нет ежедневных данных доступности,Запаса примерно на 26.2 дн. без поступлений,"Подтвердить наличие, срок и цену закупки",26.168253565353076,KZT,600.0,215.3945425241668,,,,,,,,Нужны цены,,,,,,,,,,,Не оценён,"Прибыль = выручка - себестоимость проданного - комиссия - доставка - прочие расходы. Заполните цены и расходы, включая явные нули."
IEK:270300002_,IEK,270300002_,MTT12-024-0250,Ящик  ЯТП(укп) 220/24 IEK  (1),шт,,1.0,minimum,2.0,,2026-09-01,monthly_balance_proxy,3,463,"[[1, ""Лист7"", 429], [3, ""Лист_1"", 463], [4, ""Лист_1"", 428], [5, ""Лист4"", 339]]",2026-09-22,deficit,4.0,4.0,5.849218141714454,16.58042306702567,0.0,0.0,5.064604925513145,1.25,0,0.0,34.0,3.849218141714454,высокая,Прогноз 30 дней 5.85; остаток 2; поступления в срок 0; нехватка 4; заказ с учётом MOQ 4 шт. Остаток на начало сентября: требуется актуализация.,"[""category_missing"", ""daily_stockout_data_missing"", ""new_order_lead_time_unknown"", ""reservations_unknown"", ""stale_stock""]",draft,,,,,Высокий,Высокий,Остаток на начало сентября; Резервы неизвестны; Нет ежедневных данных доступности,Запаса примерно на 10.3 дн. без поступлений,"Подтвердить наличие, срок и цену закупки",10.25778121901494,KZT,4.0,3.849218141714454,,,,,,,,Нужны цены,,,,,,,,,,,Не оценён,"Прибыль = выручка - себестоимость проданного - комиссия - доставка - прочие расходы. Заполните цены и расходы, включая явные нули."
IEK:270300078_,IEK,270300078_,CKM50-025-025-1-K03,Кабель.канал перф.  25х25 ИМПАКТ IEK (100),м,,100.0,minimum,26.0,,2026-09-01,monthly_balance_proxy,3,1266,"[[1, ""Лист7"", 1092], [3, ""Лист_1"", 1266], [4, ""Лист_1"", 1105], [5, ""Лист4"", 465]]",2026-09-22,deficit,100.0,49.384,75.38394088942859,213.68627432315714,0.0,0.0,65.2719507262702,1.25,0,0.0,496.0,49.38394088942859,высокая,Прогноз 30 дней 75.38; остаток 26; поступления в срок 0; нехватка 49.384; заказ с учётом MOQ 100 м. Остаток на начало сентября: требуется актуализация.,"[""category_missing"", ""daily_stockout_data_missing"", ""large_orders_detected"", ""new_order_lead_time_unknown"", ""reservations_unknown"", ""stale_stock"", ""transaction_month_mismatch""]",draft,,,,,Высокий,Высокий,Остаток на начало сентября; Резервы неизвестны; Детальные и месячные продажи расходятся; Нет ежедневных данных доступности,Запаса примерно на 10.3 дн. без поступлений,"Подтвердить наличие, срок и цену закупки",10.347031354384693,KZT,100.0,49.38394088942859,,,,,,,,Нужны цены,,,,,,,,,,,Не оценён,"Прибыль = выручка - себестоимость проданного - комиссия - доставка - прочие расходы. Заполните цены и расходы, включая явные нули."
IEK:270300099_,IEK,270300099_,ITT10-2-05-0100,"Трансформатор тока ТТИ-А  100/5А  5ВА  класс 0,5  IEK",шт,,1.0,minimum,0.0,,2026-09-01,monthly_balance_proxy,3,11,"[[1, ""Лист7"", 408], [3, ""Лист_1"", 11], [4, ""Лист_1"", 9], [5, ""Лист4"", 1202]]",2026-09-22,deficit,4.0,4.0,3.448119777016636,9.774175505780802,0.0,0.0,2.9855895238195176,1.0,1,0.0,52.0,3.448119777016636,высокая,Прогноз 30 дней 3.45; остаток 0; поступления в срок 0; нехватка 4; заказ с учётом MOQ 4 шт. Остаток на начало сентября: требуется актуализация.,"[""blank_stock_assumed_zero"", ""category_missing"", ""daily_stockout_data_missing"", ""new_order_lead_time_unknown"", ""reservations_unknown"", ""stale_stock"", ""stockout_proxy_used""]",draft,,,,,Высокий,Критический,Остаток на начало сентября; Резервы неизвестны; Stockout оценён по месячным снимкам; Нет ежедневных данных доступности,Нет запаса,"Подтвердить наличие, срок и цену закупки",0.0,KZT,4.0,3.448119777016636,,,,,,,,Нужны цены,,,,,,,,,,,Не оценён,"Прибыль = выручка - себестоимость проданного - комиссия - доставка - прочие расходы. Заполните цены и расходы, включая явные нули."
IEK:270300100_,IEK,270300100_,ITT10-2-05-0150,"Трансформатор тока ТТИ-А  150/5А  5ВА  класс 0,5  IEK",шт,,1.0,minimum,2.0,,2026-09-01,monthly_balance_proxy,3,2430,"[[1, ""Лист7"", 416], [3, ""Лист_1"", 2430], [4, ""Лист_1"", 2095], [5, ""Лист4"", 1203]]",2026-09-22,deficit,7.0,7.0,8.612696467227213,24.413887072546068,0.0,0.0,7.457390696166318,1.0,0,0.0,73.0,6.612696467227213,высокая,Прогноз 30 дней 8.61; остаток 2; поступления в срок 0; нехватка 7; заказ с учётом MOQ 7 шт. Остаток на начало сентября: требуется актуализация.,"[""category_missing"", ""daily_stockout_data_missing"", ""new_order_lead_time_unknown"", ""reservations_unknown"", ""stale_stock""]",draft,,,,,Высокий,Критический,Остаток на начало сентября; Резервы неизвестны; Нет ежедневных данных доступности,Запаса примерно на 7.0 дн. без поступлений,"Подтвердить наличие, срок и цену закупки",6.9664593694100665,KZT,7.0,6.612696467227213,,,,,,,,Нужны цены,,,,,,,,,,,Не оценён,"Прибыль = выручка - себестоимость проданного - комиссия - доставка - прочие расходы. Заполните цены и расходы, включая явные нули."
IEK:270300105_,IEK,270300105_,CKM50-040-060-1-K03,Кабель.канал перф.  40х60 ИМПАКТ IEK (24),м,,24.0,minimum,0.0,,2026-09-01,monthly_balance_proxy,3,1269,"[[1, ""Лист7"", 1095], [3, ""Лист_1"", 1269], [4, ""Лист_1"", 1108], [5, ""Лист4"", 1194]]",2026-09-22,deficit,146.468,146.468,146.46705654097508,415.18126081027464,0.0,0.0,126.81998824639625,1.0,2,452.0,1656.0,146.46705654097508,высокая,Прогноз 30 дней 146.47; остаток 0; поступления в срок 0; нехватка 146.468; заказ с учётом MOQ 146.468 м. Остаток на начало сентября: требуется актуализация.,"[""blank_stock_assumed_zero"", ""category_missing"", ""daily_stockout_data_missing"", ""large_orders_detected"", ""new_order_lead_time_unknown"", ""reservations_unknown"", ""stale_stock"", ""stockout_proxy_used"", ""transaction_month_mismatch""]",draft,,,,,Высокий,Критический,Остаток на начало сентября; Резервы неизвестны; Детальные и месячные продажи расходятся; Stockout оценён по месячным снимкам; Нет ежедневных данных доступности,Нет запаса,"Подтвердить наличие, срок и цену закупки",0.0,KZT,146.468,146.46705654097508,,,,,,,,Нужны цены,,,,,,,,,,,Не оценён,"Прибыль = выручка - себестоимость проданного - комиссия - доставка - прочие расходы. Заполните цены и расходы, включая явные нули."
IEK:270300113_,IEK,270300113_,,"Трансформатор тока ТТИ-А  300/5А  5ВА  класс 0,5 IEK (36) !!!",шт,,,,0.0,,2026-09-01,monthly_balance_proxy,3,2433,"[[3, ""Лист_1"", 2433], [4, ""Лист_1"", 2098]]",2026-09-22,deficit,1.0,1.0,0.4277636236484841,1.2125555383538738,0.0,0.0,0.370383477380527,1.0,9,0.0,12.0,0.4277636236484841,высокая,Прогноз 30 дней 0.43; остаток 0; поступления в срок 0; нехватка 1; заказ с учётом MOQ 1 шт. Остаток на начало сентября: требуется актуализация.,"[""blank_stock_assumed_zero"", ""category_missing"", ""daily_stockout_data_missing"", ""moq_missing"", ""negative_net_sales_clipped_for_forecast"", ""new_order_lead_time_unknown"", ""reservations_unknown"", ""stale_stock"", ""supplier_sku_missing""]",draft,,,,,Высокий,Критический,Остаток на начало сентября; Резервы неизвестны; Нет артикула производителя; Нет ежедневных данных доступности,Нет запаса,"Подтвердить наличие, срок и цену закупки",0.0,KZT,1.0,0.4277636236484841,,,,,,,,Нужны цены,,,,,,,,,,,Не оценён,"Прибыль = выручка - себестоимость проданного - комиссия - доставка - прочие расходы. Заполните цены и расходы, включая явные нули."
IEK:270300134_,IEK,270300134_,BCS13-025-2,"Переключатель кулачковый ПКП25-33 /О 25А""1-0-2""3Р/400В  IEK",шт,,,minimum,0.0,,2026-09-01,monthly_balance_proxy,3,154,"[[1, ""Лист7"", 377], [3, ""Лист_1"", 154], [4, ""Лист_1"", 144], [5, ""Лист4"", 1223]]",2026-09-22,deficit,1.0,1.0,0.2657937708938183,0.7534294435987448,0.0,0.0,0.23014023560505797,1.0,9,0.0,8.0,0.2657937708938183,высокая,Прогноз 30 дней 0.27; остаток 0; поступления в срок 0; нехватка 1; заказ с учётом MOQ 1 шт. Остаток на начало сентября: требуется актуализация.,"[""blank_stock_assumed_zero"", ""category_missing"", ""daily_stockout_data_missing"", ""moq_missing"", ""new_order_lead_time_unknown"", ""reservations_unknown"", ""stale_stock""]",draft,,,,,Высокий,Критический,Остаток на начало сентября; Резервы неизвестны; Нет ежедневных данных доступности,Нет запаса,"Подтвердить наличие, срок и цену закупки",0.0,KZT,1.0,0.2657937708938183,,,,,,,,Нужны цены,,,,,,,,,,,Не оценён,"Прибыль = выручка - себестоимость проданного - комиссия - доставка - прочие расходы. Заполните цены и расходы, включая явные нули."
IEK:270300150_,IEK,270300150_,CKM50-060-060-1-K03,Кабель.канал перф.  60х60 ИМПАКТ IEK (16),м,,16.0,minimum,68.0,,2026-09-01,monthly_balance_proxy,3,1271,"[[1, ""Лист7"", 1096], [3, ""Лист_1"", 1271], [4, ""Лист_1"", 1110], [5, ""Лист4"", 1708]]",2026-09-22,deficit,16.0,6.621,74.62040069865674,211.52191336328931,0.0,0.0,64.61083169850956,1.0,0,0.0,698.0,6.620400698656738,высокая,Прогноз 30 дней 74.62; остаток 68; поступления в срок 0; нехватка 6.621; заказ с учётом MOQ 16 м. Остаток на начало сентября: требуется актуализация.,"[""category_missing"", ""daily_stockout_data_missing"", ""large_orders_detected"", ""new_order_lead_time_unknown"", ""reservations_unknown"", ""stale_stock"", ""transaction_month_mismatch""]",draft,,,,,Высокий,Средний,Остаток на начало сентября; Резервы неизвестны; Детальные и месячные продажи расходятся; Нет ежедневных данных доступности,Запаса примерно на 27.3 дн. без поступлений,"Подтвердить наличие, срок и цену закупки",27.33836834029119,KZT,16.0,6.620400698656738,,,,,,,,Нужны цены,,,,,,,,,,,Не оценён,"Прибыль = выручка - себестоимость проданного - комиссия - доставка - прочие расходы. Заполните цены и расходы, включая явные нули."
IEK:270300151_,IEK,270300151_,CKM50-080-060-1-K03,Кабель-канал перф.  80х60 ИМПАКТ IEK (16),м,,16.0,minimum,0.0,,2026-09-01,monthly_balance_proxy,3,1272,"[[1, ""Лист7"", 1098], [3, ""Лист_1"", 1272], [4, ""Лист_1"", 1111], [5, ""Лист4"", 1710]]",2026-09-22,deficit,44.64,44.64,44.63945229864591,126.53674160542067,0.0,0.0,38.65152307649532,1.0,4,0.0,270.0,44.63945229864591,высокая,Прогноз 30 дней 44.64; остаток 0; поступления в срок 0; нехватка 44.64; заказ с учётом MOQ 44.64 м. Остаток на начало сентября: требуется актуализация.,"[""blank_stock_assumed_zero"", ""category_missing"", ""daily_stockout_data_missing"", ""negative_net_sales_clipped_for_forecast"", ""new_order_lead_time_unknown"", ""reservations_unknown"", ""stale_stock"", ""stockout_proxy_used""]",draft,,,,,Высокий,Критический,Остаток на начало сентября; Резервы неизвестны; Stockout оценён по месячным снимкам; Нет ежедневных данных доступности,Нет запаса,"Подтвердить наличие, срок и цену закупки",0.0,KZT,44.64,44.63945229864591,,,,,,,,Нужны цены,,,,,,,,,,,Не оценён,"Прибыль = выручка - себестоимость проданного - комиссия - доставка - прочие расходы. Заполните цены и расходы, включая явные нули."
IEK:270300153_,IEK,270300153_,CKM50-100-060-1-K03,Кабель-канал перф. 100х60 ИМПАКТ IEK (12),м,,12.0,minimum,10.0,,2026-09-01,monthly_balance_proxy,3,1273,"[[1, ""Лист7"", 1099], [3, ""Лист_1"", 1273], [4, ""Лист_1"", 1112], [5, ""Лист4"", 1711]]",2026-09-22,deficit,23.598,23.598,33.597941789951875,95.23804302764867,0.0,0.0,29.09111907845837,1.25,0,10.0,234.0,23.597941789951875,высокая,Прогноз 30 дней 33.60; остаток 10; поступления в срок 0; нехватка 23.598; заказ с учётом MOQ 23.598 м. Остаток на начало сентября: требуется актуализация.,"[""category_missing"", ""daily_stockout_data_missing"", ""large_orders_detected"", ""new_order_lead_time_unknown"", ""reservations_unknown"", ""stale_stock""]",draft,,,,,Высокий,Высокий,Остаток на начало сентября; Резервы неизвестны; Нет ежедневных данных доступности,Запаса примерно на 8.9 дн. без поступлений,"Подтвердить наличие, срок и цену закупки",8.929118392892772,KZT,23.598,23.597941789951875,,,,,,,,Нужны цены,,,,,,,,,,,Не оценён,"Прибыль = выручка - себестоимость проданного - комиссия - доставка - прочие расходы. Заполните цены и расходы, включая явные нули."
IEK:270300200_,IEK,270300200_,CKM50-060-040-1-K03,Кабель-канал перф.  60х40 ИМПАКТ IEK (24),м,,24.0,minimum,8.0,,2026-09-01,monthly_balance_proxy,3,1270,"[[1, ""Лист7"", 1097], [3, ""Лист_1"", 1270], [4, ""Лист_1"", 1109], [5, ""Лист4"", 1707]]",2026-09-22,deficit,74.528,74.528,82.52755443494748,233.93584134944734,0.0,0.0,71.45732105646499,1.25,0,4.0,618.0,74.52755443494748,высокая,Прогноз 30 дней 82.53; остаток 8; поступления в срок 0; нехватка 74.528; заказ с учётом MOQ 74.528 м. Остаток на начало сентября: требуется актуализация.,"[""category_missing"", ""daily_stockout_data_missing"", ""large_orders_detected"", ""new_order_lead_time_unknown"", ""reservations_unknown"", ""stale_stock""]",draft,,,,,Высокий,Критический,Остаток на начало сентября; Резервы неизвестны; Нет ежедневных данных доступности,Запаса примерно на 2.9 дн. без поступлений,"Подтвердить наличие, срок и цену закупки",2.908119617056877,KZT,74.528,74.52755443494748,,,,,,,,Нужны цены,,,,,,,,,,,Не оценён,"Прибыль = выручка - себестоимость проданного - комиссия - доставка - прочие расходы. Заполните цены и расходы, включая явные нули."
IEK:270300286_,IEK,270300286_,YVR10-024-55,Вентилятор с фильтром ВФИ 24 м3/час IP55 IEK (30) NEW,шт,,1.0,minimum,3.0,,2026-09-01,monthly_balance_proxy,3,840,"[[1, ""Лист7"", 1714], [3, ""Лист_1"", 840], [4, ""Лист_1"", 740], [5, ""Лист4"", 1869]]",2026-09-22,deficit,2.0,2.0,4.966278271335014,14.077607094198083,0.0,0.0,4.3001024726870405,1.0,4,0.0,41.0,1.966278271335014,высокая,Прогноз 30 дней 4.97; остаток 3; поступления в срок 0; нехватка 2; заказ с учётом MOQ 2 шт. Остаток на начало сентября: требуется актуализация.,"[""category_missing"", ""daily_stockout_data_missing"", ""new_order_lead_time_unknown"", ""reservations_unknown"", ""stale_stock"", ""stockout_proxy_used""]",draft,,,,,Высокий,Средний,Остаток на начало сентября; Резервы неизвестны; Stockout оценён по месячным снимкам; Нет ежедневных данных доступности,Запаса примерно на 18.1 дн. без поступлений,"Подтвердить наличие, срок и цену закупки",18.1222225342211,KZT,2.0,1.966278271335014,,,,,,,,Нужны цены,,,,,,,,,,,Не оценён,"Прибыль = выручка - себестоимость проданного - комиссия - доставка - прочие расходы. Заполните цены и расходы, включая явные нули."
IEK:270300289_,IEK,270300289_,YVR10-200-55,Вентилятор с фильтром ВФИ 200 м3/час IP55 IEK (10) NEW,шт,,1.0,minimum,0.0,,2026-09-01,monthly_balance_proxy,3,839,"[[1, ""Лист7"", 1713], [3, ""Лист_1"", 839], [4, ""Лист_1"", 739], [5, ""Лист4"", 1872]]",2026-09-22,deficit,4.0,4.0,3.734166115516576,10.585013671531359,0.0,0.0,3.2332656507466573,1.25,0,0.0,20.0,3.734166115516576,высокая,Прогноз 30 дней 3.73; остаток 0; поступления в срок 0; нехватка 4; заказ с учётом MOQ 4 шт. Остаток на начало сентября: требуется актуализация.,"[""blank_stock_assumed_zero"", ""category_missing"", ""daily_stockout_data_missing"", ""new_order_lead_time_unknown"", ""reservations_unknown"", ""stale_stock""]",draft,,,,,Высокий,Критический,Остаток на начало сентября; Резервы неизвестны; Нет ежедневных данных доступности,Нет запаса,"Подтвердить наличие, срок и цену закупки",0.0,KZT,4.0,3.734166115516576,,,,,,,,Нужны цены,,,,,,,,,,,Не оценён,"Прибыль = выручка - себестоимость проданного - комиссия - доставка - прочие расходы. Заполните цены и расходы, включая явные нули."
IEK:270300304_,IEK,270300304_,YTT21-00-60-NO-NC,Термостат УККт от -20 до +60°C NO/NC IEK (100) NEW,шт,,1.0,minimum,0.0,,2026-09-01,monthly_balance_proxy,3,2409,"[[1, ""Лист7"", 1756], [3, ""Лист_1"", 2409], [4, ""Лист_1"", 2078], [5, ""Лист4"", 1889]]",2026-09-22,deficit,1.0,1.0,0.06354114599267888,0.18011622360411045,0.0,0.0,0.055017746503970504,1.0,10,0.0,2.0,0.06354114599267888,высокая,Прогноз 30 дней 0.06; остаток 0; поступления в срок 0; нехватка 1; заказ с учётом MOQ 1 шт. Остаток на начало сентября: требуется актуализация.,"[""blank_stock_assumed_zero"", ""category_missing"", ""daily_stockout_data_missing"", ""new_order_lead_time_unknown"", ""reservations_unknown"", ""stale_stock""]",draft,,,,,Высокий,Критический,Остаток на начало сентября; Резервы неизвестны; Нет ежедневных данных доступности,Нет запаса,"Подтвердить наличие, срок и цену закупки",0.0,KZT,1.0,0.06354114599267888,,,,,,,,Нужны цены,,,,,,,,,,,Не оценён,"Прибыль = выручка - себестоимость проданного - комиссия - доставка - прочие расходы. Заполните цены и расходы, включая явные нули."
IEK:270400043_,IEK,270400043_,MPR10-4-063,Выключатель-разъединитель трехпозиционный ВРТ-63 4P 63А IEK,шт,,3.0,minimum,0.0,,2026-09-01,monthly_balance_proxy,3,2191,"[[1, ""Лист7"", 1877], [3, ""Лист_1"", 2191], [4, ""Лист_1"", 1892], [5, ""Лист4"", 2579]]",2026-09-22,deficit,8.0,8.0,7.937469589195636,22.49986249135503,0.0,0.0,6.872738647043861,1.25,4,0.0,30.0,7.937469589195636,высокая,Прогноз 30 дней 7.94; остаток 0; поступления в срок 0; нехватка 8; заказ с учётом MOQ 8 шт. Остаток на начало сентября: требуется актуализация.,"[""blank_stock_assumed_zero"", ""category_missing"", ""daily_stockout_data_missing"", ""new_order_lead_time_unknown"", ""reservations_unknown"", ""stale_stock"", ""stockout_proxy_used""]",draft,,,,,Высокий,Критический,Остаток на начало сентября; Резервы неизвестны; Stockout оценён по месячным снимкам; Нет ежедневных данных доступности,Нет запаса,"Подтвердить наличие, срок и цену закупки",0.0,KZT,8.0,7.937469589195636,,,,,,,,Нужны цены,,,,,,,,,,,Не оценён,"Прибыль = выручка - себестоимость проданного - комиссия - доставка - прочие расходы. Заполните цены и расходы, включая явные нули."
IEK:280100003_,IEK,280100003_,CKK10-012-012-1-K01,Кабель-канал 12х12 белый ЭЛЕКОР IEK (120),м,,120.0,minimum,36.0,,2026-09-01,monthly_balance_proxy,3,1205,"[[1, ""Лист7"", 1043], [3, ""Лист_1"", 1205], [4, ""Лист_1"", 1052], [5, ""Лист4"", 450]]",2026-09-22,deficit,120.0,11.944,47.94327999744234,135.9019011292108,0.0,0.0,41.51217583913389,1.0,0,0.0,542.0,11.943279997442339,высокая,Прогноз 30 дней 47.94; остаток 36; поступления в срок 0; нехватка 11.944; заказ с учётом MOQ 120 м. Остаток на начало сентября: требуется актуализация.,"[""category_missing"", ""daily_stockout_data_missing"", ""new_order_lead_time_unknown"", ""reservations_unknown"", ""stale_stock""]",draft,,,,,Высокий,Средний,Остаток на начало сентября; Резервы неизвестны; Нет ежедневных данных доступности,Запаса примерно на 22.5 дн. без поступлений,"Подтвердить наличие, срок и цену закупки",22.526618955933248,KZT,120.0,11.943279997442339,,,,,,,,Нужны цены,,,,,,,,,,,Не оценён,"Прибыль = выручка - себестоимость проданного - комиссия - доставка - прочие расходы. Заполните цены и расходы, включая явные нули."
IEK:280100011_,IEK,280100011_,CKK10-040-040-1-K01-024,Кабель-канал 40х40 белый ЭЛЕКОР IEK (24),м,,24.0,minimum,11.0,,2026-09-01,monthly_balance_proxy,3,1253,"[[1, ""Лист7"", 1051], [3, ""Лист_1"", 1253], [4, ""Лист_1"", 1093], [5, ""Лист4"", 458]]",2026-09-22,deficit,72.978,72.978,155.97729227299135,442.1393478714205,72.0,72.0,135.05452242929184,1.25,0,0.0,943.0,72.97729227299135,высокая,Прогноз 30 дней 155.98; остаток 11; поступления в срок 72; нехватка 72.978; заказ с учётом MOQ 72.978 м. Остаток на начало сентября: требуется актуализация.,"[""category_missing"", ""daily_stockout_data_missing"", ""large_orders_detected"", ""new_order_lead_time_unknown"", ""reservations_unknown"", ""stale_stock"", ""transaction_month_mismatch""]",draft,,,,,Высокий,Критический,Остаток на начало сентября; Резервы неизвестны; Детальные и месячные продажи расходятся; Нет ежедневных данных доступности,Запаса примерно на 2.1 дн. без поступлений,"Подтвердить наличие, срок и цену закупки",2.1156925805740636,KZT,72.978,72.97729227299135,,,,,,,,Нужны цены,,,,,,,,,,,Не оценён,"Прибыль = выручка - себестоимость проданного - комиссия - доставка - прочие расходы. Заполните цены и расходы, включая явные нули."
IEK:280100130_,IEK,280100130_,CKK-40D-RI2-K01,"Розетка информационная RJ-45 UTP кат.5е,2 модуль РКИ-20-00-П ПРАЙМЕР (100)",шт,,10.0,minimum,36.0,,2026-09-01,monthly_balance_proxy,3,2179,"[[1, ""Лист7"", 1171], [3, ""Лист_1"", 2179], [4, ""Лист_1"", 1882], [5, ""Лист4"", 1021]]",2026-09-22,deficit,16.0,16.0,51.329167221109145,145.49966979939725,0.0,0.0,44.44388067467771,1.1967633597705012,0,0.0,390.0,15.329167221109145,высокая,Прогноз 30 дней 51.33; остаток 36; поступления в срок 0; нехватка 16; заказ с учётом MOQ 16 шт. Остаток на начало сентября: требуется актуализация.,"[""category_missing"", ""daily_stockout_data_missing"", ""new_order_lead_time_unknown"", ""reservations_unknown"", ""stale_stock""]",draft,,,,,Высокий,Средний,Остаток на начало сентября; Резервы неизвестны; Нет ежедневных данных доступности,Запаса примерно на 21.0 дн. без поступлений,"Подтвердить наличие, срок и цену закупки",21.0406686581864,KZT,16.0,15.329167221109145,,,,,,,,Нужны цены,,,,,,,,,,,Не оценён,"Прибыль = выручка - себестоимость проданного - комиссия - доставка - прочие расходы. Заполните цены и расходы, включая явные нули."
IEK:280100336_,IEK,280100336_,EL-KK10-016-016-1-K02,Кабель-канал 16х16 черный ЭЛЕКОР IEK (84м),м,,84.0,minimum,6.0,,2026-09-01,monthly_balance_proxy,3,1219,"[[1, ""Лист7"", 1081], [3, ""Лист_1"", 1219], [4, ""Лист_1"", 1066], [5, ""Лист4"", 1545]]",2026-09-22,deficit,84.0,37.713,43.71209777095085,123.90802610366,0.0,0.0,37.848563741611486,1.0,0,0.0,414.0,37.71209777095085,высокая,Прогноз 30 дней 43.71; остаток 6; поступления в срок 0; нехватка 37.713; заказ с учётом MOQ 84 м. Остаток на начало сентября: требуется актуализация.,"[""category_missing"", ""daily_stockout_data_missing"", ""new_order_lead_time_unknown"", ""reservations_unknown"", ""stale_stock""]",draft,,,,,Высокий,Критический,Остаток на начало сентября; Резервы неизвестны; Нет ежедневных данных доступности,Запаса примерно на 4.1 дн. без поступлений,"Подтвердить наличие, срок и цену закупки",4.117853161456372,KZT,84.0,37.71209777095085,,,,,,,,Нужны цены,,,,,,,,,,,Не оценён,"Прибыль = выручка - себестоимость проданного - комиссия - доставка - прочие расходы. Заполните цены и расходы, включая явные нули."
IEK:280100340_,IEK,280100340_,CKK10-015-010-1-K24,Кабель-канал 15х10 дуб ЭЛЕКОР IEK (144),м,,144.0,minimum,0.0,,2026-09-01,monthly_balance_proxy,3,1211,"[[1, ""Лист7"", 1057], [3, ""Лист_1"", 1211], [4, ""Лист_1"", 1058], [5, ""Лист4"", 1566]]",2026-09-22,deficit,144.0,42.773,42.77231096213391,121.24406957041484,0.0,0.0,37.03483978987126,1.0,4,0.0,152.0,42.77231096213391,высокая,Прогноз 30 дней 42.77; остаток 0; поступления в срок 0; нехватка 42.773; заказ с учётом MOQ 144 м. Остаток на начало сентября: требуется актуализация.,"[""blank_stock_assumed_zero"", ""category_missing"", ""daily_stockout_data_missing"", ""new_order_lead_time_unknown"", ""reservations_unknown"", ""stale_stock"", ""stockout_proxy_used""]",draft,,,,,Высокий,Критический,Остаток на начало сентября; Резервы неизвестны; Stockout оценён по месячным снимкам; Нет ежедневных данных доступности,Нет запаса,"Подтвердить наличие, срок и цену закупки",0.0,KZT,144.0,42.77231096213391,,,,,,,,Нужны цены,,,,,,,,,,,Не оценён,"Прибыль = выручка - себестоимость проданного - комиссия - доставка - прочие расходы. Заполните цены и расходы, включая явные нули."
IEK:280100352_,IEK,280100352_,EL-KK10D-V-040-025-K11,Угол внутренний КМВ 40х25 дуб ЭЛЕКОР IEK (4шт/компл),шт,,,,0.0,,2026-09-01,monthly_balance_proxy,3,2499,"[[3, ""Лист_1"", 2499], [4, ""Лист_1"", 2142], [5, ""Лист4"", 1609]]",2026-09-22,deficit,1.0,1.0,0.15632529216195482,0.4431258020002469,0.0,0.0,0.1353558416670124,1.0,11,0.0,4.0,0.15632529216195482,высокая,Прогноз 30 дней 0.16; остаток 0; поступления в срок 0; нехватка 1; заказ с учётом MOQ 1 шт. Остаток на начало сентября: требуется актуализация.,"[""blank_stock_assumed_zero"", ""category_missing"", ""daily_stockout_data_missing"", ""moq_missing"", ""new_order_lead_time_unknown"", ""reservations_unknown"", ""stale_stock""]",draft,,,,,Высокий,Критический,Остаток на начало сентября; Резервы неизвестны; Нет ежедневных данных доступности,Нет запаса,"Подтвердить наличие, срок и цену закупки",0.0,KZT,1.0,0.15632529216195482,,,,,,,,Нужны цены,,,,,,,,,,,Не оценён,"Прибыль = выручка - себестоимость проданного - комиссия - доставка - прочие расходы. Заполните цены и расходы, включая явные нули."
IEK:280100356_,IEK,280100356_,EL-KK10D-Z-040-025-K11,Заглушка КМЗ 40х25 дуб ЭЛЕКОР IEK (4шт/компл),шт,,,,0.0,,2026-09-01,monthly_balance_proxy,3,1133,"[[3, ""Лист_1"", 1133], [4, ""Лист_1"", 996], [5, ""Лист4"", 1628]]",2026-09-22,deficit,1.0,1.0,0.31265058432390963,0.8862516040004939,0.0,0.0,0.2707116833340248,1.0,11,0.0,8.0,0.31265058432390963,высокая,Прогноз 30 дней 0.31; остаток 0; поступления в срок 0; нехватка 1; заказ с учётом MOQ 1 шт. Остаток на начало сентября: требуется актуализация.,"[""blank_stock_assumed_zero"", ""category_missing"", ""daily_stockout_data_missing"", ""moq_missing"", ""new_order_lead_time_unknown"", ""reservations_unknown"", ""stale_stock""]",draft,,,,,Высокий,Критический,Остаток на начало сентября; Резервы неизвестны; Нет ежедневных данных доступности,Нет запаса,"Подтвердить наличие, срок и цену закупки",0.0,KZT,1.0,0.31265058432390963,,,,,,,,Нужны цены,,,,,,,,,,,Не оценён,"Прибыль = выручка - себестоимость проданного - комиссия - доставка - прочие расходы. Заполните цены и расходы, включая явные нули."
IEK:280100358_,IEK,280100358_,EL-KK10D-P-025-016-K11,Поворот 90град КМП 25х16 дуб ЭЛЕКОР IEK (4шт/компл),шт,,,,0.0,,2026-09-01,monthly_balance_proxy,3,1756,"[[3, ""Лист_1"", 1756], [4, ""Лист_1"", 1508], [5, ""Лист4"", 1645]]",2026-09-22,deficit,1.0,1.0,0.16131057948992888,0.457257292911656,0.0,0.0,0.13967240332442304,1.0,4,0.0,4.0,0.16131057948992888,высокая,Прогноз 30 дней 0.16; остаток 0; поступления в срок 0; нехватка 1; заказ с учётом MOQ 1 шт. Остаток на начало сентября: требуется актуализация.,"[""blank_stock_assumed_zero"", ""category_missing"", ""daily_stockout_data_missing"", ""moq_missing"", ""new_order_lead_time_unknown"", ""reservations_unknown"", ""stale_stock""]",draft,,,,,Высокий,Критический,Остаток на начало сентября; Резервы неизвестны; Нет ежедневных данных доступности,Нет запаса,"Подтвердить наличие, срок и цену закупки",0.0,KZT,1.0,0.16131057948992888,,,,,,,,Нужны цены,,,,,,,,,,,Не оценён,"Прибыль = выручка - себестоимость проданного - комиссия - доставка - прочие расходы. Заполните цены и расходы, включая явные нули."
IEK:280100360_,IEK,280100360_,EL-KK10D-P-040-025-K11,Поворот 90град КМП 40х25 дуб ЭЛЕКОР IEK (4шт/компл),шт,,,,0.0,,2026-09-01,monthly_balance_proxy,3,1761,"[[3, ""Лист_1"", 1761], [4, ""Лист_1"", 1511], [5, ""Лист4"", 1647]]",2026-09-22,deficit,10.0,10.0,9.504786720915728,26.94264108064855,0.0,0.0,8.22981610130069,1.0,2,0.0,50.0,9.504786720915728,высокая,Прогноз 30 дней 9.50; остаток 0; поступления в срок 0; нехватка 10; заказ с учётом MOQ 10 шт. Остаток на начало сентября: требуется актуализация.,"[""blank_stock_assumed_zero"", ""category_missing"", ""daily_stockout_data_missing"", ""moq_missing"", ""new_order_lead_time_unknown"", ""reservations_unknown"", ""stale_stock"", ""stockout_proxy_used""]",draft,,,,,Высокий,Критический,Остаток на начало сентября; Резервы неизвестны; Stockout оценён по месячным снимкам; Нет ежедневных данных доступности,Нет запаса,"Подтвердить наличие, срок и цену закупки",0.0,KZT,10.0,9.504786720915728,,,,,,,,Нужны цены,,,,,,,,,,,Не оценён,"Прибыль = выручка - себестоимость проданного - комиссия - доставка - прочие расходы. Заполните цены и расходы, включая явные нули."
IEK:280100362_,IEK,280100362_,EL-KK10D-S-025-016-K11,Соединитель на стык КМС 25х16 дуб ЭЛЕКОР IEK (4шт/компл),шт,,,,0.0,,2026-09-01,monthly_balance_proxy,3,2311,"[[3, ""Лист_1"", 2311], [4, ""Лист_1"", 1992], [5, ""Лист4"", 1664]]",2026-09-22,deficit,1.0,1.0,0.16131057948992888,0.457257292911656,0.0,0.0,0.13967240332442304,1.0,4,0.0,4.0,0.16131057948992888,высокая,Прогноз 30 дней 0.16; остаток 0; поступления в срок 0; нехватка 1; заказ с учётом MOQ 1 шт. Остаток на начало сентября: требуется актуализация.,"[""blank_stock_assumed_zero"", ""category_missing"", ""daily_stockout_data_missing"", ""moq_missing"", ""new_order_lead_time_unknown"", ""reservations_unknown"", ""stale_stock""]",draft,,,,,Высокий,Критический,Остаток на начало сентября; Резервы неизвестны; Нет ежедневных данных доступности,Нет запаса,"Подтвердить наличие, срок и цену закупки",0.0,KZT,1.0,0.16131057948992888,,,,,,,,Нужны цены,,,,,,,,,,,Не оценён,"Прибыль = выручка - себестоимость проданного - комиссия - доставка - прочие расходы. Заполните цены и расходы, включая явные нули."
IEK:280100376_,IEK,280100376_,CKK10-020-010-1-K34,Кабель-канал 20х10 сосна ЭЛЕКОР IEK (96),м,,96.0,minimum,0.0,,2026-09-01,monthly_balance_proxy,3,1223,"[[1, ""Лист7"", 1073], [3, ""Лист_1"", 1223], [4, ""Лист_1"", 1070], [5, ""Лист4"", 1561]]",2026-09-22,deficit,96.0,22.189,22.188547818497202,62.89652756321714,0.0,0.0,19.212179448415377,1.0,1,0.0,102.0,22.188547818497202,высокая,Прогноз 30 дней 22.19; остаток 0; поступления в срок 0; нехватка 22.189; заказ с учётом MOQ 96 м. Остаток на начало сентября: требуется актуализация.,"[""blank_stock_assumed_zero"", ""category_missing"", ""daily_stockout_data_missing"", ""new_order_lead_time_unknown"", ""reservations_unknown"", ""stale_stock""]",draft,,,,,Высокий,Критический,Остаток на начало сентября; Резервы неизвестны; Нет ежедневных данных доступности,Нет запаса,"Подтвердить наличие, срок и цену закупки",0.0,KZT,96.0,22.188547818497202,,,,,,,,Нужны цены,,,,,,,,,,,Не оценён,"Прибыль = выручка - себестоимость проданного - комиссия - доставка - прочие расходы. Заполните цены и расходы, включая явные нули."
IEK:280100411_,IEK,280100411_,EL-KK10-025-025-1-K02,Кабель-канал 25х25 черный ЭЛЕКОР IEK (32),м,,32.0,minimum,2.0,,2026-09-01,monthly_balance_proxy,3,1236,"[[1, ""Лист7"", 1084], [3, ""Лист_1"", 1236], [4, ""Лист_1"", 1081], [5, ""Лист4"", 1548]]",2026-09-22,deficit,32.0,0.455,2.454421450517879,6.957399270877784,0.0,0.0,2.1251857370350087,1.0,0,0.0,68.0,0.45442145051787897,высокая,Прогноз 30 дней 2.45; остаток 2; поступления в срок 0; нехватка 0.455; заказ с учётом MOQ 32 м. Остаток на начало сентября: требуется актуализация.,"[""category_missing"", ""daily_stockout_data_missing"", ""new_order_lead_time_unknown"", ""reservations_unknown"", ""stale_stock""]",draft,,,,,Высокий,Средний,Остаток на начало сентября; Резервы неизвестны; Нет ежедневных данных доступности,Запаса примерно на 24.4 дн. без поступлений,"Подтвердить наличие, срок и цену закупки",24.445679444066176,KZT,32.0,0.45442145051787897,,,,,,,,Нужны цены,,,,,,,,,,,Не оценён,"Прибыль = выручка - себестоимость проданного - комиссия - доставка - прочие расходы. Заполните цены и расходы, включая явные нули."
IEK:280100433_,IEK,280100433_,EL-KK10D-V-100-060-K02,Угол внутренний КМВ 100х60 черный ЭЛЕКОР IEK (2шт/компл),шт,,,,0.0,,2026-09-01,monthly_balance_proxy,3,2485,"[[3, ""Лист_1"", 2485], [4, ""Лист_1"", 2135], [5, ""Лист4"", 1616]]",2026-09-22,deficit,3.0,3.0,2.489755161990805,7.057557594700819,0.0,0.0,2.1557797899198237,1.0,5,0.0,13.0,2.489755161990805,высокая,Прогноз 30 дней 2.49; остаток 0; поступления в срок 0; нехватка 3; заказ с учётом MOQ 3 шт. Остаток на начало сентября: требуется актуализация.,"[""blank_stock_assumed_zero"", ""category_missing"", ""daily_stockout_data_missing"", ""moq_missing"", ""new_order_lead_time_unknown"", ""reservations_unknown"", ""stale_stock"", ""stockout_proxy_used""]",draft,,,,,Высокий,Критический,Остаток на начало сентября; Резервы неизвестны; Stockout оценён по месячным снимкам; Нет ежедневных данных доступности,Нет запаса,"Подтвердить наличие, срок и цену закупки",0.0,KZT,3.0,2.489755161990805,,,,,,,,Нужны цены,,,,,,,,,,,Не оценён,"Прибыль = выручка - себестоимость проданного - комиссия - доставка - прочие расходы. Заполните цены и расходы, включая явные нули."
IEK:280100441_,IEK,280100441_,EL-KK10D-P-015-010-K02,Поворот 90град КМП 15х10 черный ЭЛЕКОР IEK (4шт/компл),шт,,,,0.0,,2026-09-01,monthly_balance_proxy,3,1749,"[[3, ""Лист_1"", 1749], [4, ""Лист_1"", 1505], [5, ""Лист4"", 1648]]",2026-09-22,deficit,1.0,1.0,0.15632529216195482,0.4431258020002469,0.0,0.0,0.1353558416670124,1.0,3,0.0,4.0,0.15632529216195482,высокая,Прогноз 30 дней 0.16; остаток 0; поступления в срок 0; нехватка 1; заказ с учётом MOQ 1 шт. Остаток на начало сентября: требуется актуализация.,"[""blank_stock_assumed_zero"", ""category_missing"", ""daily_stockout_data_missing"", ""moq_missing"", ""new_order_lead_time_unknown"", ""reservations_unknown"", ""stale_stock""]",draft,,,,,Высокий,Критический,Остаток на начало сентября; Резервы неизвестны; Нет ежедневных данных доступности,Нет запаса,"Подтвердить наличие, срок и цену закупки",0.0,KZT,1.0,0.15632529216195482,,,,,,,,Нужны цены,,,,,,,,,,,Не оценён,"Прибыль = выручка - себестоимость проданного - комиссия - доставка - прочие расходы. Заполните цены и расходы, включая явные нули."
IEK:280100442_,IEK,280100442_,EL-KK10D-P-016-016-K02,Поворот 90град КМП 16х16 черный ЭЛЕКОР IEK (4шт/компл),шт,,,,0.0,,2026-09-01,monthly_balance_proxy,3,1752,"[[3, ""Лист_1"", 1752], [4, ""Лист_1"", 1507], [5, ""Лист4"", 1649]]",2026-09-22,deficit,1.0,1.0,0.20515189238876688,0.5815315972827909,0.0,0.0,0.17763284929666662,1.0,5,0.0,4.0,0.20515189238876688,высокая,Прогноз 30 дней 0.21; остаток 0; поступления в срок 0; нехватка 1; заказ с учётом MOQ 1 шт. Остаток на начало сентября: требуется актуализация.,"[""blank_stock_assumed_zero"", ""category_missing"", ""daily_stockout_data_missing"", ""moq_missing"", ""new_order_lead_time_unknown"", ""reservations_unknown"", ""stale_stock""]",draft,,,,,Высокий,Критический,Остаток на начало сентября; Резервы неизвестны; Нет ежедневных данных доступности,Нет запаса,"Подтвердить наличие, срок и цену закупки",0.0,KZT,1.0,0.20515189238876688,,,,,,,,Нужны цены,,,,,,,,,,,Не оценён,"Прибыль = выручка - себестоимость проданного - комиссия - доставка - прочие расходы. Заполните цены и расходы, включая явные нули."
IEK:280100444_,IEK,280100444_,EL-KK10D-P-025-016-K02,Поворот 90град КМП 25х16 черный ЭЛЕКОР IEK (4шт/компл),шт,,,,0.0,,2026-09-01,monthly_balance_proxy,3,1758,"[[3, ""Лист_1"", 1758], [4, ""Лист_1"", 1510], [5, ""Лист4"", 1651]]",2026-09-22,deficit,4.0,4.0,3.3669145784562686,9.543988066237294,0.0,0.0,2.9152771780252884,1.0,6,0.0,16.0,3.3669145784562686,высокая,Прогноз 30 дней 3.37; остаток 0; поступления в срок 0; нехватка 4; заказ с учётом MOQ 4 шт. Остаток на начало сентября: требуется актуализация.,"[""blank_stock_assumed_zero"", ""category_missing"", ""daily_stockout_data_missing"", ""moq_missing"", ""new_order_lead_time_unknown"", ""reservations_unknown"", ""stale_stock"", ""stockout_proxy_used""]",draft,,,,,Высокий,Критический,Остаток на начало сентября; Резервы неизвестны; Stockout оценён по месячным снимкам; Нет ежедневных данных доступности,Нет запаса,"Подтвердить наличие, срок и цену закупки",0.0,KZT,4.0,3.3669145784562686,,,,,,,,Нужны цены,,,,,,,,,,,Не оценён,"Прибыль = выручка - себестоимость проданного - комиссия - доставка - прочие расходы. Заполните цены и расходы, включая явные нули."
IEK:280100447_,IEK,280100447_,EL-KK10D-P-100-060-K02,Поворот 90град КМП 100х60 черный ЭЛЕКОР IEK (2шт/компл),шт,,,,0.0,,2026-09-01,monthly_balance_proxy,3,1746,"[[3, ""Лист_1"", 1746], [4, ""Лист_1"", 1504], [5, ""Лист4"", 1654]]",2026-09-22,deficit,1.0,1.0,0.035646968637373676,0.10104629486282299,0.0,0.0,0.03086528978171059,1.0,9,0.0,1.0,0.035646968637373676,высокая,Прогноз 30 дней 0.04; остаток 0; поступления в срок 0; нехватка 1; заказ с учётом MOQ 1 шт. Остаток на начало сентября: требуется актуализация.,"[""blank_stock_assumed_zero"", ""category_missing"", ""daily_stockout_data_missing"", ""moq_missing"", ""new_order_lead_time_unknown"", ""reservations_unknown"", ""stale_stock""]",draft,,,,,Высокий,Критический,Остаток на начало сентября; Резервы неизвестны; Нет ежедневных данных доступности,Нет запаса,"Подтвердить наличие, срок и цену закупки",0.0,KZT,1.0,0.035646968637373676,,,,,,,,Нужны цены,,,,,,,,,,,Не оценён,"Прибыль = выручка - себестоимость проданного - комиссия - доставка - прочие расходы. Заполните цены и расходы, включая явные нули."
IEK:280200038_,IEK,280200038_,CKMP10D-V-016-016-K01,Внутренний угол КМВ 16х16 Белый ЭЛЕКОР IEK (4),шт,,1.0,minimum,37.0,,2026-09-01,monthly_balance_proxy,3,869,"[[1, ""Лист7"", 1112], [3, ""Лист_1"", 869], [4, ""Лист_1"", 768], [5, ""Лист4"", 478]]",2026-09-22,deficit,3.0,3.0,39.31706561523626,111.4496956448869,0.0,0.0,34.043080519011674,1.25,0,0.0,255.0,2.3170656152362596,высокая,Прогноз 30 дней 39.32; остаток 37; поступления в срок 0; нехватка 3; заказ с учётом MOQ 3 шт. Остаток на начало сентября: требуется актуализация.,"[""category_missing"", ""daily_stockout_data_missing"", ""new_order_lead_time_unknown"", ""reservations_unknown"", ""stale_stock""]",draft,,,,,Высокий,Средний,Остаток на начало сентября; Резервы неизвестны; Нет ежедневных данных доступности,Запаса примерно на 28.2 дн. без поступлений,"Подтвердить наличие, срок и цену закупки",28.232015350856948,KZT,3.0,2.3170656152362596,,,,,,,,Нужны цены,,,,,,,,,,,Не оценён,"Прибыль = выручка - себестоимость проданного - комиссия - доставка - прочие расходы. Заполните цены и расходы, включая явные нули."
IEK:280200042_,IEK,280200042_,CKMP10D-V-060-040-K01,Внутренний угол КМВ 60х40 Белый ЭЛЕКОР IEK (4),шт,,1.0,minimum,52.0,,2026-09-01,monthly_balance_proxy,3,874,"[[1, ""Лист7"", 1117], [3, ""Лист_1"", 874], [4, ""Лист_1"", 773], [5, ""Лист4"", 483]]",2026-09-22,deficit,45.0,45.0,116.5484674413486,330.372855170113,20.0,20.0,100.91467405786453,1.25,0,0.0,659.0,44.548467441348606,высокая,Прогноз 30 дней 116.55; остаток 52; поступления в срок 20; нехватка 45; заказ с учётом MOQ 45 шт. Остаток на начало сентября: требуется актуализация.,"[""category_missing"", ""daily_stockout_data_missing"", ""large_orders_detected"", ""new_order_lead_time_unknown"", ""reservations_unknown"", ""stale_stock""]",draft,,,,,Высокий,Высокий,Остаток на начало сентября; Резервы неизвестны; Нет ежедневных данных доступности,Запаса примерно на 13.4 дн. без поступлений,"Подтвердить наличие, срок и цену закупки",13.38498938894283,KZT,45.0,44.548467441348606,,,,,,,,Нужны цены,,,,,,,,,,,Не оценён,"Прибыль = выручка - себестоимость проданного - комиссия - доставка - прочие расходы. Заполните цены и расходы, включая явные нули."
IEK:280200046_,IEK,280200046_,CKMP10D-Z-016-016-K01,Заглушка КМЗ 16х16 Белый ЭЛЕКОР IEK (4),шт,,1.0,minimum,0.0,,2026-09-01,monthly_balance_proxy,3,1118,"[[1, ""Лист7"", 1121], [3, ""Лист_1"", 1118], [4, ""Лист_1"", 987], [5, ""Лист4"", 487]]",2026-09-22,deficit,8.0,8.0,7.5900853226048035,21.51515342984337,0.0,0.0,6.571952452206208,1.0,6,0.0,34.0,7.5900853226048035,высокая,Прогноз 30 дней 7.59; остаток 0; поступления в срок 0; нехватка 8; заказ с учётом MOQ 8 шт. Остаток на начало сентября: требуется актуализация.,"[""blank_stock_assumed_zero"", ""category_missing"", ""daily_stockout_data_missing"", ""new_order_lead_time_unknown"", ""reservations_unknown"", ""stale_stock"", ""stockout_proxy_used""]",draft,,,,,Высокий,Критический,Остаток на начало сентября; Резервы неизвестны; Stockout оценён по месячным снимкам; Нет ежедневных данных доступности,Нет запаса,"Подтвердить наличие, срок и цену закупки",0.0,KZT,8.0,7.5900853226048035,,,,,,,,Нужны цены,,,,,,,,,,,Не оценён,"Прибыль = выручка - себестоимость проданного - комиссия - доставка - прочие расходы. Заполните цены и расходы, включая явные нули."
IEK:280200049_,IEK,280200049_,CKMP10D-Z-060-040-K01,Заглушка КМЗ 60х40 Белый ЭЛЕКОР IEK (4),шт,,1.0,minimum,43.0,,2026-09-01,monthly_balance_proxy,3,1136,"[[1, ""Лист7"", 1126], [3, ""Лист_1"", 1136], [4, ""Лист_1"", 998], [5, ""Лист4"", 492]]",2026-09-22,deficit,66.0,66.0,123.82979061723196,351.01277931363273,15.0,15.0,107.21928166992103,1.25,0,0.0,761.0,65.82979061723196,высокая,Прогноз 30 дней 123.83; остаток 43; поступления в срок 15; нехватка 66; заказ с учётом MOQ 66 шт. Остаток на начало сентября: требуется актуализация.,"[""category_missing"", ""daily_stockout_data_missing"", ""new_order_lead_time_unknown"", ""reservations_unknown"", ""stale_stock""]",draft,,,,,Высокий,Высокий,Остаток на начало сентября; Резервы неизвестны; Нет ежедневных данных доступности,Запаса примерно на 10.4 дн. без поступлений,"Подтвердить наличие, срок и цену закупки",10.41752548857565,KZT,66.0,65.82979061723196,,,,,,,,Нужны цены,,,,,,,,,,,Не оценён,"Прибыль = выручка - себестоимость проданного - комиссия - доставка - прочие расходы. Заполните цены и расходы, включая явные нули."
IEK:280200051_,IEK,280200051_,CKMP10D-P-100-060-K01,Поворот 90° КМП 100х60 Белый ЭЛЕКОР IEK (2),шт,,4.0,minimum,8.0,,2026-09-01,monthly_balance_proxy,3,1725,"[[1, ""Лист7"", 1128], [3, ""Лист_1"", 1725], [4, ""Лист_1"", 1483], [5, ""Лист4"", 503]]",2026-09-22,deficit,13.0,13.0,20.554451792866317,58.264454903132815,0.0,0.0,17.79728081074108,0.75,0,5.0,299.0,12.554451792866317,высокая,Прогноз 30 дней 20.55; остаток 8; поступления в срок 0; нехватка 13; заказ с учётом MOQ 13 шт. Остаток на начало сентября: требуется актуализация.,"[""category_missing"", ""daily_stockout_data_missing"", ""large_orders_detected"", ""new_order_lead_time_unknown"", ""reservations_unknown"", ""stale_stock""]",draft,,,,,Высокий,Высокий,Остаток на начало сентября; Резервы неизвестны; Нет ежедневных данных доступности,Запаса примерно на 11.7 дн. без поступлений,"Подтвердить наличие, срок и цену закупки",11.676302652999729,KZT,13.0,12.554451792866317,,,,,,,,Нужны цены,,,,,,,,,,,Не оценён,"Прибыль = выручка - себестоимость проданного - комиссия - доставка - прочие расходы. Заполните цены и расходы, включая явные нули."
IEK:280200053_,IEK,280200053_,CKMP10D-P-016-016-K01,Поворот 90° КМП 16х16 Белый ЭЛЕКОР IEK (4),шт,,1.0,minimum,36.0,,2026-09-01,monthly_balance_proxy,3,1727,"[[1, ""Лист7"", 1130], [3, ""Лист_1"", 1727], [4, ""Лист_1"", 1485], [5, ""Лист4"", 496]]",2026-09-22,deficit,9.0,9.0,44.581692709826925,126.37301401045096,0.0,0.0,38.60151134998058,1.25,0,0.0,289.0,8.581692709826925,высокая,Прогноз 30 дней 44.58; остаток 36; поступления в срок 0; нехватка 9; заказ с учётом MOQ 9 шт. Остаток на начало сентября: требуется актуализация.,"[""category_missing"", ""daily_stockout_data_missing"", ""new_order_lead_time_unknown"", ""reservations_unknown"", ""stale_stock""]",draft,,,,,Высокий,Средний,Остаток на начало сентября; Резервы неизвестны; Нет ежедневных данных доступности,Запаса примерно на 24.2 дн. без поступлений,"Подтвердить наличие, срок и цену закупки",24.225190528980093,KZT,9.0,8.581692709826925,,,,,,,,Нужны цены,,,,,,,,,,,Не оценён,"Прибыль = выручка - себестоимость проданного - комиссия - доставка - прочие расходы. Заполните цены и расходы, включая явные нули."
IEK:280200065_,IEK,280200065_,CKMP10D-S-060-040-K01,Соединитель на стык КМС 60х40 Белый ЭЛЕКОР IEK (4),шт,,1.0,minimum,10.0,,2026-09-01,monthly_balance_proxy,3,2321,"[[1, ""Лист7"", 1144], [3, ""Лист_1"", 2321], [4, ""Лист_1"", 1998], [5, ""Лист4"", 510]]",2026-09-22,deficit,20.0,20.0,59.26136774260762,167.9845963848809,30.0,30.0,51.31205704594979,1.0,2,0.0,380.0,19.261367742607618,высокая,Прогноз 30 дней 59.26; остаток 10; поступления в срок 30; нехватка 20; заказ с учётом MOQ 20 шт. Остаток на начало сентября: требуется актуализация.,"[""category_missing"", ""daily_stockout_data_missing"", ""new_order_lead_time_unknown"", ""reservations_unknown"", ""stale_stock"", ""stockout_proxy_used""]",draft,,,,,Высокий,Критический,Остаток на начало сентября; Резервы неизвестны; Stockout оценён по месячным снимкам; Нет ежедневных данных доступности,Запаса примерно на 5.1 дн. без поступлений,"Подтвердить наличие, срок и цену закупки",5.062319879335262,KZT,20.0,19.261367742607618,,,,,,,,Нужны цены,,,,,,,,,,,Не оценён,"Прибыль = выручка - себестоимость проданного - комиссия - доставка - прочие расходы. Заполните цены и расходы, включая явные нули."
IEK:280200067_,IEK,280200067_,CKMP10D-T-100-060-K01,Т-образный угол КМТ 100х60 Белый ЭЛЕКОР IEK (2),шт,,4.0,minimum,3.0,,2026-09-01,monthly_balance_proxy,3,2363,"[[1, ""Лист7"", 1146], [3, ""Лист_1"", 2363], [4, ""Лист_1"", 2033], [5, ""Лист4"", 521]]",2026-09-22,deficit,9.0,9.0,11.96423184488505,33.91428065324829,0.0,0.0,10.359351637007926,0.75,0,0.0,182.0,8.96423184488505,высокая,Прогноз 30 дней 11.96; остаток 3; поступления в срок 0; нехватка 9; заказ с учётом MOQ 9 шт. Остаток на начало сентября: требуется актуализация.,"[""category_missing"", ""daily_stockout_data_missing"", ""large_orders_detected"", ""new_order_lead_time_unknown"", ""reservations_unknown"", ""stale_stock""]",draft,,,,,Высокий,Высокий,Остаток на начало сентября; Резервы неизвестны; Нет ежедневных данных доступности,Запаса примерно на 7.5 дн. без поступлений,"Подтвердить наличие, срок и цену закупки",7.522421929534641,KZT,9.0,8.96423184488505,,,,,,,,Нужны цены,,,,,,,,,,,Не оценён,"Прибыль = выручка - себестоимость проданного - комиссия - доставка - прочие расходы. Заполните цены и расходы, включая явные нули."
IEK:280200073_,IEK,280200073_,CKMP10D-T-060-040-K01,Т-образный угол КМТ 60х40 Белый ЭЛЕКОР IEK (4),шт,,1.0,minimum,17.0,,2026-09-01,monthly_balance_proxy,3,2369,"[[1, ""Лист7"", 1153], [3, ""Лист_1"", 2369], [4, ""Лист_1"", 2039], [5, ""Лист4"", 519]]",2026-09-22,deficit,16.0,16.0,32.09881828145283,90.98856875631424,0.0,0.0,27.793087765358568,1.2484358125795574,0,9.0,221.0,15.098818281452829,высокая,Прогноз 30 дней 32.10; остаток 17; поступления в срок 0; нехватка 16; заказ с учётом MOQ 16 шт. Остаток на начало сентября: требуется актуализация.,"[""category_missing"", ""daily_stockout_data_missing"", ""large_orders_detected"", ""negative_net_sales_clipped_for_forecast"", ""new_order_lead_time_unknown"", ""reservations_unknown"", ""stale_stock""]",draft,,,,,Высокий,Средний,Остаток на начало сентября; Резервы неизвестны; Нет ежедневных данных доступности,Запаса примерно на 15.9 дн. без поступлений,"Подтвердить наличие, срок и цену закупки",15.888435378777963,KZT,16.0,15.098818281452829,,,,,,,,Нужны цены,,,,,,,,,,,Не оценён,"Прибыль = выручка - себестоимость проданного - комиссия - доставка - прочие расходы. Заполните цены и расходы, включая явные нули."
IEK:280300017_,IEK,280300017_,CLP1S-050,Пластина соединительная  h 50 IEK (2),шт,,,minimum,0.0,,2026-09-01,monthly_balance_proxy,3,1704,"[[1, ""Лист7"", 1222], [3, ""Лист_1"", 1704], [4, ""Лист_1"", 1465], [5, ""Лист4"", 564]]",2026-09-22,deficit,54.0,54.0,53.01562623847418,150.28017264877735,0.0,0.0,45.90411834047959,1.0,6,0.0,246.0,53.01562623847418,высокая,Прогноз 30 дней 53.02; остаток 0; поступления в срок 0; нехватка 54; заказ с учётом MOQ 54 шт. Остаток на начало сентября: требуется актуализация.,"[""blank_stock_assumed_zero"", ""category_missing"", ""daily_stockout_data_missing"", ""large_orders_detected"", ""moq_missing"", ""new_order_lead_time_unknown"", ""reservations_unknown"", ""stale_stock"", ""stockout_proxy_used""]",draft,,,,,Высокий,Критический,Остаток на начало сентября; Резервы неизвестны; Stockout оценён по месячным снимкам; Нет ежедневных данных доступности,Нет запаса,"Подтвердить наличие, срок и цену закупки",0.0,KZT,54.0,53.01562623847418,,,,,,,,Нужны цены,,,,,,,,,,,Не оценён,"Прибыль = выручка - себестоимость проданного - комиссия - доставка - прочие расходы. Заполните цены и расходы, включая явные нули."
IEK:280300020_,IEK,280300020_,CLP1N-050-100,Поворот 90º вертикальный внешний  50х100 IEK,шт,,1.0,minimum,0.0,,2026-09-01,monthly_balance_proxy,3,1740,"[[1, ""Лист7"", 1229], [3, ""Лист_1"", 1740], [4, ""Лист_1"", 1498], [5, ""Лист4"", 576]]",2026-09-22,deficit,5.0,5.0,4.0021963875591124,11.344782788969768,0.0,0.0,3.4653423835825032,1.0578428208542021,1,0.0,38.0,4.0021963875591124,высокая,Прогноз 30 дней 4.00; остаток 0; поступления в срок 0; нехватка 5; заказ с учётом MOQ 5 шт. Остаток на начало сентября: требуется актуализация.,"[""blank_stock_assumed_zero"", ""category_missing"", ""daily_stockout_data_missing"", ""new_order_lead_time_unknown"", ""reservations_unknown"", ""stale_stock"", ""stockout_proxy_used""]",draft,,,,,Высокий,Критический,Остаток на начало сентября; Резервы неизвестны; Stockout оценён по месячным снимкам; Нет ежедневных данных доступности,Нет запаса,"Подтвердить наличие, срок и цену закупки",0.0,KZT,5.0,4.0021963875591124,,,,,,,,Нужны цены,,,,,,,,,,,Не оценён,"Прибыль = выручка - себестоимость проданного - комиссия - доставка - прочие расходы. Заполните цены и расходы, включая явные нули."
IEK:280300048_,IEK,280300048_,CLP1S-100,Пластина соединительная h 100 IEK (2),шт,,,minimum,0.0,,2026-09-01,monthly_balance_proxy,3,1705,"[[1, ""Лист7"", 1223], [3, ""Лист_1"", 1705], [4, ""Лист_1"", 1466], [5, ""Лист4"", 566]]",2026-09-22,deficit,34.0,34.0,33.35552644093534,94.55088297526991,0.0,0.0,28.881221286838457,1.0,4,0.0,225.0,33.35552644093534,высокая,Прогноз 30 дней 33.36; остаток 0; поступления в срок 0; нехватка 34; заказ с учётом MOQ 34 шт. Остаток на начало сентября: требуется актуализация.,"[""blank_stock_assumed_zero"", ""category_missing"", ""daily_stockout_data_missing"", ""moq_missing"", ""new_order_lead_time_unknown"", ""reservations_unknown"", ""stale_stock"", ""stockout_proxy_used""]",draft,,,,,Высокий,Критический,Остаток на начало сентября; Резервы неизвестны; Stockout оценён по месячным снимкам; Нет ежедневных данных доступности,Нет запаса,"Подтвердить наличие, срок и цену закупки",0.0,KZT,34.0,33.35552644093534,,,,,,,,Нужны цены,,,,,,,,,,,Не оценён,"Прибыль = выручка - себестоимость проданного - комиссия - доставка - прочие расходы. Заполните цены и расходы, включая явные нули."
IEK:280300056_,IEK,280300056_,CLP1V-050-100,Поворот 90º вертикальный внутренний  50х100 IEK,шт,,1.0,minimum,2.0,,2026-09-01,monthly_balance_proxy,3,1742,"[[1, ""Лист7"", 1231], [3, ""Лист_1"", 1742], [4, ""Лист_1"", 1500], [5, ""Лист4"", 580]]",2026-09-22,deficit,2.0,2.0,3.529501814998541,10.004864221281691,0.0,0.0,3.0560549878226495,1.0,2,2.0,30.0,1.5295018149985409,высокая,Прогноз 30 дней 3.53; остаток 2; поступления в срок 0; нехватка 2; заказ с учётом MOQ 2 шт. Остаток на начало сентября: требуется актуализация.,"[""category_missing"", ""daily_stockout_data_missing"", ""large_orders_detected"", ""negative_net_sales_clipped_for_forecast"", ""new_order_lead_time_unknown"", ""reservations_unknown"", ""stale_stock"", ""stockout_proxy_used""]",draft,,,,,Высокий,Средний,Остаток на начало сентября; Резервы неизвестны; Stockout оценён по месячным снимкам; Нет ежедневных данных доступности,Запаса примерно на 17.0 дн. без поступлений,"Подтвердить наличие, срок и цену закупки",16.999566268823354,KZT,2.0,1.5295018149985409,,,,,,,,Нужны цены,,,,,,,,,,,Не оценён,"Прибыль = выручка - себестоимость проданного - комиссия - доставка - прочие расходы. Заполните цены и расходы, включая явные нули."
IEK:280300071_,IEK,280300071_,CLP2P-050-050,Поворот 90º   50х50 IEK,шт,,1.0,minimum,2.0,,2026-09-01,monthly_balance_proxy,3,1733,"[[1, ""Лист7"", 1226], [3, ""Лист_1"", 1733], [4, ""Лист_1"", 1491], [5, ""Лист4"", 571]]",2026-09-22,deficit,1.0,1.0,2.121761003263479,6.014426924914433,0.0,0.0,1.8371483106869078,0.75,0,0.0,43.0,0.12176100326347905,высокая,Прогноз 30 дней 2.12; остаток 2; поступления в срок 0; нехватка 1; заказ с учётом MOQ 1 шт. Остаток на начало сентября: требуется актуализация.,"[""category_missing"", ""daily_stockout_data_missing"", ""new_order_lead_time_unknown"", ""reservations_unknown"", ""stale_stock""]",draft,,,,,Высокий,Средний,Остаток на начало сентября; Резервы неизвестны; Нет ежедневных данных доступности,Запаса примерно на 28.3 дн. без поступлений,"Подтвердить наличие, срок и цену закупки",28.278397004994456,KZT,1.0,0.12176100326347905,,,,,,,,Нужны цены,,,,,,,,,,,Не оценён,"Прибыль = выручка - себестоимость проданного - комиссия - доставка - прочие расходы. Заполните цены и расходы, включая явные нули."
IEK:280300072_,IEK,280300072_,CLP2P-050-100,Поворот 90º  50х100 IEK,шт,,1.0,minimum,0.0,,2026-09-01,monthly_balance_proxy,3,1734,"[[1, ""Лист7"", 1227], [3, ""Лист_1"", 1734], [4, ""Лист_1"", 1492], [5, ""Лист4"", 572]]",2026-09-22,deficit,9.0,9.0,8.25502819258604,23.40002655862361,0.0,0.0,7.147699988526458,0.75,0,0.0,163.0,8.25502819258604,высокая,Прогноз 30 дней 8.26; остаток 0; поступления в срок 0; нехватка 9; заказ с учётом MOQ 9 шт. Остаток на начало сентября: требуется актуализация.,"[""blank_stock_assumed_zero"", ""category_missing"", ""daily_stockout_data_missing"", ""new_order_lead_time_unknown"", ""reservations_unknown"", ""stale_stock""]",draft,,,,,Высокий,Критический,Остаток на начало сентября; Резервы неизвестны; Нет ежедневных данных доступности,Нет запаса,"Подтвердить наличие, срок и цену закупки",0.0,KZT,9.0,8.25502819258604,,,,,,,,Нужны цены,,,,,,,,,,,Не оценён,"Прибыль = выручка - себестоимость проданного - комиссия - доставка - прочие расходы. Заполните цены и расходы, включая явные нули."
IEK:280300073_,IEK,280300073_,CLP2P-050-200,Поворот 90º  50х200 IEK,шт,,1.0,minimum,12.0,,2026-09-01,monthly_balance_proxy,3,1735,"[[1, ""Лист7"", 1228], [3, ""Лист_1"", 1735], [4, ""Лист_1"", 1493], [5, ""Лист4"", 573]]",2026-09-22,deficit,2.0,2.0,13.064370662543759,37.03277727746413,0.0,0.0,11.311918003942791,1.0,0,0.0,179.0,1.0643706625437588,высокая,Прогноз 30 дней 13.06; остаток 12; поступления в срок 0; нехватка 2; заказ с учётом MOQ 2 шт. Остаток на начало сентября: требуется актуализация.,"[""category_missing"", ""daily_stockout_data_missing"", ""large_orders_detected"", ""new_order_lead_time_unknown"", ""reservations_unknown"", ""stale_stock""]",draft,,,,,Высокий,Средний,Остаток на начало сентября; Резервы неизвестны; Нет ежедневных данных доступности,Запаса примерно на 27.6 дн. без поступлений,"Подтвердить наличие, срок и цену закупки",27.555862375532488,KZT,2.0,1.0643706625437588,,,,,,,,Нужны цены,,,,,,,,,,,Не оценён,"Прибыль = выручка - себестоимость проданного - комиссия - доставка - прочие расходы. Заполните цены и расходы, включая явные нули."
IEK:280300078_,IEK,280300078_,CLP2P-100-200,Поворот 90º 100х200 IEK!!!,шт,,,,0.0,,2026-09-01,monthly_balance_proxy,3,1737,"[[3, ""Лист_1"", 1737], [4, ""Лист_1"", 1495], [5, ""Лист4"", 574]]",2026-09-22,deficit,1.0,1.0,0.09265146327398584,0.2626334702592241,0.0,0.0,0.08022321033078955,1.0,11,0.0,2.0,0.09265146327398584,высокая,Прогноз 30 дней 0.09; остаток 0; поступления в срок 0; нехватка 1; заказ с учётом MOQ 1 шт. Остаток на начало сентября: требуется актуализация.,"[""blank_stock_assumed_zero"", ""category_missing"", ""daily_stockout_data_missing"", ""moq_missing"", ""new_order_lead_time_unknown"", ""reservations_unknown"", ""stale_stock""]",draft,,,,,Высокий,Критический,Остаток на начало сентября; Резервы неизвестны; Нет ежедневных данных доступности,Нет запаса,"Подтвердить наличие, срок и цену закупки",0.0,KZT,1.0,0.09265146327398584,,,,,,,,Нужны цены,,,,,,,,,,,Не оценён,"Прибыль = выручка - себестоимость проданного - комиссия - доставка - прочие расходы. Заполните цены и расходы, включая явные нули."
IEK:280300181_,IEK,280300181_,UKO10-150-110-070-K41-44,Распределительная  коробка о/у  с сальниками 150х110х70 IP44 КМ41241 IEK (30),шт,,,,30.0,,2026-09-01,monthly_balance_proxy,3,1937,"[[3, ""Лист_1"", 1937], [4, ""Лист_1"", 1653], [5, ""Лист4"", 388]]",2026-09-22,deficit,11.0,11.0,40.09987093609394,113.66866629779757,0.0,0.0,34.72088045529027,1.25,0,0.0,280.0,10.099870936093943,высокая,Прогноз 30 дней 40.10; остаток 30; поступления в срок 0; нехватка 11; заказ с учётом MOQ 11 шт. Остаток на начало сентября: требуется актуализация.,"[""category_missing"", ""daily_stockout_data_missing"", ""moq_missing"", ""new_order_lead_time_unknown"", ""reservations_unknown"", ""stale_stock""]",draft,,,,,Высокий,Средний,Остаток на начало сентября; Резервы неизвестны; Нет ежедневных данных доступности,Запаса примерно на 22.4 дн. без поступлений,"Подтвердить наличие, срок и цену закупки",22.443962511358333,KZT,11.0,10.099870936093943,,,,,,,,Нужны цены,,,,,,,,,,,Не оценён,"Прибыль = выручка - себестоимость проданного - комиссия - доставка - прочие расходы. Заполните цены и расходы, включая явные нули."
IEK:280300232_,IEK,280300232_,EVS10-K03-10-54-DC,I30 Выкл 1кл о/у серый IP54 ФОРС IEK ВС20-1-0-ФСр (10/100),шт,,,,0.0,,2026-09-01,monthly_balance_proxy,3,575,"[[3, ""Лист_1"", 575], [4, ""Лист_1"", 522], [5, ""Лист4"", 374]]",2026-09-22,deficit,2.0,2.0,1.8246960434322328,5.172354943145699,0.0,0.0,1.5799315985884086,1.0,7,0.0,16.0,1.8246960434322328,высокая,Прогноз 30 дней 1.82; остаток 0; поступления в срок 0; нехватка 2; заказ с учётом MOQ 2 шт. Остаток на начало сентября: требуется актуализация.,"[""blank_stock_assumed_zero"", ""category_missing"", ""daily_stockout_data_missing"", ""moq_missing"", ""negative_net_sales_clipped_for_forecast"", ""new_order_lead_time_unknown"", ""reservations_unknown"", ""stale_stock"", ""stockout_proxy_used""]",draft,,,,,Высокий,Критический,Остаток на начало сентября; Резервы неизвестны; Stockout оценён по месячным снимкам; Нет ежедневных данных доступности,Нет запаса,"Подтвердить наличие, срок и цену закупки",0.0,KZT,2.0,1.8246960434322328,,,,,,,,Нужны цены,,,,,,,,,,,Не оценён,"Прибыль = выручка - себестоимость проданного - комиссия - доставка - прочие расходы. Заполните цены и расходы, включая явные нули."
IEK:280300235_,IEK,280300235_,EVS20-K03-10-54-DC,I31 Выкл 2кл о/у серый IP54 ФОРС IEK ВС20-2-0-ФСр (10/100),шт,,,,0.0,,2026-09-01,monthly_balance_proxy,3,576,"[[3, ""Лист_1"", 576], [4, ""Лист_1"", 523], [5, ""Лист4"", 375]]",2026-09-22,deficit,4.0,4.0,3.540933231147789,10.037268161674696,0.0,0.0,3.065952995578968,1.0,8,0.0,13.0,3.540933231147789,высокая,Прогноз 30 дней 3.54; остаток 0; поступления в срок 0; нехватка 4; заказ с учётом MOQ 4 шт. Остаток на начало сентября: требуется актуализация.,"[""blank_stock_assumed_zero"", ""category_missing"", ""daily_stockout_data_missing"", ""moq_missing"", ""new_order_lead_time_unknown"", ""reservations_unknown"", ""stale_stock"", ""stockout_proxy_used""]",draft,,,,,Высокий,Критический,Остаток на начало сентября; Резервы неизвестны; Stockout оценён по месячным снимкам; Нет ежедневных данных доступности,Нет запаса,"Подтвердить наличие, срок и цену закупки",0.0,KZT,4.0,3.540933231147789,,,,,,,,Нужны цены,,,,,,,,,,,Не оценён,"Прибыль = выручка - себестоимость проданного - комиссия - доставка - прочие расходы. Заполните цены и расходы, включая явные нули."
IEK:280300236_,IEK,280300236_,ERS12-K03-16-54-DC,I32 Роз з/к о/у серый IP54 ФОРС IEK РСб20-3-ФСр (10/100),шт,,,,0.0,,2026-09-01,monthly_balance_proxy,3,577,"[[3, ""Лист_1"", 577], [4, ""Лист_1"", 524], [5, ""Лист4"", 376]]",2026-09-22,deficit,3.0,3.0,2.8439791400375065,8.061654770460724,0.0,0.0,2.4624882183772963,1.0,3,0.0,14.0,2.8439791400375065,высокая,Прогноз 30 дней 2.84; остаток 0; поступления в срок 0; нехватка 3; заказ с учётом MOQ 3 шт. Остаток на начало сентября: требуется актуализация.,"[""blank_stock_assumed_zero"", ""category_missing"", ""daily_stockout_data_missing"", ""large_orders_detected"", ""moq_missing"", ""negative_net_sales_clipped_for_forecast"", ""new_order_lead_time_unknown"", ""reservations_unknown"", ""stale_stock"", ""stockout_proxy_used""]",draft,,,,,Высокий,Критический,Остаток на начало сентября; Резервы неизвестны; Stockout оценён по месячным снимкам; Нет ежедневных данных доступности,Нет запаса,"Подтвердить наличие, срок и цену закупки",0.0,KZT,3.0,2.8439791400375065,,,,,,,,Нужны цены,,,,,,,,,,,Не оценён,"Прибыль = выручка - себестоимость проданного - комиссия - доставка - прочие расходы. Заполните цены и расходы, включая явные нули."
IEK:280300237_,IEK,280300237_,ERS22-K03-16-54-DC,I33 Роз 2-я з/к о/у серый IP54 ФОРС IEK РСб22-3-ФСр (5/60),шт,,,,2.0,,2026-09-01,monthly_balance_proxy,3,578,"[[3, ""Лист_1"", 578], [4, ""Лист_1"", 525], [5, ""Лист4"", 377]]",2026-09-22,deficit,12.0,12.0,13.05659966600152,37.01074930599845,0.0,0.0,11.305189407673957,1.0,9,0.0,21.0,11.05659966600152,высокая,Прогноз 30 дней 13.06; остаток 2; поступления в срок 0; нехватка 12; заказ с учётом MOQ 12 шт. Остаток на начало сентября: требуется актуализация.,"[""category_missing"", ""daily_stockout_data_missing"", ""moq_missing"", ""new_order_lead_time_unknown"", ""reservations_unknown"", ""stale_stock"", ""stockout_proxy_used""]",draft,,,,,Высокий,Критический,Остаток на начало сентября; Резервы неизвестны; Stockout оценён по месячным снимкам; Нет ежедневных данных доступности,Запаса примерно на 4.6 дн. без поступлений,"Подтвердить наличие, срок и цену закупки",4.595377168240506,KZT,12.0,11.05659966600152,,,,,,,,Нужны цены,,,,,,,,,,,Не оценён,"Прибыль = выручка - себестоимость проданного - комиссия - доставка - прочие расходы. Заполните цены и расходы, включая явные нули."
IEK:280300289_,IEK,280300289_,CLP1K-150-1,Крышка на лоток осн. 150 мм. IEK (6),м,,6.0,minimum,0.0,,2026-09-01,monthly_balance_proxy,3,1460,"[[1, ""Лист7"", 1210], [3, ""Лист_1"", 1460], [4, ""Лист_1"", 1261], [5, ""Лист4"", 1198]]",2026-09-22,deficit,54.383,54.383,54.38213199347715,154.15372343668392,0.0,0.0,47.087321225011024,1.25,0,0.0,399.0,54.38213199347715,высокая,Прогноз 30 дней 54.38; остаток 0; поступления в срок 0; нехватка 54.383; заказ с учётом MOQ 54.383 м. Остаток на начало сентября: требуется актуализация.,"[""blank_stock_assumed_zero"", ""category_missing"", ""daily_stockout_data_missing"", ""large_orders_detected"", ""new_order_lead_time_unknown"", ""reservations_unknown"", ""stale_stock""]",draft,,,,,Высокий,Критический,Остаток на начало сентября; Резервы неизвестны; Нет ежедневных данных доступности,Нет запаса,"Подтвердить наличие, срок и цену закупки",0.0,KZT,54.383,54.38213199347715,,,,,,,,Нужны цены,,,,,,,,,,,Не оценён,"Прибыль = выручка - себестоимость проданного - комиссия - доставка - прочие расходы. Заполните цены и расходы, включая явные нули."
IEK:280300295_,IEK,280300295_,MKP31-N-04-30-135,Бокс КМПн 1/4 для 4-х авт.выкл н/у IEK (135),шт,,135.0,minimum,2.0,,2026-09-01,monthly_balance_proxy,3,690,"[[1, ""Лист7"", 970], [3, ""Лист_1"", 690], [4, ""Лист_1"", 616], [5, ""Лист4"", 398]]",2026-09-22,deficit,135.0,107.0,108.39047151712546,307.24788008360616,0.0,0.0,93.85099044424122,0.75,0,594.0,2390.0,106.39047151712546,высокая,Прогноз 30 дней 108.39; остаток 2; поступления в срок 0; нехватка 107; заказ с учётом MOQ 135 шт. Остаток на начало сентября: требуется актуализация.,"[""category_missing"", ""daily_stockout_data_missing"", ""large_orders_detected"", ""new_order_lead_time_unknown"", ""reservations_unknown"", ""stale_stock""]",draft,,,,,Высокий,Критический,Остаток на начало сентября; Резервы неизвестны; Нет ежедневных данных доступности,Запаса примерно на 0.6 дн. без поступлений,"Подтвердить наличие, срок и цену закупки",0.5535541930963934,KZT,135.0,106.39047151712546,,,,,,,,Нужны цены,,,,,,,,,,,Не оценён,"Прибыль = выручка - себестоимость проданного - комиссия - доставка - прочие расходы. Заполните цены и расходы, включая явные нули."
IEK:280300590_,IEK,280300590_,YKM40-01-31-G,ЩМП- 1 IP 31 (395х310х220) GENERICA,шт,,,,0.0,,2026-09-01,monthly_balance_proxy,3,2664,"[[3, ""Лист_1"", 2664], [4, ""Лист_1"", 2283], [5, ""Лист4"", 1230]]",2026-09-22,deficit,1.0,1.0,0.22772691281764607,0.6455236352593149,0.0,0.0,0.1971796599793246,1.0,8,0.0,6.0,0.22772691281764607,высокая,Прогноз 30 дней 0.23; остаток 0; поступления в срок 0; нехватка 1; заказ с учётом MOQ 1 шт. Остаток на начало сентября: требуется актуализация.,"[""blank_stock_assumed_zero"", ""category_missing"", ""daily_stockout_data_missing"", ""moq_missing"", ""new_order_lead_time_unknown"", ""reservations_unknown"", ""stale_stock""]",draft,,,,,Высокий,Критический,Остаток на начало сентября; Резервы неизвестны; Нет ежедневных данных доступности,Нет запаса,"Подтвердить наличие, срок и цену закупки",0.0,KZT,1.0,0.22772691281764607,,,,,,,,Нужны цены,,,,,,,,,,,Не оценён,"Прибыль = выручка - себестоимость проданного - комиссия - доставка - прочие расходы. Заполните цены и расходы, включая явные нули."
IEK:280300591_,IEK,280300591_,YKM40-02-31-G,ЩМП- 2 IP 31 (500х400х220) GENERICA,шт,,,,0.0,,2026-09-01,monthly_balance_proxy,3,2665,"[[3, ""Лист_1"", 2665], [4, ""Лист_1"", 2284], [5, ""Лист4"", 1231]]",2026-09-22,deficit,1.0,1.0,0.03177057299633944,0.09005811180205522,0.0,0.0,0.027508873251985252,1.0,10,0.0,1.0,0.03177057299633944,высокая,Прогноз 30 дней 0.03; остаток 0; поступления в срок 0; нехватка 1; заказ с учётом MOQ 1 шт. Остаток на начало сентября: требуется актуализация.,"[""blank_stock_assumed_zero"", ""category_missing"", ""daily_stockout_data_missing"", ""moq_missing"", ""new_order_lead_time_unknown"", ""reservations_unknown"", ""stale_stock""]",draft,,,,,Высокий,Критический,Остаток на начало сентября; Резервы неизвестны; Нет ежедневных данных доступности,Нет запаса,"Подтвердить наличие, срок и цену закупки",0.0,KZT,1.0,0.03177057299633944,,,,,,,,Нужны цены,,,,,,,,,,,Не оценён,"Прибыль = выручка - себестоимость проданного - комиссия - доставка - прочие расходы. Заполните цены и расходы, включая явные нули."
IEK:280300685_,IEK,280300685_,,Распределительная  коробка о/у  с сальниками 190х140х120 IP55 КМ41246 IEK (12) E-PRO,шт,,,,0.0,,2026-09-01,monthly_balance_proxy,3,1939,"[[3, ""Лист_1"", 1939], [4, ""Лист_1"", 1655]]",2026-09-22,deficit,3.0,3.0,2.1216664985257045,6.014159038079616,0.0,0.0,1.8370664828000316,1.0,1,0.0,16.0,2.1216664985257045,высокая,Прогноз 30 дней 2.12; остаток 0; поступления в срок 0; нехватка 3; заказ с учётом MOQ 3 шт. Остаток на начало сентября: требуется актуализация.,"[""blank_stock_assumed_zero"", ""category_missing"", ""daily_stockout_data_missing"", ""moq_missing"", ""new_order_lead_time_unknown"", ""reservations_unknown"", ""stale_stock"", ""stockout_proxy_used"", ""supplier_sku_missing""]",draft,,,,,Высокий,Критический,Остаток на начало сентября; Резервы неизвестны; Нет артикула производителя; Stockout оценён по месячным снимкам; Нет ежедневных данных доступности,Нет запаса,"Подтвердить наличие, срок и цену закупки",0.0,KZT,3.0,2.1216664985257045,,,,,,,,Нужны цены,,,,,,,,,,,Не оценён,"Прибыль = выручка - себестоимость проданного - комиссия - доставка - прочие расходы. Заполните цены и расходы, включая явные нули."
IEK:280300741_,IEK,280300741_,CLP1S-41-21-20-15,"STRUT-профиль перфорированный  41х21х2000-1,5 IEK",шт,,2.0,minimum,1.0,,2026-09-01,monthly_balance_proxy,3,615,"[[1, ""Лист7"", 1245], [3, ""Лист_1"", 615], [4, ""Лист_1"", 552], [5, ""Лист4"", 2513]]",2026-09-22,deficit,13.0,13.0,13.895500656875493,39.38873094440602,0.0,0.0,12.031560349475214,0.75,0,0.0,298.0,12.895500656875493,высокая,Прогноз 30 дней 13.90; остаток 1; поступления в срок 0; нехватка 13; заказ с учётом MOQ 13 шт. Остаток на начало сентября: требуется актуализация.,"[""category_missing"", ""daily_stockout_data_missing"", ""negative_net_sales_clipped_for_forecast"", ""new_order_lead_time_unknown"", ""reservations_unknown"", ""stale_stock""]",draft,,,,,Высокий,Критический,Остаток на начало сентября; Резервы неизвестны; Нет ежедневных данных доступности,Запаса примерно на 2.2 дн. без поступлений,"Подтвердить наличие, срок и цену закупки",2.158972227111227,KZT,13.0,12.895500656875493,,,,,,,,Нужны цены,,,,,,,,,,,Не оценён,"Прибыль = выручка - себестоимость проданного - комиссия - доставка - прочие расходы. Заполните цены и расходы, включая явные нули."
IEK:280301023_,IEK,280301023_,ZKZ11-14-020-06,Комплект заземления 6/20 б/м оц. сталь HDZ IEK,шт,,1.0,minimum,0.0,,2026-09-01,monthly_balance_proxy,3,1386,"[[1, ""Лист7"", 1841], [3, ""Лист_1"", 1386], [4, ""Лист_1"", 1201], [5, ""Лист4"", 2535]]",2026-09-22,deficit,2.0,2.0,1.0859447902714767,3.0782616776976637,0.0,0.0,0.940276324184449,1.0,3,0.0,6.0,1.0859447902714767,высокая,Прогноз 30 дней 1.09; остаток 0; поступления в срок 0; нехватка 2; заказ с учётом MOQ 2 шт. Остаток на начало сентября: требуется актуализация.,"[""blank_stock_assumed_zero"", ""category_missing"", ""daily_stockout_data_missing"", ""new_order_lead_time_unknown"", ""reservations_unknown"", ""stale_stock"", ""stockout_proxy_used""]",draft,,,,,Высокий,Критический,Остаток на начало сентября; Резервы неизвестны; Stockout оценён по месячным снимкам; Нет ежедневных данных доступности,Нет запаса,"Подтвердить наличие, срок и цену закупки",0.0,KZT,2.0,1.0859447902714767,,,,,,,,Нужны цены,,,,,,,,,,,Не оценён,"Прибыль = выручка - себестоимость проданного - комиссия - доставка - прочие расходы. Заполните цены и расходы, включая явные нули."
IEK:280301024_,IEK,280301024_,ZKZ11-14-020-09,Комплект заземления 9/20 б/м оц. сталь HDZ IEK,шт,,1.0,minimum,0.0,,2026-09-01,monthly_balance_proxy,3,1387,"[[1, ""Лист7"", 1842], [3, ""Лист_1"", 1387], [4, ""Лист_1"", 1202], [5, ""Лист4"", 2536]]",2026-09-22,deficit,1.0,1.0,0.09834298950572885,0.27876689365582735,0.0,0.0,0.0851512761147277,1.0,10,0.0,3.0,0.09834298950572885,высокая,Прогноз 30 дней 0.10; остаток 0; поступления в срок 0; нехватка 1; заказ с учётом MOQ 1 шт. Остаток на начало сентября: требуется актуализация.,"[""blank_stock_assumed_zero"", ""category_missing"", ""daily_stockout_data_missing"", ""new_order_lead_time_unknown"", ""reservations_unknown"", ""stale_stock""]",draft,,,,,Высокий,Критический,Остаток на начало сентября; Резервы неизвестны; Нет ежедневных данных доступности,Нет запаса,"Подтвердить наличие, срок и цену закупки",0.0,KZT,1.0,0.09834298950572885,,,,,,,,Нужны цены,,,,,,,,,,,Не оценён,"Прибыль = выручка - себестоимость проданного - комиссия - доставка - прочие расходы. Заполните цены и расходы, включая явные нули."
IEK:290100002_,IEK,290100002_,WYP10-16-03-05-Z-N,У03 (3места 2р+ре.5метров) IEK,шт,,,,0.0,,2026-09-01,monthly_balance_proxy,3,2442,"[[3, ""Лист_1"", 2442], [4, ""Лист_1"", 2104], [5, ""Лист4"", 423]]",2026-09-22,deficit,1.0,1.0,0.09265146327398584,0.2626334702592241,0.0,0.0,0.08022321033078955,1.0,6,0.0,2.0,0.09265146327398584,высокая,Прогноз 30 дней 0.09; остаток 0; поступления в срок 0; нехватка 1; заказ с учётом MOQ 1 шт. Остаток на начало сентября: требуется актуализация.,"[""blank_stock_assumed_zero"", ""category_missing"", ""daily_stockout_data_missing"", ""moq_missing"", ""new_order_lead_time_unknown"", ""reservations_unknown"", ""stale_stock""]",draft,,,,,Высокий,Критический,Остаток на начало сентября; Резервы неизвестны; Нет ежедневных данных доступности,Нет запаса,"Подтвердить наличие, срок и цену закупки",0.0,KZT,1.0,0.09265146327398584,,,,,,,,Нужны цены,,,,,,,,,,,Не оценён,"Прибыль = выручка - себестоимость проданного - комиссия - доставка - прочие расходы. Заполните цены и расходы, включая явные нули."
IEK:290100003_,IEK,290100003_,WYP10-16-03-03-ZK-N,У03К-выкл (3места/3метра ) IEK,шт,,,,0.0,,2026-09-01,monthly_balance_proxy,3,2447,"[[3, ""Лист_1"", 2447], [4, ""Лист_1"", 2109], [5, ""Лист4"", 424]]",2026-09-22,deficit,1.0,1.0,0.05128797309719172,0.14538289932069773,0.0,0.0,0.044408212324166654,1.0,11,0.0,1.0,0.05128797309719172,высокая,Прогноз 30 дней 0.05; остаток 0; поступления в срок 0; нехватка 1; заказ с учётом MOQ 1 шт. Остаток на начало сентября: требуется актуализация.,"[""blank_stock_assumed_zero"", ""category_missing"", ""daily_stockout_data_missing"", ""moq_missing"", ""new_order_lead_time_unknown"", ""reservations_unknown"", ""stale_stock""]",draft,,,,,Высокий,Критический,Остаток на начало сентября; Резервы неизвестны; Нет ежедневных данных доступности,Нет запаса,"Подтвердить наличие, срок и цену закупки",0.0,KZT,1.0,0.05128797309719172,,,,,,,,Нужны цены,,,,,,,,,,,Не оценён,"Прибыль = выручка - себестоимость проданного - комиссия - доставка - прочие расходы. Заполните цены и расходы, включая явные нули."
IEK:290100010_,IEK,290100010_,WYP10-16-03-05-ZK-N,У03К-выкл (3места/5метров ) IEK,шт,,,,0.0,,2026-09-01,monthly_balance_proxy,3,2448,"[[3, ""Лист_1"", 2448], [4, ""Лист_1"", 2110], [5, ""Лист4"", 425]]",2026-09-22,deficit,1.0,1.0,0.04632573163699292,0.13131673512961206,0.0,0.0,0.040111605165394776,1.0,6,0.0,1.0,0.04632573163699292,высокая,Прогноз 30 дней 0.05; остаток 0; поступления в срок 0; нехватка 1; заказ с учётом MOQ 1 шт. Остаток на начало сентября: требуется актуализация.,"[""blank_stock_assumed_zero"", ""category_missing"", ""daily_stockout_data_missing"", ""moq_missing"", ""new_order_lead_time_unknown"", ""reservations_unknown"", ""stale_stock""]",draft,,,,,Высокий,Критический,Остаток на начало сентября; Резервы неизвестны; Нет ежедневных данных доступности,Нет запаса,"Подтвердить наличие, срок и цену закупки",0.0,KZT,1.0,0.04632573163699292,,,,,,,,Нужны цены,,,,,,,,,,,Не оценён,"Прибыль = выручка - себестоимость проданного - комиссия - доставка - прочие расходы. Заполните цены и расходы, включая явные нули."
IEK:290100011_,IEK,290100011_,WYP10-16-04-05-Z-N,У04 (4места 2р+ре.5метров) IEK,шт,,,,0.0,,2026-09-01,monthly_balance_proxy,3,2450,"[[3, ""Лист_1"", 2450], [4, ""Лист_1"", 2112], [5, ""Лист4"", 427]]",2026-09-22,deficit,1.0,1.0,0.13897719491097874,0.3939502053888358,0.0,0.0,0.12033481549618433,1.0,6,0.0,3.0,0.13897719491097874,высокая,Прогноз 30 дней 0.14; остаток 0; поступления в срок 0; нехватка 1; заказ с учётом MOQ 1 шт. Остаток на начало сентября: требуется актуализация.,"[""blank_stock_assumed_zero"", ""category_missing"", ""daily_stockout_data_missing"", ""moq_missing"", ""new_order_lead_time_unknown"", ""reservations_unknown"", ""stale_stock""]",draft,,,,,Высокий,Критический,Остаток на начало сентября; Резервы неизвестны; Нет ежедневных данных доступности,Нет запаса,"Подтвердить наличие, срок и цену закупки",0.0,KZT,1.0,0.13897719491097874,,,,,,,,Нужны цены,,,,,,,,,,,Не оценён,"Прибыль = выручка - себестоимость проданного - комиссия - доставка - прочие расходы. Заполните цены и расходы, включая явные нули."
IEK:290100013_,IEK,290100013_,WYP10-16-04-03-ZK-N,У04К-выкл (4места  .3метра ) IEK,шт,,,,0.0,,2026-09-01,monthly_balance_proxy,3,2455,"[[3, ""Лист_1"", 2455], [4, ""Лист_1"", 2117], [5, ""Лист4"", 429]]",2026-09-22,deficit,2.0,2.0,1.0449655911903535,2.9621004333653143,0.0,0.0,0.904794068525403,1.0,8,0.0,4.0,1.0449655911903535,высокая,Прогноз 30 дней 1.04; остаток 0; поступления в срок 0; нехватка 2; заказ с учётом MOQ 2 шт. Остаток на начало сентября: требуется актуализация.,"[""blank_stock_assumed_zero"", ""category_missing"", ""daily_stockout_data_missing"", ""moq_missing"", ""new_order_lead_time_unknown"", ""reservations_unknown"", ""stale_stock"", ""stockout_proxy_used""]",draft,,,,,Высокий,Критический,Остаток на начало сентября; Резервы неизвестны; Stockout оценён по месячным снимкам; Нет ежедневных данных доступности,Нет запаса,"Подтвердить наличие, срок и цену закупки",0.0,KZT,2.0,1.0449655911903535,,,,,,,,Нужны цены,,,,,,,,,,,Не оценён,"Прибыль = выручка - себестоимость проданного - комиссия - доставка - прочие расходы. Заполните цены и расходы, включая явные нули."
IEK:290100014_,IEK,290100014_,WYP10-16-04-05-ZK-N,У04К-выкл (4места  .5метра ) IEK,шт,,,,0.0,,2026-09-01,monthly_balance_proxy,3,2456,"[[3, ""Лист_1"", 2456], [4, ""Лист_1"", 2118], [5, ""Лист4"", 430]]",2026-09-22,deficit,1.0,1.0,0.03480184351304997,0.09865067005171732,0.0,0.0,0.030133529610757194,1.0,11,0.0,1.0,0.03480184351304997,высокая,Прогноз 30 дней 0.03; остаток 0; поступления в срок 0; нехватка 1; заказ с учётом MOQ 1 шт. Остаток на начало сентября: требуется актуализация.,"[""blank_stock_assumed_zero"", ""category_missing"", ""daily_stockout_data_missing"", ""moq_missing"", ""new_order_lead_time_unknown"", ""reservations_unknown"", ""stale_stock""]",draft,,,,,Высокий,Критический,Остаток на начало сентября; Резервы неизвестны; Нет ежедневных данных доступности,Нет запаса,"Подтвердить наличие, срок и цену закупки",0.0,KZT,1.0,0.03480184351304997,,,,,,,,Нужны цены,,,,,,,,,,,Не оценён,"Прибыль = выручка - себестоимость проданного - комиссия - доставка - прочие расходы. Заполните цены и расходы, включая явные нули."
IEK:290100035_,IEK,290100035_,,ВА 88-33 (3ф)  16А IEK (1/16) !!!,шт,,,,0.0,,2026-09-01,monthly_balance_proxy,3,720,"[[3, ""Лист_1"", 720], [4, ""Лист_1"", 634]]",2026-09-22,deficit,1.0,1.0,0.5862198456073304,1.6617217575009253,0.0,0.0,0.5075844062512965,1.0,3,0.0,15.0,0.5862198456073304,высокая,Прогноз 30 дней 0.59; остаток 0; поступления в срок 0; нехватка 1; заказ с учётом MOQ 1 шт. Остаток на начало сентября: требуется актуализация.,"[""blank_stock_assumed_zero"", ""category_missing"", ""daily_stockout_data_missing"", ""moq_missing"", ""new_order_lead_time_unknown"", ""reservations_unknown"", ""stale_stock"", ""supplier_sku_missing""]",draft,,,,,Высокий,Критический,Остаток на начало сентября; Резервы неизвестны; Нет артикула производителя; Нет ежедневных данных доступности,Нет запаса,"Подтвердить наличие, срок и цену закупки",0.0,KZT,1.0,0.5862198456073304,,,,,,,,Нужны цены,,,,,,,,,,,Не оценён,"Прибыль = выручка - себестоимость проданного - комиссия - доставка - прочие расходы. Заполните цены и расходы, включая явные нули."
IEK:290100137_,IEK,290100137_,WYP10-16-04-05-Z-K02,У04 (4места/5метров) чер. IEK,шт,,1.0,minimum,0.0,,2026-09-01,monthly_balance_proxy,3,2452,"[[1, ""Лист7"", 1000], [3, ""Лист_1"", 2452], [4, ""Лист_1"", 2114], [5, ""Лист4"", 1717]]",2026-09-22,deficit,1.0,1.0,0.27628066565595993,0.7831560066372575,0.0,0.0,0.23922041992694307,1.0,7,0.0,2.0,0.27628066565595993,высокая,Прогноз 30 дней 0.28; остаток 0; поступления в срок 0; нехватка 1; заказ с учётом MOQ 1 шт. Остаток на начало сентября: требуется актуализация.,"[""blank_stock_assumed_zero"", ""category_missing"", ""daily_stockout_data_missing"", ""new_order_lead_time_unknown"", ""reservations_unknown"", ""stale_stock""]",draft,,,,,Высокий,Критический,Остаток на начало сентября; Резервы неизвестны; Нет ежедневных данных доступности,Нет запаса,"Подтвердить наличие, срок и цену закупки",0.0,KZT,1.0,0.27628066565595993,,,,,,,,Нужны цены,,,,,,,,,,,Не оценён,"Прибыль = выручка - себестоимость проданного - комиссия - доставка - прочие расходы. Заполните цены и расходы, включая явные нули."
IEK:290100147_,IEK,290100147_,WFP10-16-05-05-ZK-K02,СФ-05К-вык (5 мест/5м.) черный IEK,шт,,5.0,minimum,6.0,,2026-09-01,monthly_balance_proxy,3,2362,"[[1, ""Лист7"", 1845], [3, ""Лист_1"", 2362], [4, ""Лист_1"", 2032], [5, ""Лист4"", 2543]]",2026-09-22,deficit,5.0,3.0,8.239137328501723,23.354981692278184,0.0,0.0,7.133940722490858,1.25,0,0.0,47.0,2.239137328501723,высокая,Прогноз 30 дней 8.24; остаток 6; поступления в срок 0; нехватка 3; заказ с учётом MOQ 5 шт. Остаток на начало сентября: требуется актуализация.,"[""category_missing"", ""daily_stockout_data_missing"", ""new_order_lead_time_unknown"", ""reservations_unknown"", ""stale_stock""]",draft,,,,,Высокий,Средний,Остаток на начало сентября; Резервы неизвестны; Нет ежедневных данных доступности,Запаса примерно на 21.8 дн. без поступлений,"Подтвердить наличие, срок и цену закупки",21.846947419764973,KZT,5.0,2.239137328501723,,,,,,,,Нужны цены,,,,,,,,,,,Не оценён,"Прибыль = выручка - себестоимость проданного - комиссия - доставка - прочие расходы. Заполните цены и расходы, включая явные нули."
IEK:290200126_,IEK,290200126_,TW-KP27-16-01-15-02,"Катушка УК15 1мест. 2P+PE/15м+2м 3х1,5мм2 автосм.TWIST IEK",шт,,1.0,minimum,0.0,,2026-09-01,monthly_balance_proxy,3,1276,"[[1, ""Лист7"", 1012], [3, ""Лист_1"", 1276], [4, ""Лист_1"", 1115], [5, ""Лист4"", 2158]]",2026-09-22,deficit,1.0,1.0,0.10993321907731692,0.3116210128021789,0.0,0.0,0.09518679408549144,1.0,4,0.0,3.0,0.10993321907731692,высокая,Прогноз 30 дней 0.11; остаток 0; поступления в срок 0; нехватка 1; заказ с учётом MOQ 1 шт. Остаток на начало сентября: требуется актуализация.,"[""blank_stock_assumed_zero"", ""category_missing"", ""daily_stockout_data_missing"", ""new_order_lead_time_unknown"", ""reservations_unknown"", ""stale_stock""]",draft,,,,,Высокий,Критический,Остаток на начало сентября; Резервы неизвестны; Нет ежедневных данных доступности,Нет запаса,"Подтвердить наличие, срок и цену закупки",0.0,KZT,1.0,0.10993321907731692,,,,,,,,Нужны цены,,,,,,,,,,,Не оценён,"Прибыль = выручка - себестоимость проданного - комиссия - доставка - прочие расходы. Заполните цены и расходы, включая явные нули."
IEK:290200127_,IEK,290200127_,TW-KP27-16-01-25-02,"Катушка УК25 1мест. 2P+PE/25м+2м 3х1,5мм2 автосм. TWIST IEK",шт,,1.0,minimum,0.0,,2026-09-01,monthly_balance_proxy,3,1280,"[[1, ""Лист7"", 1014], [3, ""Лист_1"", 1280], [4, ""Лист_1"", 1119], [5, ""Лист4"", 2159]]",2026-09-22,deficit,2.0,2.0,1.7898907331932896,5.07369444617686,0.0,0.0,1.5497950672778318,1.0,0,0.0,17.0,1.7898907331932896,высокая,Прогноз 30 дней 1.79; остаток 0; поступления в срок 0; нехватка 2; заказ с учётом MOQ 2 шт. Остаток на начало сентября: требуется актуализация.,"[""blank_stock_assumed_zero"", ""category_missing"", ""daily_stockout_data_missing"", ""new_order_lead_time_unknown"", ""reservations_unknown"", ""stale_stock""]",draft,,,,,Высокий,Критический,Остаток на начало сентября; Резервы неизвестны; Нет ежедневных данных доступности,Нет запаса,"Подтвердить наличие, срок и цену закупки",0.0,KZT,2.0,1.7898907331932896,,,,,,,,Нужны цены,,,,,,,,,,,Не оценён,"Прибыль = выручка - себестоимость проданного - комиссия - доставка - прочие расходы. Заполните цены и расходы, включая явные нули."
IEK:290200128_,IEK,290200128_,TW-KP27-16-04-10,"Катушка УК10 4мест. 2P+PE/10м 3х1,5мм2 автосм. TWIST IEK",шт,,,,0.0,,2026-09-01,monthly_balance_proxy,3,1275,"[[3, ""Лист_1"", 1275], [4, ""Лист_1"", 1114], [5, ""Лист4"", 2160]]",2026-09-22,deficit,1.0,1.0,0.035646968637373676,0.10104629486282299,0.0,0.0,0.03086528978171059,1.0,0,0.0,1.0,0.035646968637373676,высокая,Прогноз 30 дней 0.04; остаток 0; поступления в срок 0; нехватка 1; заказ с учётом MOQ 1 шт. Остаток на начало сентября: требуется актуализация.,"[""blank_stock_assumed_zero"", ""category_missing"", ""daily_stockout_data_missing"", ""moq_missing"", ""new_order_lead_time_unknown"", ""reservations_unknown"", ""stale_stock""]",draft,,,,,Высокий,Критический,Остаток на начало сентября; Резервы неизвестны; Нет ежедневных данных доступности,Нет запаса,"Подтвердить наличие, срок и цену закупки",0.0,KZT,1.0,0.035646968637373676,,,,,,,,Нужны цены,,,,,,,,,,,Не оценён,"Прибыль = выручка - себестоимость проданного - комиссия - доставка - прочие расходы. Заполните цены и расходы, включая явные нули."
IEK:290200130_,IEK,290200130_,TW-KP27-16-04-15-44,"Катушка УК15 2P+PE/15м 3х1,5мм2 КГ автосм. IP44 TWIST IEK",шт,,,,0.0,,2026-09-01,monthly_balance_proxy,3,1277,"[[3, ""Лист_1"", 1277], [4, ""Лист_1"", 1116], [5, ""Лист4"", 2162]]",2026-09-22,deficit,2.0,2.0,1.0853446993366096,3.0765606364067177,0.0,0.0,0.939756729354704,1.0,0,0.0,5.0,1.0853446993366096,высокая,Прогноз 30 дней 1.09; остаток 0; поступления в срок 0; нехватка 2; заказ с учётом MOQ 2 шт. Остаток на начало сентября: требуется актуализация.,"[""blank_stock_assumed_zero"", ""category_missing"", ""daily_stockout_data_missing"", ""moq_missing"", ""new_order_lead_time_unknown"", ""reservations_unknown"", ""stale_stock""]",draft,,,,,Высокий,Критический,Остаток на начало сентября; Резервы неизвестны; Нет ежедневных данных доступности,Нет запаса,"Подтвердить наличие, срок и цену закупки",0.0,KZT,2.0,1.0853446993366096,,,,,,,,Нужны цены,,,,,,,,,,,Не оценён,"Прибыль = выручка - себестоимость проданного - комиссия - доставка - прочие расходы. Заполните цены и расходы, включая явные нули."
IEK:A650-33E055TM,IEK,A650-33E055TM,,"Преобразователь частоты A650 380В 3Ф 5,5кВт 13А M ONI",шт,,,,0.0,,2026-09-01,monthly_balance_proxy,3,1831,"[[3, ""Лист_1"", 1831], [4, ""Лист_1"", 1555]]",2026-09-22,deficit,1.0,1.0,0.03177057299633944,0.09005811180205522,0.0,0.0,0.027508873251985252,1.0,11,0.0,1.0,0.03177057299633944,высокая,Прогноз 30 дней 0.03; остаток 0; поступления в срок 0; нехватка 1; заказ с учётом MOQ 1 шт. Остаток на начало сентября: требуется актуализация.,"[""blank_stock_assumed_zero"", ""category_missing"", ""daily_stockout_data_missing"", ""moq_missing"", ""new_order_lead_time_unknown"", ""reservations_unknown"", ""stale_stock"", ""supplier_sku_missing""]",draft,,,,,Высокий,Критический,Остаток на начало сентября; Резервы неизвестны; Нет артикула производителя; Нет ежедневных данных доступности,Нет запаса,"Подтвердить наличие, срок и цену закупки",0.0,KZT,1.0,0.03177057299633944,,,,,,,,Нужны цены,,,,,,,,,,,Не оценён,"Прибыль = выручка - себестоимость проданного - комиссия - доставка - прочие расходы. Заполните цены и расходы, включая явные нули."
IEK:AR-KMR10-040-20-230,IEK,AR-KMR10-040-20-230,,ARMAT Контактор модульный KMR 40А 230В AC 2НО IEK,шт,,,,0.0,,2026-09-01,monthly_balance_proxy,3,499,"[[3, ""Лист_1"", 499], [4, ""Лист_1"", 463]]",2026-09-22,deficit,1.0,1.0,0.11386345640882303,0.32276181762965744,0.0,0.0,0.0985898299896623,1.0,11,0.0,3.0,0.11386345640882303,высокая,Прогноз 30 дней 0.11; остаток 0; поступления в срок 0; нехватка 1; заказ с учётом MOQ 1 шт. Остаток на начало сентября: требуется актуализация.,"[""blank_stock_assumed_zero"", ""category_missing"", ""daily_stockout_data_missing"", ""moq_missing"", ""new_order_lead_time_unknown"", ""reservations_unknown"", ""stale_stock"", ""supplier_sku_missing""]",draft,,,,,Высокий,Критический,Остаток на начало сентября; Резервы неизвестны; Нет артикула производителя; Нет ежедневных данных доступности,Нет запаса,"Подтвердить наличие, срок и цену закупки",0.0,KZT,1.0,0.11386345640882303,,,,,,,,Нужны цены,,,,,,,,,,,Не оценён,"Прибыль = выручка - себестоимость проданного - комиссия - доставка - прочие расходы. Заполните цены и расходы, включая явные нули."
IEK:AR-KMR10-040-40-230,IEK,AR-KMR10-040-40-230,,ARMAT Контактор модульный KMR 40А 230В AC 4НО IEK,шт,,,,0.0,,2026-09-01,monthly_balance_proxy,3,500,"[[3, ""Лист_1"", 500], [4, ""Лист_1"", 464]]",2026-09-22,deficit,1.0,1.0,0.08387945393634653,0.23776798867823998,0.0,0.0,0.07262787696799014,1.0,10,0.0,2.0,0.08387945393634653,высокая,Прогноз 30 дней 0.08; остаток 0; поступления в срок 0; нехватка 1; заказ с учётом MOQ 1 шт. Остаток на начало сентября: требуется актуализация.,"[""blank_stock_assumed_zero"", ""category_missing"", ""daily_stockout_data_missing"", ""moq_missing"", ""new_order_lead_time_unknown"", ""reservations_unknown"", ""stale_stock"", ""supplier_sku_missing""]",draft,,,,,Высокий,Критический,Остаток на начало сентября; Резервы неизвестны; Нет артикула производителя; Нет ежедневных данных доступности,Нет запаса,"Подтвердить наличие, срок и цену закупки",0.0,KZT,1.0,0.08387945393634653,,,,,,,,Нужны цены,,,,,,,,,,,Не оценён,"Прибыль = выручка - себестоимость проданного - комиссия - доставка - прочие расходы. Заполните цены и расходы, включая явные нули."
IEK:AR-KMR10-063-22-230,IEK,AR-KMR10-063-22-230,,ARMAT Контактор модульный KMR 63А 230В AC 2НО 2НЗ IEK,шт,,,,0.0,,2026-09-01,monthly_balance_proxy,3,501,"[[3, ""Лист_1"", 501], [4, ""Лист_1"", 465]]",2026-09-22,deficit,1.0,1.0,0.06354114599267888,0.18011622360411045,0.0,0.0,0.055017746503970504,1.0,10,0.0,2.0,0.06354114599267888,высокая,Прогноз 30 дней 0.06; остаток 0; поступления в срок 0; нехватка 1; заказ с учётом MOQ 1 шт. Остаток на начало сентября: требуется актуализация.,"[""blank_stock_assumed_zero"", ""category_missing"", ""daily_stockout_data_missing"", ""moq_missing"", ""new_order_lead_time_unknown"", ""reservations_unknown"", ""stale_stock"", ""supplier_sku_missing""]",draft,,,,,Высокий,Критический,Остаток на начало сентября; Резервы неизвестны; Нет артикула производителя; Нет ежедневных данных доступности,Нет запаса,"Подтвердить наличие, срок и цену закупки",0.0,KZT,1.0,0.06354114599267888,,,,,,,,Нужны цены,,,,,,,,,,,Не оценён,"Прибыль = выручка - себестоимость проданного - комиссия - доставка - прочие расходы. Заполните цены и расходы, включая явные нули."
IEK:AR-M06N-4-C025,IEK,AR-M06N-4-C025,AR-M06N-4-C025,ARMAT Автоматический выключатель M06N 4P C 25А IEK,шт,,1.0,minimum,0.0,,2026-09-01,monthly_balance_proxy,3,497,"[[1, ""Лист7"", 276], [3, ""Лист_1"", 497], [4, ""Лист_1"", 461], [5, ""Лист4"", 1442]]",2026-09-22,deficit,1.0,1.0,0.037954485469607675,0.10758727254321898,0.0,0.0,0.03286327666322077,1.0,11,0.0,1.0,0.037954485469607675,высокая,Прогноз 30 дней 0.04; остаток 0; поступления в срок 0; нехватка 1; заказ с учётом MOQ 1 шт. Остаток на начало сентября: требуется актуализация.,"[""blank_stock_assumed_zero"", ""category_missing"", ""daily_stockout_data_missing"", ""new_order_lead_time_unknown"", ""reservations_unknown"", ""stale_stock""]",draft,,,,,Высокий,Критический,Остаток на начало сентября; Резервы неизвестны; Нет ежедневных данных доступности,Нет запаса,"Подтвердить наличие, срок и цену закупки",0.0,KZT,1.0,0.037954485469607675,,,,,,,,Нужны цены,,,,,,,,,,,Не оценён,"Прибыль = выручка - себестоимость проданного - комиссия - доставка - прочие расходы. Заполните цены и расходы, включая явные нули."
IEK:BR-M12-G-31-K96,IEK,BR-M12-G-31-K96,,BRITE Рамка 1-местная РУ-1-2-БрП стекло персиковый матовый IEK,шт,,,,0.0,,2026-09-01,monthly_balance_proxy,3,505,"[[3, ""Лист_1"", 505], [4, ""Лист_1"", 469]]",2026-09-22,deficit,1.0,1.0,0.44360409359730457,1.2574575555070537,0.0,0.0,0.38409910914216333,1.0,11,0.0,11.0,0.44360409359730457,высокая,Прогноз 30 дней 0.44; остаток 0; поступления в срок 0; нехватка 1; заказ с учётом MOQ 1 шт. Остаток на начало сентября: требуется актуализация.,"[""blank_stock_assumed_zero"", ""category_missing"", ""daily_stockout_data_missing"", ""moq_missing"", ""new_order_lead_time_unknown"", ""reservations_unknown"", ""stale_stock"", ""supplier_sku_missing""]",draft,,,,,Высокий,Критический,Остаток на начало сентября; Резервы неизвестны; Нет артикула производителя; Нет ежедневных данных доступности,Нет запаса,"Подтвердить наличие, срок и цену закупки",0.0,KZT,1.0,0.44360409359730457,,,,,,,,Нужны цены,,,,,,,,,,,Не оценён,"Прибыль = выручка - себестоимость проданного - комиссия - доставка - прочие расходы. Заполните цены и расходы, включая явные нули."
IEK:BR-M12-G-41-K06,IEK,BR-M12-G-41-K06,,BRITE Рамка 1-местная РУ-1-2-Бр стекло эко грин RE IEK,шт,,,,0.0,,2026-09-01,monthly_balance_proxy,3,504,"[[3, ""Лист_1"", 504], [4, ""Лист_1"", 468]]",2026-09-22,deficit,1.0,1.0,0.13897719491097874,0.3939502053888358,0.0,0.0,0.12033481549618433,1.0,11,0.0,3.0,0.13897719491097874,высокая,Прогноз 30 дней 0.14; остаток 0; поступления в срок 0; нехватка 1; заказ с учётом MOQ 1 шт. Остаток на начало сентября: требуется актуализация.,"[""blank_stock_assumed_zero"", ""category_missing"", ""daily_stockout_data_missing"", ""moq_missing"", ""new_order_lead_time_unknown"", ""reservations_unknown"", ""stale_stock"", ""supplier_sku_missing""]",draft,,,,,Высокий,Критический,Остаток на начало сентября; Резервы неизвестны; Нет артикула производителя; Нет ежедневных данных доступности,Нет запаса,"Подтвердить наличие, срок и цену закупки",0.0,KZT,1.0,0.13897719491097874,,,,,,,,Нужны цены,,,,,,,,,,,Не оценён,"Прибыль = выручка - себестоимость проданного - комиссия - доставка - прочие расходы. Заполните цены и расходы, включая явные нули."
IEK:BR-M22-G-31-K96,IEK,BR-M22-G-31-K96,,BRITE Рамка 2-местная РУ-2-2-БрП стекло персиковый матовый IEK,шт,,,,0.0,,2026-09-01,monthly_balance_proxy,3,506,"[[3, ""Лист_1"", 506], [4, ""Лист_1"", 470]]",2026-09-22,deficit,1.0,1.0,0.04032764487248222,0.114314323227914,0.0,0.0,0.03491810083110576,1.0,11,0.0,1.0,0.04032764487248222,высокая,Прогноз 30 дней 0.04; остаток 0; поступления в срок 0; нехватка 1; заказ с учётом MOQ 1 шт. Остаток на начало сентября: требуется актуализация.,"[""blank_stock_assumed_zero"", ""category_missing"", ""daily_stockout_data_missing"", ""moq_missing"", ""new_order_lead_time_unknown"", ""reservations_unknown"", ""stale_stock"", ""supplier_sku_missing""]",draft,,,,,Высокий,Критический,Остаток на начало сентября; Резервы неизвестны; Нет артикула производителя; Нет ежедневных данных доступности,Нет запаса,"Подтвердить наличие, срок и цену закупки",0.0,KZT,1.0,0.04032764487248222,,,,,,,,Нужны цены,,,,,,,,,,,Не оценён,"Прибыль = выручка - себестоимость проданного - комиссия - доставка - прочие расходы. Заполните цены и расходы, включая явные нули."
IEK:BR-RT11-K10,IEK,BR-RT11-K10,BR-RT11-K10,BRITE Термостат электронный с инд. ТС10-1-БрКр беж. IEK,шт,,1.0,minimum,0.0,,2026-09-01,monthly_balance_proxy,3,534,"[[1, ""Лист7"", 543], [3, ""Лист_1"", 534], [4, ""Лист_1"", 488], [5, ""Лист4"", 1274]]",2026-09-22,deficit,1.0,1.0,0.9718447619546897,2.7548292640627383,0.0,0.0,0.8414816560059404,1.0,4,0.0,6.0,0.9718447619546897,высокая,Прогноз 30 дней 0.97; остаток 0; поступления в срок 0; нехватка 1; заказ с учётом MOQ 1 шт. Остаток на начало сентября: требуется актуализация.,"[""blank_stock_assumed_zero"", ""category_missing"", ""daily_stockout_data_missing"", ""new_order_lead_time_unknown"", ""reservations_unknown"", ""stale_stock"", ""stockout_proxy_used""]",draft,,,,,Высокий,Критический,Остаток на начало сентября; Резервы неизвестны; Stockout оценён по месячным снимкам; Нет ежедневных данных доступности,Нет запаса,"Подтвердить наличие, срок и цену закупки",0.0,KZT,1.0,0.9718447619546897,,,,,,,,Нужны цены,,,,,,,,,,,Не оценён,"Прибыль = выручка - себестоимость проданного - комиссия - доставка - прочие расходы. Заполните цены и расходы, включая явные нули."
IEK:BR-U21-D31-K37,IEK,BR-U21-D31-K37,BR-U21-D31-K37,"BRITE Розетка USB A+A 5В 3,1А РЮ10-1-БрШ шампань IEK",шт,,1.0,minimum,0.0,,2026-09-01,monthly_balance_proxy,3,524,"[[1, ""Лист7"", 804], [3, ""Лист_1"", 524], [4, ""Лист_1"", 483], [5, ""Лист4"", 1294]]",2026-09-22,deficit,1.0,1.0,0.6103575380479207,1.7301434068274475,0.0,0.0,0.5284842723638808,1.0,2,0.0,3.0,0.6103575380479207,высокая,Прогноз 30 дней 0.61; остаток 0; поступления в срок 0; нехватка 1; заказ с учётом MOQ 1 шт. Остаток на начало сентября: требуется актуализация.,"[""blank_stock_assumed_zero"", ""category_missing"", ""daily_stockout_data_missing"", ""new_order_lead_time_unknown"", ""reservations_unknown"", ""stale_stock""]",draft,,,,,Высокий,Критический,Остаток на начало сентября; Резервы неизвестны; Нет ежедневных данных доступности,Нет запаса,"Подтвердить наличие, срок и цену закупки",0.0,KZT,1.0,0.6103575380479207,,,,,,,,Нужны цены,,,,,,,,,,,Не оценён,"Прибыль = выручка - себестоимость проданного - комиссия - доставка - прочие расходы. Заполните цены и расходы, включая явные нули."
IEK:CKK10-025-016-1-K28_,IEK,CKK10-025-016-1-K28_,,Кабель-канал 25х16 ольха ЭЛЕКОР IEK (за штуку) (50),м,,,,0.0,,2026-09-01,monthly_balance_proxy,3,1229,"[[3, ""Лист_1"", 1229], [4, ""Лист_1"", 1075]]",2026-09-22,deficit,0.404,0.404,0.40327644872482193,1.143143232279142,0.0,0.0,0.3491810083110576,1.0,4,0.0,10.0,0.40327644872482193,высокая,Прогноз 30 дней 0.40; остаток 0; поступления в срок 0; нехватка 0.404; заказ с учётом MOQ 0.404 м. Остаток на начало сентября: требуется актуализация.,"[""blank_stock_assumed_zero"", ""category_missing"", ""daily_stockout_data_missing"", ""moq_missing"", ""new_order_lead_time_unknown"", ""reservations_unknown"", ""stale_stock"", ""supplier_sku_missing""]",draft,,,,,Высокий,Критический,Остаток на начало сентября; Резервы неизвестны; Нет артикула производителя; Нет ежедневных данных доступности,Нет запаса,"Подтвердить наличие, срок и цену закупки",0.0,KZT,0.404,0.40327644872482193,,,,,,,,Нужны цены,,,,,,,,,,,Не оценён,"Прибыль = выручка - себестоимость проданного - комиссия - доставка - прочие расходы. Заполните цены и расходы, включая явные нули."
IEK:EPP14-04-01-K01,IEK,EPP14-04-01-K01,,"Ппл27-04-К51 Патрон подвесной с шнуром, пластик, Е27, белый (50 шт), стикер на изделии, IEK E-PRO",шт,,,,0.0,,2026-09-01,monthly_balance_proxy,3,1779,"[[3, ""Лист_1"", 1779], [4, ""Лист_1"", 1529]]",2026-09-22,deficit,90.0,90.0,89.20734259913554,252.8706307652314,0.0,0.0,77.24108347019077,1.0,6,0.0,468.0,89.20734259913554,высокая,Прогноз 30 дней 89.21; остаток 0; поступления в срок 0; нехватка 90; заказ с учётом MOQ 90 шт. Остаток на начало сентября: требуется актуализация.,"[""blank_stock_assumed_zero"", ""category_missing"", ""daily_stockout_data_missing"", ""moq_missing"", ""new_order_lead_time_unknown"", ""reservations_unknown"", ""stale_stock"", ""stockout_proxy_used"", ""supplier_sku_missing""]",draft,,,,,Высокий,Критический,Остаток на начало сентября; Резервы неизвестны; Нет артикула производителя; Stockout оценён по месячным снимкам; Нет ежедневных данных доступности,Нет запаса,"Подтвердить наличие, срок и цену закупки",0.0,KZT,90.0,89.20734259913554,,,,,,,,Нужны цены,,,,,,,,,,,Не оценён,"Прибыль = выручка - себестоимость проданного - комиссия - доставка - прочие расходы. Заполните цены и расходы, включая явные нули."
IEK:EPP14-04-01-K02,IEK,EPP14-04-01-K02,,"Ппл27-04-К52 Патрон подвесной с шнуром, пластик, Е27, черный (50 шт), стикер на изделии, IEK E-PRO",шт,,,,7.0,,2026-09-01,monthly_balance_proxy,3,1780,"[[3, ""Лист_1"", 1780], [4, ""Лист_1"", 1530]]",2026-09-22,deficit,58.0,58.0,64.47866298003345,182.7737460124484,0.0,0.0,55.829505107748034,1.0,6,0.0,643.0,57.47866298003345,высокая,Прогноз 30 дней 64.48; остаток 7; поступления в срок 0; нехватка 58; заказ с учётом MOQ 58 шт. Остаток на начало сентября: требуется актуализация.,"[""category_missing"", ""daily_stockout_data_missing"", ""moq_missing"", ""new_order_lead_time_unknown"", ""reservations_unknown"", ""stale_stock"", ""stockout_proxy_used"", ""supplier_sku_missing""]",draft,,,,,Высокий,Критический,Остаток на начало сентября; Резервы неизвестны; Нет артикула производителя; Stockout оценён по месячным снимкам; Нет ежедневных данных доступности,Запаса примерно на 3.3 дн. без поступлений,"Подтвердить наличие, срок и цену закупки",3.256891354354368,KZT,58.0,57.47866298003345,,,,,,,,Нужны цены,,,,,,,,,,,Не оценён,"Прибыль = выручка - себестоимость проданного - комиссия - доставка - прочие расходы. Заполните цены и расходы, включая явные нули."
IEK:MPR10-4-050,IEK,MPR10-4-050,,Выключатель-разъединитель трехпозиционный ВРТ-63 4P 50А IEK,шт,,,,0.0,,2026-09-01,monthly_balance_proxy,3,1025,"[[3, ""Лист_1"", 1025], [4, ""Лист_1"", 911]]",2026-09-22,deficit,1.0,1.0,0.03177057299633944,0.09005811180205522,0.0,0.0,0.027508873251985252,1.0,10,0.0,1.0,0.03177057299633944,высокая,Прогноз 30 дней 0.03; остаток 0; поступления в срок 0; нехватка 1; заказ с учётом MOQ 1 шт. Остаток на начало сентября: требуется актуализация.,"[""blank_stock_assumed_zero"", ""category_missing"", ""daily_stockout_data_missing"", ""moq_missing"", ""new_order_lead_time_unknown"", ""reservations_unknown"", ""stale_stock"", ""supplier_sku_missing""]",draft,,,,,Высокий,Критический,Остаток на начало сентября; Резервы неизвестны; Нет артикула производителя; Нет ежедневных данных доступности,Нет запаса,"Подтвердить наличие, срок и цену закупки",0.0,KZT,1.0,0.03177057299633944,,,,,,,,Нужны цены,,,,,,,,,,,Не оценён,"Прибыль = выручка - себестоимость проданного - комиссия - доставка - прочие расходы. Заполните цены и расходы, включая явные нули."
IEK:ORI-01-5,IEK,ORI-01-5,,"Реле контроля тока ORI 0,5-5А 24-240В AC/24В DC IEK",шт,,,,0.0,,2026-09-01,monthly_balance_proxy,3,1966,"[[3, ""Лист_1"", 1966], [4, ""Лист_1"", 1683]]",2026-09-22,deficit,1.0,1.0,0.8700460878262493,2.4662667512929377,0.0,0.0,0.7533382402689299,1.0,11,0.0,25.0,0.8700460878262493,высокая,Прогноз 30 дней 0.87; остаток 0; поступления в срок 0; нехватка 1; заказ с учётом MOQ 1 шт. Остаток на начало сентября: требуется актуализация.,"[""blank_stock_assumed_zero"", ""category_missing"", ""daily_stockout_data_missing"", ""moq_missing"", ""new_order_lead_time_unknown"", ""reservations_unknown"", ""stale_stock"", ""supplier_sku_missing""]",draft,,,,,Высокий,Критический,Остаток на начало сентября; Резервы неизвестны; Нет артикула производителя; Нет ежедневных данных доступности,Нет запаса,"Подтвердить наличие, срок и цену закупки",0.0,KZT,1.0,0.8700460878262493,,,,,,,,Нужны цены,,,,,,,,,,,Не оценён,"Прибыль = выручка - себестоимость проданного - комиссия - доставка - прочие расходы. Заполните цены и расходы, включая явные нули."
IEK:RRP10-4-10-220A-LED,IEK,RRP10-4-10-220A-LED,,Реле РЭК77/4(LY4) с индикацией 10А 230В AC IEK,шт,,,,0.0,,2026-09-01,monthly_balance_proxy,3,2002,"[[3, ""Лист_1"", 2002], [4, ""Лист_1"", 1716]]",2026-09-22,deficit,1.0,1.0,0.8065528974496439,2.286286464558284,0.0,0.0,0.6983620166221152,1.0,11,0.0,20.0,0.8065528974496439,высокая,Прогноз 30 дней 0.81; остаток 0; поступления в срок 0; нехватка 1; заказ с учётом MOQ 1 шт. Остаток на начало сентября: требуется актуализация.,"[""blank_stock_assumed_zero"", ""category_missing"", ""daily_stockout_data_missing"", ""moq_missing"", ""new_order_lead_time_unknown"", ""reservations_unknown"", ""stale_stock"", ""supplier_sku_missing""]",draft,,,,,Высокий,Критический,Остаток на начало сентября; Резервы неизвестны; Нет артикула производителя; Нет ежедневных данных доступности,Нет запаса,"Подтвердить наличие, срок и цену закупки",0.0,KZT,1.0,0.8065528974496439,,,,,,,,Нужны цены,,,,,,,,,,,Не оценён,"Прибыль = выручка - себестоимость проданного - комиссия - доставка - прочие расходы. Заполните цены и расходы, включая явные нули."
IEK:WYP53-16-05-03-ZK,IEK,WYP53-16-05-03-ZK,,"Удлинитель У05В 5 мест 2P+PE/3м 3х1,5мм2 16А/250В UNO IEK E-PRO",шт,,,,0.0,,2026-09-01,monthly_balance_proxy,3,2524,"[[3, ""Лист_1"", 2524], [4, ""Лист_1"", 2150]]",2026-09-22,deficit,1.0,1.0,0.04592496846673876,0.13018071613502077,0.0,0.0,0.03976460030476937,1.0,11,0.0,1.0,0.04592496846673876,высокая,Прогноз 30 дней 0.05; остаток 0; поступления в срок 0; нехватка 1; заказ с учётом MOQ 1 шт. Остаток на начало сентября: требуется актуализация.,"[""blank_stock_assumed_zero"", ""category_missing"", ""daily_stockout_data_missing"", ""moq_missing"", ""new_order_lead_time_unknown"", ""reservations_unknown"", ""stale_stock"", ""supplier_sku_missing""]",draft,,,,,Высокий,Критический,Остаток на начало сентября; Резервы неизвестны; Нет артикула производителя; Нет ежедневных данных доступности,Нет запаса,"Подтвердить наличие, срок и цену закупки",0.0,KZT,1.0,0.04592496846673876,,,,,,,,Нужны цены,,,,,,,,,,,Не оценён,"Прибыль = выручка - себестоимость проданного - комиссия - доставка - прочие расходы. Заполните цены и расходы, включая явные нули."
IEK:ст-9951436,IEK,ст-9951436,,"Трансформатор тока ТТИ-А  800\5А 5ВА кл.т.0,5 IEK (36) !!!",шт,,,,0.0,,2026-09-01,monthly_balance_proxy,3,2436,"[[3, ""Лист_1"", 2436], [4, ""Лист_1"", 2101]]",2026-09-22,deficit,1.0,1.0,0.2253884651565965,0.6388949798388946,0.0,0.0,0.19515489132558886,1.0,4,0.0,6.0,0.2253884651565965,высокая,Прогноз 30 дней 0.23; остаток 0; поступления в срок 0; нехватка 1; заказ с учётом MOQ 1 шт. Остаток на начало сентября: требуется актуализация.,"[""blank_stock_assumed_zero"", ""category_missing"", ""daily_stockout_data_missing"", ""moq_missing"", ""new_order_lead_time_unknown"", ""reservations_unknown"", ""stale_stock"", ""supplier_sku_missing""]",draft,,,,,Высокий,Критический,Остаток на начало сентября; Резервы неизвестны; Нет артикула производителя; Нет ежедневных данных доступности,Нет запаса,"Подтвердить наличие, срок и цену закупки",0.0,KZT,1.0,0.2253884651565965,,,,,,,,Нужны цены,,,,,,,,,,,Не оценён,"Прибыль = выручка - себестоимость проданного - комиссия - доставка - прочие расходы. Заполните цены и расходы, включая явные нули."
IEK:ст-9951480,IEK,ст-9951480,,Контактор КМИп-10910 09А 24В/АС3 1НО IEK !!!,шт,,,,0.0,,2026-09-01,monthly_balance_proxy,3,117,"[[3, ""Лист_1"", 117], [4, ""Лист_1"", 109]]",2026-09-22,deficit,1.0,1.0,0.282216284790591,0.7999813453462122,0.0,0.0,0.24435983602955574,1.0,2,0.0,1.0,0.282216284790591,высокая,Прогноз 30 дней 0.28; остаток 0; поступления в срок 0; нехватка 1; заказ с учётом MOQ 1 шт. Остаток на начало сентября: требуется актуализация.,"[""blank_stock_assumed_zero"", ""category_missing"", ""daily_stockout_data_missing"", ""moq_missing"", ""new_order_lead_time_unknown"", ""reservations_unknown"", ""stale_stock"", ""supplier_sku_missing""]",draft,,,,,Высокий,Критический,Остаток на начало сентября; Резервы неизвестны; Нет артикула производителя; Нет ежедневных данных доступности,Нет запаса,"Подтвердить наличие, срок и цену закупки",0.0,KZT,1.0,0.282216284790591,,,,,,,,Нужны цены,,,,,,,,,,,Не оценён,"Прибыль = выручка - себестоимость проданного - комиссия - доставка - прочие расходы. Заполните цены и расходы, включая явные нули."
IEK:ст-9952711,IEK,ст-9952711,,ВА47-29 (4ф) 10А IEK (36) !!!,шт,,,,0.0,,2026-09-01,monthly_balance_proxy,3,826,"[[3, ""Лист_1"", 826], [4, ""Лист_1"", 726]]",2026-09-22,deficit,89.0,89.0,88.89812970903616,251.99412378405705,0.0,0.0,76.97334834931007,1.0,11,0.0,315.0,88.89812970903616,высокая,Прогноз 30 дней 88.90; остаток 0; поступления в срок 0; нехватка 89; заказ с учётом MOQ 89 шт. Остаток на начало сентября: требуется актуализация.,"[""blank_stock_assumed_zero"", ""category_missing"", ""daily_stockout_data_missing"", ""moq_missing"", ""new_order_lead_time_unknown"", ""reservations_unknown"", ""stale_stock"", ""supplier_sku_missing""]",draft,,,,,Высокий,Критический,Остаток на начало сентября; Резервы неизвестны; Нет артикула производителя; Нет ежедневных данных доступности,Нет запаса,"Подтвердить наличие, срок и цену закупки",0.0,KZT,89.0,88.89812970903616,,,,,,,,Нужны цены,,,,,,,,,,,Не оценён,"Прибыль = выручка - себестоимость проданного - комиссия - доставка - прочие расходы. Заполните цены и расходы, включая явные нули."
IEK:ст-9953236,IEK,ст-9953236,,Индикатор AD-22DS (LED) Ø22мм (зеленый) 12В IEK !!!,шт,,,,0.0,,2026-09-01,monthly_balance_proxy,3,1187,"[[3, ""Лист_1"", 1187], [4, ""Лист_1"", 1036]]",2026-09-22,deficit,1.0,1.0,0.03177057299633944,0.09005811180205522,0.0,0.0,0.027508873251985252,1.0,10,0.0,1.0,0.03177057299633944,высокая,Прогноз 30 дней 0.03; остаток 0; поступления в срок 0; нехватка 1; заказ с учётом MOQ 1 шт. Остаток на начало сентября: требуется актуализация.,"[""blank_stock_assumed_zero"", ""category_missing"", ""daily_stockout_data_missing"", ""moq_missing"", ""new_order_lead_time_unknown"", ""reservations_unknown"", ""stale_stock"", ""supplier_sku_missing""]",draft,,,,,Высокий,Критический,Остаток на начало сентября; Резервы неизвестны; Нет артикула производителя; Нет ежедневных данных доступности,Нет запаса,"Подтвердить наличие, срок и цену закупки",0.0,KZT,1.0,0.03177057299633944,,,,,,,,Нужны цены,,,,,,,,,,,Не оценён,"Прибыль = выручка - себестоимость проданного - комиссия - доставка - прочие расходы. Заполните цены и расходы, включая явные нули."
IEK:ст-9953405,IEK,ст-9953405,,Тепловое реле РТИ-5375 (120-150А) IEK (100),шт,,,,0.0,,2026-09-01,monthly_balance_proxy,3,2398,"[[3, ""Лист_1"", 2398], [4, ""Лист_1"", 2067]]",2026-09-22,deficit,1.0,1.0,0.039081323040488704,0.11078145050006173,0.0,0.0,0.0338389604167531,1.0,3,0.0,1.0,0.039081323040488704,высокая,Прогноз 30 дней 0.04; остаток 0; поступления в срок 0; нехватка 1; заказ с учётом MOQ 1 шт. Остаток на начало сентября: требуется актуализация.,"[""blank_stock_assumed_zero"", ""category_missing"", ""daily_stockout_data_missing"", ""moq_missing"", ""new_order_lead_time_unknown"", ""reservations_unknown"", ""stale_stock"", ""supplier_sku_missing""]",draft,,,,,Высокий,Критический,Остаток на начало сентября; Резервы неизвестны; Нет артикула производителя; Нет ежедневных данных доступности,Нет запаса,"Подтвердить наличие, срок и цену закупки",0.0,KZT,1.0,0.039081323040488704,,,,,,,,Нужны цены,,,,,,,,,,,Не оценён,"Прибыль = выручка - себестоимость проданного - комиссия - доставка - прочие расходы. Заполните цены и расходы, включая явные нули."
IEK:щт-0001952,IEK,щт-0001952,,Ящик управления ЯУ 7,шт,,,,0.0,,2026-09-01,monthly_balance_proxy,3,2856,"[[3, ""Лист_1"", 2856], [4, ""Лист_1"", 2465]]",2026-09-22,deficit,1.0,1.0,0.2414788221429101,0.6845053365855409,0.0,0.0,0.20908689031618588,1.0,11,0.0,1.0,0.2414788221429101,высокая,Прогноз 30 дней 0.24; остаток 0; поступления в срок 0; нехватка 1; заказ с учётом MOQ 1 шт. Остаток на начало сентября: требуется актуализация.,"[""blank_stock_assumed_zero"", ""category_missing"", ""daily_stockout_data_missing"", ""moq_missing"", ""new_order_lead_time_unknown"", ""reservations_unknown"", ""stale_stock"", ""supplier_sku_missing""]",draft,,,,,Высокий,Критический,Остаток на начало сентября; Резервы неизвестны; Нет артикула производителя; Нет ежедневных данных доступности,Нет запаса,"Подтвердить наличие, срок и цену закупки",0.0,KZT,1.0,0.2414788221429101,,,,,,,,Нужны цены,,,,,,,,,,,Не оценён,"Прибыль = выручка - себестоимость проданного - комиссия - доставка - прочие расходы. Заполните цены и расходы, включая явные нули."
IEK:ярп40227,IEK,ярп40227,SVA30-3-0200-02,ВА 88-35 (3ф) 200А 690В MASTER IEK,шт,,,,0.0,,2026-09-01,monthly_balance_proxy,3,735,"[[3, ""Лист_1"", 735], [4, ""Лист_1"", 647], [5, ""Лист4"", 1136]]",2026-09-22,deficit,1.0,1.0,0.06960368702609994,0.19730134010343464,0.0,0.0,0.06026705922151439,1.0,4,0.0,2.0,0.06960368702609994,высокая,Прогноз 30 дней 0.07; остаток 0; поступления в срок 0; нехватка 1; заказ с учётом MOQ 1 шт. Остаток на начало сентября: требуется актуализация.,"[""blank_stock_assumed_zero"", ""category_missing"", ""daily_stockout_data_missing"", ""moq_missing"", ""new_order_lead_time_unknown"", ""reservations_unknown"", ""stale_stock""]",draft,,,,,Высокий,Критический,Остаток на начало сентября; Резервы неизвестны; Нет ежедневных данных доступности,Нет запаса,"Подтвердить наличие, срок и цену закупки",0.0,KZT,1.0,0.06960368702609994,,,,,,,,Нужны цены,,,,,,,,,,,Не оценён,"Прибыль = выручка - себестоимость проданного - комиссия - доставка - прочие расходы. Заполните цены и расходы, включая явные нули."
IEK:ярп40255,IEK,ярп40255,ERA12-K03-16-54,Розетка 1-ая з/к о/у 16А IP54 AQUATIC РСш12-2-А IEK,шт,,10.0,minimum,0.0,,2026-09-01,monthly_balance_proxy,3,2168,"[[1, ""Лист7"", 495], [3, ""Лист_1"", 2168], [4, ""Лист_1"", 1871], [5, ""Лист4"", 1161]]",2026-09-22,deficit,19.0,19.0,18.433215530200748,52.25151542849012,0.0,0.0,15.960586852029504,1.0,3,93.0,299.0,18.433215530200748,высокая,Прогноз 30 дней 18.43; остаток 0; поступления в срок 0; нехватка 19; заказ с учётом MOQ 19 шт. Остаток на начало сентября: требуется актуализация.,"[""blank_stock_assumed_zero"", ""category_missing"", ""daily_stockout_data_missing"", ""large_orders_detected"", ""negative_net_sales_clipped_for_forecast"", ""new_order_lead_time_unknown"", ""reservations_unknown"", ""stale_stock"", ""stockout_proxy_used"", ""transaction_month_mismatch""]",draft,,,,,Высокий,Критический,Остаток на начало сентября; Резервы неизвестны; Детальные и месячные продажи расходятся; Stockout оценён по месячным снимкам; Нет ежедневных данных доступности,Нет запаса,"Подтвердить наличие, срок и цену закупки",0.0,KZT,19.0,18.433215530200748,,,,,,,,Нужны цены,,,,,,,,,,,Не оценён,"Прибыль = выручка - себестоимость проданного - комиссия - доставка - прочие расходы. Заполните цены и расходы, включая явные нули."
IEK:ярп40256,IEK,ярп40256,ERA22-K03-16-54,Розетка 2-ая з/к о/у 16А IP54 AQUATIC РСш22-2-А IEK,шт,,5.0,minimum,0.0,,2026-09-01,monthly_balance_proxy,3,2169,"[[1, ""Лист7"", 496], [3, ""Лист_1"", 2169], [4, ""Лист_1"", 1872], [5, ""Лист4"", 1162]]",2026-09-22,deficit,34.0,34.0,33.266130260027495,94.29747705603134,0.0,0.0,28.803816695801057,1.0,3,0.0,273.0,33.266130260027495,высокая,Прогноз 30 дней 33.27; остаток 0; поступления в срок 0; нехватка 34; заказ с учётом MOQ 34 шт. Остаток на начало сентября: требуется актуализация.,"[""blank_stock_assumed_zero"", ""category_missing"", ""daily_stockout_data_missing"", ""large_orders_detected"", ""new_order_lead_time_unknown"", ""reservations_unknown"", ""stale_stock"", ""stockout_proxy_used"", ""transaction_month_mismatch""]",draft,,,,,Высокий,Критический,Остаток на начало сентября; Резервы неизвестны; Детальные и месячные продажи расходятся; Stockout оценён по месячным снимкам; Нет ежедневных данных доступности,Нет запаса,"Подтвердить наличие, срок и цену закупки",0.0,KZT,34.0,33.266130260027495,,,,,,,,Нужны цены,,,,,,,,,,,Не оценён,"Прибыль = выручка - себестоимость проданного - комиссия - доставка - прочие расходы. Заполните цены и расходы, включая явные нули."
IEK:ярп40267,IEK,ярп40267,LSSA1-01-2-220-52-BASE,LED ДБА ОСНОВАНИЕ без пиктограммы (белый) 220В 301х101х20 IP52 IEK !,шт,,,,0.0,,2026-09-01,monthly_balance_proxy,3,594,"[[3, ""Лист_1"", 594], [4, ""Лист_1"", 536], [5, ""Лист4"", 1172]]",2026-09-22,deficit,1.0,1.0,0.10257594619438344,0.29076579864139546,0.0,0.0,0.08881642464833331,1.0,5,0.0,2.0,0.10257594619438344,высокая,Прогноз 30 дней 0.10; остаток 0; поступления в срок 0; нехватка 1; заказ с учётом MOQ 1 шт. Остаток на начало сентября: требуется актуализация.,"[""blank_stock_assumed_zero"", ""category_missing"", ""daily_stockout_data_missing"", ""moq_missing"", ""new_order_lead_time_unknown"", ""reservations_unknown"", ""stale_stock""]",draft,,,,,Высокий,Критический,Остаток на начало сентября; Резервы неизвестны; Нет ежедневных данных доступности,Нет запаса,"Подтвердить наличие, срок и цену закупки",0.0,KZT,1.0,0.10257594619438344,,,,,,,,Нужны цены,,,,,,,,,,,Не оценён,"Прибыль = выручка - себестоимость проданного - комиссия - доставка - прочие расходы. Заполните цены и расходы, включая явные нули."
SE:010400433_,Systeme Electric,010400433_,EZ9E108S2SRU,City 9 ЩРН-П  8 Прозрач./дв. Systeme Electric,шт,3,1.0,multiple,27.0,0.0,2026-09-22,free_stock_snapshot,12,495,"[[7, ""Лист_1"", 48], [9, ""Лист_1"", 111], [10, ""Лист_1"", 48], [12, ""TDSheet"", 495]]",2026-09-22,deficit,3.0,3.0,29.05265957997308,82.57158477452347,0.0,0.0,25.267992902670436,1.25,0,0.0,145.0,2.0526595799730813,высокая,Прогноз 30 дней 29.05; остаток 27; поступления в срок 0; нехватка 3; заказ с учётом MOQ 3 шт.,"[""daily_stockout_data_missing"", ""large_orders_detected"", ""negative_net_sales_clipped_for_forecast"", ""new_order_lead_time_unknown"", ""transaction_month_mismatch""]",draft,,,,,Средний,Средний,Детальные и месячные продажи расходятся; Нет ежедневных данных доступности,Запаса примерно на 27.9 дн. без поступлений,"Подтвердить наличие, срок и цену закупки",27.880407911376164,KZT,3.0,2.0526595799730813,,,,,,,,Нужны цены,,,,,,,,,,,Не оценён,"Прибыль = выручка - себестоимость проданного - комиссия - доставка - прочие расходы. Заполните цены и расходы, включая явные нули."
SE:030200003_,Systeme Electric,030200003_,A56-007-B,"S242 2кл.инд  о/у 6А IP20  ""Прима"" ВА 56-007-б (130) !!!",шт,,1.0,multiple,4.0,,2026-09-01,monthly_balance_proxy,9,428,"[[7, ""Лист_1"", 361], [9, ""Лист_1"", 428], [10, ""Лист_1"", 361]]",2026-09-22,deficit,10.0,10.0,13.657515467860945,38.81650467006541,0.0,0.0,11.87836187458408,1.25,0,22.0,92.0,9.657515467860945,высокая,Прогноз 30 дней 13.66; остаток 4; поступления в срок 0; нехватка 10; заказ с учётом MOQ 10 шт. Остаток на начало сентября: требуется актуализация.,"[""category_missing"", ""daily_stockout_data_missing"", ""large_orders_detected"", ""monthly_balance_date_assumed"", ""new_order_lead_time_unknown"", ""reservations_unknown"", ""stale_stock""]",draft,,,,,Высокий,Высокий,Остаток на начало сентября; Резервы неизвестны; Нет ежедневных данных доступности,Запаса примерно на 8.8 дн. без поступлений,"Подтвердить наличие, срок и цену закупки",8.786371158237797,KZT,10.0,9.657515467860945,,,,,,,,Нужны цены,,,,,,,,,,,Не оценён,"Прибыль = выручка - себестоимость проданного - комиссия - доставка - прочие расходы. Заполните цены и расходы, включая явные нули."
SE:030200006_,Systeme Electric,030200006_,S16-057-B,"S231 1кл с/у. 6А IP20 ""Прима"" ВС 16-057-б (96) !!!",шт,,1.0,multiple,1.0,,2026-09-01,monthly_balance_proxy,9,420,"[[7, ""Лист_1"", 355], [9, ""Лист_1"", 420], [10, ""Лист_1"", 355]]",2026-09-22,deficit,2.0,2.0,2.8683296402022966,8.152180470613606,0.0,0.0,2.4946746369861263,1.0,2,0.0,76.0,1.8683296402022966,высокая,Прогноз 30 дней 2.87; остаток 1; поступления в срок 0; нехватка 2; заказ с учётом MOQ 2 шт. Остаток на начало сентября: требуется актуализация.,"[""category_missing"", ""daily_stockout_data_missing"", ""monthly_balance_date_assumed"", ""new_order_lead_time_unknown"", ""reservations_unknown"", ""stale_stock"", ""stockout_proxy_used""]",draft,,,,,Высокий,Высокий,Остаток на начало сентября; Резервы неизвестны; Stockout оценён по месячным снимкам; Нет ежедневных данных доступности,Запаса примерно на 10.5 дн. без поступлений,"Подтвердить наличие, срок и цену закупки",10.459048911088257,KZT,2.0,1.8683296402022966,,,,,,,,Нужны цены,,,,,,,,,,,Не оценён,"Прибыль = выручка - себестоимость проданного - комиссия - доставка - прочие расходы. Заполните цены и расходы, включая явные нули."
SE:030200008_,Systeme Electric,030200008_,S56-043-B,"S232 2кл с/у. 6А IP20 ""Прима"" ВС 56-043-б (96) !!!",шт,,1.0,multiple,0.0,,2026-09-01,monthly_balance_proxy,9,421,"[[7, ""Лист_1"", 356], [9, ""Лист_1"", 421], [10, ""Лист_1"", 356]]",2026-09-22,deficit,33.0,33.0,32.429298472009144,92.16844883301759,0.0,0.0,28.20475975267209,1.0,7,0.0,153.0,32.429298472009144,высокая,Прогноз 30 дней 32.43; остаток 0; поступления в срок 0; нехватка 33; заказ с учётом MOQ 33 шт. Остаток на начало сентября: требуется актуализация.,"[""blank_stock_assumed_zero"", ""category_missing"", ""daily_stockout_data_missing"", ""monthly_balance_date_assumed"", ""new_order_lead_time_unknown"", ""reservations_unknown"", ""stale_stock"", ""stockout_proxy_used""]",draft,,,,,Высокий,Критический,Остаток на начало сентября; Резервы неизвестны; Stockout оценён по месячным снимкам; Нет ежедневных данных доступности,Нет запаса,"Подтвердить наличие, срок и цену закупки",0.0,KZT,33.0,32.429298472009144,,,,,,,,Нужны цены,,,,,,,,,,,Не оценён,"Прибыль = выручка - себестоимость проданного - комиссия - доставка - прочие расходы. Заполните цены и расходы, включая явные нули."
SE:030200034_,Systeme Electric,030200034_,RA16-133-B,"S257 о/у. з/к 16А IP20  ""ХИТ""  РА 16-133-б (132) !!!",шт,,17.0,multiple,0.0,,2026-09-01,monthly_balance_proxy,9,444,"[[7, ""Лист_1"", 372], [9, ""Лист_1"", 444], [10, ""Лист_1"", 372]]",2026-09-22,deficit,17.0,3.0,2.809122360903655,7.983905381428796,0.0,0.0,2.4431802425061178,1.0,4,0.0,52.0,2.809122360903655,высокая,Прогноз 30 дней 2.81; остаток 0; поступления в срок 0; нехватка 3; заказ с учётом MOQ 17 шт. Остаток на начало сентября: требуется актуализация.,"[""blank_stock_assumed_zero"", ""category_missing"", ""daily_stockout_data_missing"", ""large_orders_detected"", ""monthly_balance_date_assumed"", ""negative_net_sales_clipped_for_forecast"", ""new_order_lead_time_unknown"", ""reservations_unknown"", ""stale_stock"", ""transaction_month_mismatch""]",draft,,,,,Высокий,Критический,Остаток на начало сентября; Резервы неизвестны; Детальные и месячные продажи расходятся; Нет ежедневных данных доступности,Нет запаса,"Подтвердить наличие, срок и цену закупки",0.0,KZT,17.0,2.809122360903655,,,,,,,,Нужны цены,,,,,,,,,,,Не оценён,"Прибыль = выручка - себестоимость проданного - комиссия - доставка - прочие расходы. Заполните цены и расходы, включая явные нули."
SE:030200037_,Systeme Electric,030200037_,RS16-235-B,"S252 2-я с/у 10А IP20  ""ХИТ""  РС 16-235-б / 16-230-б (80) !!!",шт,,10.0,multiple,1.0,,2026-09-01,monthly_balance_proxy,9,439,"[[7, ""Лист_1"", 367], [9, ""Лист_1"", 439], [10, ""Лист_1"", 367]]",2026-09-22,deficit,10.0,1.0,1.6703763440974795,4.7474353087136985,0.0,0.0,1.4527777565857818,1.0,0,0.0,50.0,0.6703763440974795,высокая,Прогноз 30 дней 1.67; остаток 1; поступления в срок 0; нехватка 1; заказ с учётом MOQ 10 шт. Остаток на начало сентября: требуется актуализация.,"[""category_missing"", ""daily_stockout_data_missing"", ""monthly_balance_date_assumed"", ""new_order_lead_time_unknown"", ""reservations_unknown"", ""stale_stock""]",draft,,,,,Высокий,Средний,Остаток на начало сентября; Резервы неизвестны; Нет ежедневных данных доступности,Запаса примерно на 18.0 дн. без поступлений,"Подтвердить наличие, срок и цену закупки",17.960024461558866,KZT,10.0,0.6703763440974795,,,,,,,,Нужны цены,,,,,,,,,,,Не оценён,"Прибыль = выручка - себестоимость проданного - комиссия - доставка - прочие расходы. Заполните цены и расходы, включая явные нули."
SE:030200038_,Systeme Electric,030200038_,RS16-134-B,"S251 с/у.з/к 16А  IP20  ""ХИТ"" РС 16-134-б (81) !!!",шт,,20.0,multiple,0.0,,2026-09-01,monthly_balance_proxy,9,438,"[[7, ""Лист_1"", 366], [9, ""Лист_1"", 438], [10, ""Лист_1"", 366]]",2026-09-22,deficit,20.0,1.0,0.5930157911730994,1.685431020134031,0.0,0.0,0.515764099368807,1.0,7,0.0,10.0,0.5930157911730994,высокая,Прогноз 30 дней 0.59; остаток 0; поступления в срок 0; нехватка 1; заказ с учётом MOQ 20 шт. Остаток на начало сентября: требуется актуализация.,"[""blank_stock_assumed_zero"", ""category_missing"", ""daily_stockout_data_missing"", ""monthly_balance_date_assumed"", ""new_order_lead_time_unknown"", ""reservations_unknown"", ""stale_stock""]",draft,,,,,Высокий,Критический,Остаток на начало сентября; Резервы неизвестны; Нет ежедневных данных доступности,Нет запаса,"Подтвердить наличие, срок и цену закупки",0.0,KZT,20.0,0.5930157911730994,,,,,,,,Нужны цены,,,,,,,,,,,Не оценён,"Прибыль = выручка - себестоимость проданного - комиссия - доставка - прочие расходы. Заполните цены и расходы, включая явные нули."
SE:030200039_,Systeme Electric,030200039_,RS16-236-B,"S253 2-я с/у.з/к 16А IP20 ""ХИТ"" РС 16-236-б  (68) !!!",шт,,10.0,multiple,0.0,,2026-09-01,monthly_balance_proxy,9,440,"[[7, ""Лист_1"", 368], [9, ""Лист_1"", 440], [10, ""Лист_1"", 368]]",2026-09-22,deficit,10.0,1.0,0.889466672676197,2.527984488470841,0.0,0.0,0.7735965621487118,1.0,6,0.0,17.0,0.889466672676197,высокая,Прогноз 30 дней 0.89; остаток 0; поступления в срок 0; нехватка 1; заказ с учётом MOQ 10 шт. Остаток на начало сентября: требуется актуализация.,"[""blank_stock_assumed_zero"", ""category_missing"", ""daily_stockout_data_missing"", ""large_orders_detected"", ""monthly_balance_date_assumed"", ""new_order_lead_time_unknown"", ""reservations_unknown"", ""stale_stock"", ""transaction_month_mismatch""]",draft,,,,,Высокий,Критический,Остаток на начало сентября; Резервы неизвестны; Детальные и месячные продажи расходятся; Нет ежедневных данных доступности,Нет запаса,"Подтвердить наличие, срок и цену закупки",0.0,KZT,10.0,0.889466672676197,,,,,,,,Нужны цены,,,,,,,,,,,Не оценён,"Прибыль = выручка - себестоимость проданного - комиссия - доставка - прочие расходы. Заполните цены и расходы, включая явные нули."
SE:030200072_,Systeme Electric,030200072_,RS16-151-18,"S186  с/у. з/ш 16А  ""Wessen 59""  РС 16-151-18 (10/60) !!!",шт,,1.0,multiple,3.0,,2026-09-01,monthly_balance_proxy,9,16,"[[7, ""Лист_1"", 8], [9, ""Лист_1"", 16], [10, ""Лист_1"", 8]]",2026-09-22,deficit,3.0,3.0,5.349898817356984,15.20513543748083,0.0,0.0,4.6529717864510385,0.75,0,0.0,191.0,2.3498988173569844,высокая,Прогноз 30 дней 5.35; остаток 3; поступления в срок 0; нехватка 3; заказ с учётом MOQ 3 шт. Остаток на начало сентября: требуется актуализация.,"[""category_missing"", ""daily_stockout_data_missing"", ""monthly_balance_date_assumed"", ""new_order_lead_time_unknown"", ""reservations_unknown"", ""stale_stock""]",draft,,,,,Высокий,Средний,Остаток на начало сентября; Резервы неизвестны; Нет ежедневных данных доступности,Запаса примерно на 16.8 дн. без поступлений,"Подтвердить наличие, срок и цену закупки",16.82274806917989,KZT,3.0,2.3498988173569844,,,,,,,,Нужны цены,,,,,,,,,,,Не оценён,"Прибыль = выручка - себестоимость проданного - комиссия - доставка - прочие расходы. Заполните цены и расходы, включая явные нули."
SE:030200090_,Systeme Electric,030200090_,RSI-152K5E-18,"S192 роз информ. с\у 1А  ""Wessen 59"" РСИ 152 К5Е-18 (60) !!!",шт,,1.0,multiple,0.0,,2026-09-01,monthly_balance_proxy,9,22,"[[7, ""Лист_1"", 14], [9, ""Лист_1"", 22], [10, ""Лист_1"", 14]]",2026-09-22,deficit,1.0,1.0,0.03423000602805042,0.09728630305935798,0.0,0.0,0.02977089057868436,1.0,9,0.0,1.0,0.03423000602805042,высокая,Прогноз 30 дней 0.03; остаток 0; поступления в срок 0; нехватка 1; заказ с учётом MOQ 1 шт. Остаток на начало сентября: требуется актуализация.,"[""blank_stock_assumed_zero"", ""category_missing"", ""daily_stockout_data_missing"", ""monthly_balance_date_assumed"", ""new_order_lead_time_unknown"", ""reservations_unknown"", ""stale_stock""]",draft,,,,,Высокий,Критический,Остаток на начало сентября; Резервы неизвестны; Нет ежедневных данных доступности,Нет запаса,"Подтвердить наличие, срок и цену закупки",0.0,KZT,1.0,0.03423000602805042,,,,,,,,Нужны цены,,,,,,,,,,,Не оценён,"Прибыль = выручка - себестоимость проданного - комиссия - доставка - прочие расходы. Заполните цены и расходы, включая явные нули."
SE:030200093_,Systeme Electric,030200093_,RS16-152-18,"S187 с/у. з/ш. з/к.16А ""Wessen 59"" РС 16-152-18 (10/60) !!!",шт,,20.0,multiple,3.0,,2026-09-01,monthly_balance_proxy,9,17,"[[7, ""Лист_1"", 9], [9, ""Лист_1"", 17], [10, ""Лист_1"", 9]]",2026-09-22,deficit,20.0,17.0,19.85363454521055,56.426712446743146,0.0,0.0,17.267317486017834,0.75,0,0.0,483.0,16.85363454521055,высокая,Прогноз 30 дней 19.85; остаток 3; поступления в срок 0; нехватка 17; заказ с учётом MOQ 20 шт. Остаток на начало сентября: требуется актуализация.,"[""category_missing"", ""daily_stockout_data_missing"", ""monthly_balance_date_assumed"", ""new_order_lead_time_unknown"", ""reservations_unknown"", ""stale_stock""]",draft,,,,,Высокий,Критический,Остаток на начало сентября; Резервы неизвестны; Нет ежедневных данных доступности,Запаса примерно на 4.5 дн. без поступлений,"Подтвердить наличие, срок и цену закупки",4.533175011107042,KZT,20.0,16.85363454521055,,,,,,,,Нужны цены,,,,,,,,,,,Не оценён,"Прибыль = выручка - себестоимость проданного - комиссия - доставка - прочие расходы. Заполните цены и расходы, включая явные нули."
SE:030200097_,Systeme Electric,030200097_,VS16-135-B,"ВЫКЛЮЧАТЕЛЬ ""ХИТ""СУ 1КЛ. ИБЕЛ. VS16-135-B Shn.Elec. !!!",шт,,20.0,multiple,0.0,,2026-09-01,monthly_balance_proxy,9,590,"[[7, ""Лист_1"", 501], [9, ""Лист_1"", 590], [10, ""Лист_1"", 501]]",2026-09-22,deficit,20.0,1.0,0.15216476048976146,0.4324728132338175,0.0,0.0,0.13234237910329721,1.0,3,0.0,3.0,0.15216476048976146,высокая,Прогноз 30 дней 0.15; остаток 0; поступления в срок 0; нехватка 1; заказ с учётом MOQ 20 шт. Остаток на начало сентября: требуется актуализация.,"[""blank_stock_assumed_zero"", ""category_missing"", ""daily_stockout_data_missing"", ""monthly_balance_date_assumed"", ""new_order_lead_time_unknown"", ""reservations_unknown"", ""stale_stock""]",draft,,,,,Высокий,Критический,Остаток на начало сентября; Резервы неизвестны; Нет ежедневных данных доступности,Нет запаса,"Подтвердить наличие, срок и цену закупки",0.0,KZT,20.0,0.15216476048976146,,,,,,,,Нужны цены,,,,,,,,,,,Не оценён,"Прибыль = выручка - себестоимость проданного - комиссия - доставка - прочие расходы. Заполните цены и расходы, включая явные нули."
SE:030200127_,Systeme Electric,030200127_,VS616-157-18,"S183  Переключатель 1кл, с инд.,с/у 16А ""Wessen 59"" ВС 616-157-18 (60) !!!",шт,,1.0,multiple,0.0,,2026-09-01,monthly_balance_proxy,9,13,"[[7, ""Лист_1"", 5], [9, ""Лист_1"", 13], [10, ""Лист_1"", 5]]",2026-09-22,deficit,1.0,1.0,0.13363010752779847,0.37979482469709663,0.0,0.0,0.11622222052686254,1.0,9,0.0,4.0,0.13363010752779847,высокая,Прогноз 30 дней 0.13; остаток 0; поступления в срок 0; нехватка 1; заказ с учётом MOQ 1 шт. Остаток на начало сентября: требуется актуализация.,"[""blank_stock_assumed_zero"", ""category_missing"", ""daily_stockout_data_missing"", ""monthly_balance_date_assumed"", ""new_order_lead_time_unknown"", ""reservations_unknown"", ""stale_stock""]",draft,,,,,Высокий,Критический,Остаток на начало сентября; Резервы неизвестны; Нет ежедневных данных доступности,Нет запаса,"Подтвердить наличие, срок и цену закупки",0.0,KZT,1.0,0.13363010752779847,,,,,,,,Нужны цены,,,,,,,,,,,Не оценён,"Прибыль = выручка - себестоимость проданного - комиссия - доставка - прочие расходы. Заполните цены и расходы, включая явные нули."
SE:030200128_,Systeme Electric,030200128_,VS616-157B-18,"S174  (1кл, инд с/у 16А, IP44) Переключатель ""Wessen 59"" ВС 616-157Б-18 (60) !!!",шт,,1.0,multiple,0.0,,2026-09-01,monthly_balance_proxy,9,5,"[[7, ""Лист_1"", 3], [9, ""Лист_1"", 5], [10, ""Лист_1"", 3]]",2026-09-22,deficit,1.0,1.0,0.06681505376389923,0.18989741234854832,0.0,0.0,0.05811111026343127,1.0,8,0.0,2.0,0.06681505376389923,высокая,Прогноз 30 дней 0.07; остаток 0; поступления в срок 0; нехватка 1; заказ с учётом MOQ 1 шт. Остаток на начало сентября: требуется актуализация.,"[""blank_stock_assumed_zero"", ""category_missing"", ""daily_stockout_data_missing"", ""monthly_balance_date_assumed"", ""new_order_lead_time_unknown"", ""reservations_unknown"", ""stale_stock""]",draft,,,,,Высокий,Критический,Остаток на начало сентября; Резервы неизвестны; Нет ежедневных данных доступности,Нет запаса,"Подтвердить наличие, срок и цену закупки",0.0,KZT,1.0,0.06681505376389923,,,,,,,,Нужны цены,,,,,,,,,,,Не оценён,"Прибыль = выручка - себестоимость проданного - комиссия - доставка - прочие расходы. Заполните цены и расходы, включая явные нули."
SE:030200135_,Systeme Electric,030200135_,RS16-254-18,"S188   с/у. з/ш, 2-я 16А  ""Wessen 59"" РС 16-254-18 (6/36) !!!",шт,,12.0,multiple,0.0,,2026-09-01,monthly_balance_proxy,9,18,"[[7, ""Лист_1"", 10], [9, ""Лист_1"", 18], [10, ""Лист_1"", 10]]",2026-09-22,deficit,48.0,39.0,38.149486126575354,108.4259951875959,0.0,0.0,33.17978314630164,1.1814712727810228,0,0.0,248.0,38.149486126575354,высокая,Прогноз 30 дней 38.15; остаток 0; поступления в срок 0; нехватка 39; заказ с учётом MOQ 48 шт. Остаток на начало сентября: требуется актуализация.,"[""blank_stock_assumed_zero"", ""category_missing"", ""daily_stockout_data_missing"", ""monthly_balance_date_assumed"", ""new_order_lead_time_unknown"", ""reservations_unknown"", ""stale_stock""]",draft,,,,,Высокий,Критический,Остаток на начало сентября; Резервы неизвестны; Нет ежедневных данных доступности,Нет запаса,"Подтвердить наличие, срок и цену закупки",0.0,KZT,48.0,38.149486126575354,,,,,,,,Нужны цены,,,,,,,,,,,Не оценён,"Прибыль = выручка - себестоимость проданного - комиссия - доставка - прочие расходы. Заполните цены и расходы, включая явные нули."
SE:030200141_,Systeme Electric,030200141_,SR-5S2-18,"S184  Диммер (с/у 600Вт) ""Wessen 59"" ВПП-5С2-18(2/16) !!!",шт,,1.0,multiple,0.0,,2026-09-01,monthly_balance_proxy,9,14,"[[7, ""Лист_1"", 6], [9, ""Лист_1"", 14], [10, ""Лист_1"", 6]]",2026-09-22,deficit,4.0,4.0,3.950593367282948,11.228120242772492,0.0,0.0,3.4359527357920068,1.0,6,4.0,18.0,3.950593367282948,высокая,Прогноз 30 дней 3.95; остаток 0; поступления в срок 0; нехватка 4; заказ с учётом MOQ 4 шт. Остаток на начало сентября: требуется актуализация.,"[""blank_stock_assumed_zero"", ""category_missing"", ""daily_stockout_data_missing"", ""large_orders_detected"", ""monthly_balance_date_assumed"", ""new_order_lead_time_unknown"", ""reservations_unknown"", ""stale_stock"", ""stockout_proxy_used""]",draft,,,,,Высокий,Критический,Остаток на начало сентября; Резервы неизвестны; Stockout оценён по месячным снимкам; Нет ежедневных данных доступности,Нет запаса,"Подтвердить наличие, срок и цену закупки",0.0,KZT,4.0,3.950593367282948,,,,,,,,Нужны цены,,,,,,,,,,,Не оценён,"Прибыль = выручка - себестоимость проданного - комиссия - доставка - прочие расходы. Заполните цены и расходы, включая явные нули."
SE:030200176_,Systeme Electric,030200176_,PA16-044B,"S315  Розетка 1-я о/у, з/ш, з/к IP44 Белая ЭТЮД РА16-044В (96)",шт,,12.0,multiple,1.0,,2026-09-01,monthly_balance_proxy,9,469,"[[7, ""Лист_1"", 385], [9, ""Лист_1"", 469], [10, ""Лист_1"", 385]]",2026-09-22,deficit,12.0,2.0,2.1866234685740125,6.214679403388677,0.0,0.0,1.9017737819372442,1.25,0,0.0,22.0,1.1866234685740125,высокая,Прогноз 30 дней 2.19; остаток 1; поступления в срок 0; нехватка 2; заказ с учётом MOQ 12 шт. Остаток на начало сентября: требуется актуализация.,"[""category_missing"", ""daily_stockout_data_missing"", ""monthly_balance_date_assumed"", ""new_order_lead_time_unknown"", ""reservations_unknown"", ""stale_stock""]",draft,,,,,Высокий,Высокий,Остаток на начало сентября; Резервы неизвестны; Нет ежедневных данных доступности,Запаса примерно на 13.7 дн. без поступлений,"Подтвердить наличие, срок и цену закупки",13.719783232530766,KZT,12.0,1.1866234685740125,,,,,,,,Нужны цены,,,,,,,,,,,Не оценён,"Прибыль = выручка - себестоимость проданного - комиссия - доставка - прочие расходы. Заполните цены и расходы, включая явные нули."
SE:030200244_,Systeme Electric,030200244_,GSL000153,"S363 Выкл 2 кл с инд 10А с/у б/рамки ""GLOSSA"" белый GSL153 (20)",шт,,20.0,multiple,0.0,,2026-09-01,monthly_balance_proxy,9,473,"[[7, ""Лист_1"", 389], [9, ""Лист_1"", 473], [10, ""Лист_1"", 389]]",2026-09-22,deficit,20.0,3.0,2.0997539864919377,5.967784595554854,0.0,0.0,1.826220717658694,1.0,2,0.0,32.0,2.0997539864919377,высокая,Прогноз 30 дней 2.10; остаток 0; поступления в срок 0; нехватка 3; заказ с учётом MOQ 20 шт. Остаток на начало сентября: требуется актуализация.,"[""blank_stock_assumed_zero"", ""category_missing"", ""daily_stockout_data_missing"", ""monthly_balance_date_assumed"", ""negative_net_sales_clipped_for_forecast"", ""new_order_lead_time_unknown"", ""reservations_unknown"", ""stale_stock"", ""stockout_proxy_used""]",draft,,,,,Высокий,Критический,Остаток на начало сентября; Резервы неизвестны; Stockout оценён по месячным снимкам; Нет ежедневных данных доступности,Нет запаса,"Подтвердить наличие, срок и цену закупки",0.0,KZT,20.0,2.0997539864919377,,,,,,,,Нужны цены,,,,,,,,,,,Не оценён,"Прибыль = выручка - себестоимость проданного - комиссия - доставка - прочие расходы. Заполните цены и расходы, включая явные нули."
SE:030200246_,Systeme Electric,030200246_,GSL000113,"S361 Выкл 1 кл с инд 10А с/у б/рамки "" белый GSL113 (20)",шт,,20.0,multiple,0.0,,2026-09-01,monthly_balance_proxy,9,471,"[[7, ""Лист_1"", 387], [9, ""Лист_1"", 471], [10, ""Лист_1"", 387]]",2026-09-22,deficit,20.0,3.0,2.1031181316794645,5.977345950816708,0.0,0.0,1.82914661834906,1.0,8,0.0,55.0,2.1031181316794645,высокая,Прогноз 30 дней 2.10; остаток 0; поступления в срок 0; нехватка 3; заказ с учётом MOQ 20 шт. Остаток на начало сентября: требуется актуализация.,"[""blank_stock_assumed_zero"", ""category_missing"", ""daily_stockout_data_missing"", ""monthly_balance_date_assumed"", ""new_order_lead_time_unknown"", ""reservations_unknown"", ""stale_stock""]",draft,,,,,Высокий,Критический,Остаток на начало сентября; Резервы неизвестны; Нет ежедневных данных доступности,Нет запаса,"Подтвердить наличие, срок и цену закупки",0.0,KZT,20.0,2.1031181316794645,,,,,,,,Нужны цены,,,,,,,,,,,Не оценён,"Прибыль = выручка - себестоимость проданного - комиссия - доставка - прочие расходы. Заполните цены и расходы, включая явные нули."
SE:030200247_,Systeme Electric,030200247_,GSL000112,"S360 Выкл 1 кл 10А с/у ""GLOSSA"" белый GSL112 (15)",шт,,15.0,multiple,1.0,,2026-09-01,monthly_balance_proxy,9,470,"[[7, ""Лист_1"", 386], [9, ""Лист_1"", 470], [10, ""Лист_1"", 386]]",2026-09-22,deficit,15.0,1.0,1.4942215695321772,4.246779633407391,0.0,0.0,1.299570523312177,1.0,0,0.0,46.0,0.4942215695321772,высокая,Прогноз 30 дней 1.49; остаток 1; поступления в срок 0; нехватка 1; заказ с учётом MOQ 15 шт. Остаток на начало сентября: требуется актуализация.,"[""category_missing"", ""daily_stockout_data_missing"", ""large_orders_detected"", ""monthly_balance_date_assumed"", ""new_order_lead_time_unknown"", ""reservations_unknown"", ""stale_stock""]",draft,,,,,Высокий,Средний,Остаток на начало сентября; Резервы неизвестны; Нет ежедневных данных доступности,Запаса примерно на 20.1 дн. без поступлений,"Подтвердить наличие, срок и цену закупки",20.077343689659518,KZT,15.0,0.4942215695321772,,,,,,,,Нужны цены,,,,,,,,,,,Не оценён,"Прибыль = выручка - себестоимость проданного - комиссия - доставка - прочие расходы. Заполните цены и расходы, включая явные нули."
SE:030200248_,Systeme Electric,030200248_,GSL000161,"S365 Переключ. 1 кл 10А с/у б/рамки ""GLOSSA"" белый GSL161 (20)",шт,,20.0,multiple,0.0,,2026-09-01,monthly_balance_proxy,9,475,"[[7, ""Лист_1"", 391], [9, ""Лист_1"", 475], [10, ""Лист_1"", 391]]",2026-09-22,deficit,20.0,8.0,7.142388941733769,20.299634612506424,0.0,0.0,6.211955659035322,1.0,3,0.0,47.0,7.142388941733769,высокая,Прогноз 30 дней 7.14; остаток 0; поступления в срок 0; нехватка 8; заказ с учётом MOQ 20 шт. Остаток на начало сентября: требуется актуализация.,"[""blank_stock_assumed_zero"", ""category_missing"", ""daily_stockout_data_missing"", ""monthly_balance_date_assumed"", ""new_order_lead_time_unknown"", ""reservations_unknown"", ""stale_stock"", ""stockout_proxy_used""]",draft,,,,,Высокий,Критический,Остаток на начало сентября; Резервы неизвестны; Stockout оценён по месячным снимкам; Нет ежедневных данных доступности,Нет запаса,"Подтвердить наличие, срок и цену закупки",0.0,KZT,20.0,7.142388941733769,,,,,,,,Нужны цены,,,,,,,,,,,Не оценён,"Прибыль = выручка - себестоимость проданного - комиссия - доставка - прочие расходы. Заполните цены и расходы, включая явные нули."
SE:030200249_,Systeme Electric,030200249_,GSL000163,"S366 Переключ. 1 кл с инд 10А с/у б/рамки ""GLOSSA"" белый GSL163 (20)",шт,,20.0,multiple,1.0,,2026-09-01,monthly_balance_proxy,9,476,"[[7, ""Лист_1"", 392], [9, ""Лист_1"", 476], [10, ""Лист_1"", 392]]",2026-09-22,deficit,20.0,9.0,9.09530873207191,25.85009657905597,0.0,0.0,7.91047015358318,1.25,0,0.0,73.0,8.09530873207191,высокая,Прогноз 30 дней 9.10; остаток 1; поступления в срок 0; нехватка 9; заказ с учётом MOQ 20 шт. Остаток на начало сентября: требуется актуализация.,"[""category_missing"", ""daily_stockout_data_missing"", ""monthly_balance_date_assumed"", ""negative_net_sales_clipped_for_forecast"", ""new_order_lead_time_unknown"", ""reservations_unknown"", ""stale_stock""]",draft,,,,,Высокий,Критический,Остаток на начало сентября; Резервы неизвестны; Нет ежедневных данных доступности,Запаса примерно на 3.3 дн. без поступлений,"Подтвердить наличие, срок и цену закупки",3.298403702802731,KZT,20.0,8.09530873207191,,,,,,,,Нужны цены,,,,,,,,,,,Не оценён,"Прибыль = выручка - себестоимость проданного - комиссия - доставка - прочие расходы. Заполните цены и расходы, включая явные нули."
SE:030200256_,Systeme Electric,030200256_,GSL000142,"S369 Роз. с з/к 16А с/у ""GLOSSA"" белый GSL142 (15)",шт,,15.0,multiple,3.0,,2026-09-01,monthly_balance_proxy,9,479,"[[7, ""Лист_1"", 395], [9, ""Лист_1"", 479], [10, ""Лист_1"", 395]]",2026-09-22,deficit,15.0,11.0,13.521861377361887,38.43095741223796,0.0,0.0,11.760379333725368,1.0,0,0.0,373.0,10.521861377361887,высокая,Прогноз 30 дней 13.52; остаток 3; поступления в срок 0; нехватка 11; заказ с учётом MOQ 15 шт. Остаток на начало сентября: требуется актуализация.,"[""category_missing"", ""daily_stockout_data_missing"", ""monthly_balance_date_assumed"", ""new_order_lead_time_unknown"", ""reservations_unknown"", ""stale_stock""]",draft,,,,,Высокий,Критический,Остаток на начало сентября; Резервы неизвестны; Нет ежедневных данных доступности,Запаса примерно на 6.7 дн. без поступлений,"Подтвердить наличие, срок и цену закупки",6.655888378701822,KZT,15.0,10.521861377361887,,,,,,,,Нужны цены,,,,,,,,,,,Не оценён,"Прибыль = выручка - себестоимость проданного - комиссия - доставка - прочие расходы. Заполните цены и расходы, включая явные нули."
SE:030200257_,Systeme Electric,030200257_,GSL000144,"S370 Роз. с з/к 16А с/у з/ш ""GLOSSA"" белый GSL144 (15)",шт,,15.0,multiple,0.0,,2026-09-01,monthly_balance_proxy,9,480,"[[7, ""Лист_1"", 396], [9, ""Лист_1"", 480], [10, ""Лист_1"", 396]]",2026-09-22,deficit,30.0,28.0,27.790115681076394,78.98326439055522,0.0,0.0,24.169919585533492,1.0,8,0.0,103.0,27.790115681076394,высокая,Прогноз 30 дней 27.79; остаток 0; поступления в срок 0; нехватка 28; заказ с учётом MOQ 30 шт. Остаток на начало сентября: требуется актуализация.,"[""blank_stock_assumed_zero"", ""category_missing"", ""daily_stockout_data_missing"", ""monthly_balance_date_assumed"", ""new_order_lead_time_unknown"", ""reservations_unknown"", ""stale_stock"", ""stockout_proxy_used""]",draft,,,,,Высокий,Критический,Остаток на начало сентября; Резервы неизвестны; Stockout оценён по месячным снимкам; Нет ежедневных данных доступности,Нет запаса,"Подтвердить наличие, срок и цену закупки",0.0,KZT,30.0,27.790115681076394,,,,,,,,Нужны цены,,,,,,,,,,,Не оценён,"Прибыль = выручка - себестоимость проданного - комиссия - доставка - прочие расходы. Заполните цены и расходы, включая явные нули."
SE:030200259_,Systeme Electric,030200259_,GSL000120,"S367 Роз. 2-ная с/у 16А ""GLOSSA"" белый GSL120 (15)",шт,,15.0,multiple,0.0,,2026-09-01,monthly_balance_proxy,9,477,"[[7, ""Лист_1"", 393], [9, ""Лист_1"", 477], [10, ""Лист_1"", 393]]",2026-09-22,deficit,30.0,17.0,16.152450817369385,45.9074481050995,0.0,0.0,14.048283995843413,1.0,6,0.0,83.0,16.152450817369385,высокая,Прогноз 30 дней 16.15; остаток 0; поступления в срок 0; нехватка 17; заказ с учётом MOQ 30 шт. Остаток на начало сентября: требуется актуализация.,"[""blank_stock_assumed_zero"", ""category_missing"", ""daily_stockout_data_missing"", ""monthly_balance_date_assumed"", ""new_order_lead_time_unknown"", ""reservations_unknown"", ""stale_stock"", ""stockout_proxy_used""]",draft,,,,,Высокий,Критический,Остаток на начало сентября; Резервы неизвестны; Stockout оценён по месячным снимкам; Нет ежедневных данных доступности,Нет запаса,"Подтвердить наличие, срок и цену закупки",0.0,KZT,30.0,16.152450817369385,,,,,,,,Нужны цены,,,,,,,,,,,Не оценён,"Прибыль = выручка - себестоимость проданного - комиссия - доставка - прочие расходы. Заполните цены и расходы, включая явные нули."
SE:030200260_,Systeme Electric,030200260_,GSL000126,"S368 Роз. 2-ная с/у 16А с з/к з/ш ""GLOSSA"" белый GSL126 (10)",шт,,10.0,multiple,0.0,,2026-09-01,monthly_balance_proxy,9,478,"[[7, ""Лист_1"", 394], [9, ""Лист_1"", 478], [10, ""Лист_1"", 394]]",2026-09-22,deficit,10.0,10.0,9.290767710384594,26.40561741023017,0.0,0.0,8.080466847454625,1.0,8,0.0,257.0,9.290767710384594,высокая,Прогноз 30 дней 9.29; остаток 0; поступления в срок 0; нехватка 10; заказ с учётом MOQ 10 шт. Остаток на начало сентября: требуется актуализация.,"[""blank_stock_assumed_zero"", ""category_missing"", ""daily_stockout_data_missing"", ""monthly_balance_date_assumed"", ""new_order_lead_time_unknown"", ""reservations_unknown"", ""stale_stock""]",draft,,,,,Высокий,Критический,Остаток на начало сентября; Резервы неизвестны; Нет ежедневных данных доступности,Нет запаса,"Подтвердить наличие, срок и цену закупки",0.0,KZT,10.0,9.290767710384594,,,,,,,,Нужны цены,,,,,,,,,,,Не оценён,"Прибыль = выручка - себестоимость проданного - комиссия - доставка - прочие расходы. Заполните цены и расходы, включая явные нули."
SE:030200265_,Systeme Electric,030200265_,GSL000192,"S376 ТV роз. проход.с/у б/рамки ""GLOSSA"" белый GSL192 (10)",шт,,10.0,multiple,0.0,,2026-09-01,monthly_balance_proxy,9,485,"[[7, ""Лист_1"", 400], [9, ""Лист_1"", 485], [10, ""Лист_1"", 400]]",2026-09-22,deficit,10.0,1.0,0.06846001205610085,0.19457260611871596,0.0,0.0,0.05954178115736872,1.0,9,0.0,2.0,0.06846001205610085,высокая,Прогноз 30 дней 0.07; остаток 0; поступления в срок 0; нехватка 1; заказ с учётом MOQ 10 шт. Остаток на начало сентября: требуется актуализация.,"[""blank_stock_assumed_zero"", ""category_missing"", ""daily_stockout_data_missing"", ""monthly_balance_date_assumed"", ""new_order_lead_time_unknown"", ""reservations_unknown"", ""stale_stock""]",draft,,,,,Высокий,Критический,Остаток на начало сентября; Резервы неизвестны; Нет ежедневных данных доступности,Нет запаса,"Подтвердить наличие, срок и цену закупки",0.0,KZT,10.0,0.06846001205610085,,,,,,,,Нужны цены,,,,,,,,,,,Не оценён,"Прибыль = выручка - себестоимость проданного - комиссия - доставка - прочие расходы. Заполните цены и расходы, включая явные нули."
SE:030200379_,Systeme Electric,030200379_,VS110-153-18,"S266 1кл с/у инд 10А ""Wessen 59"" ВС 110-153-18 (10/60) !!!",шт,,1.0,multiple,0.0,,2026-09-01,monthly_balance_proxy,9,450,"[[7, ""Лист_1"", 375], [9, ""Лист_1"", 450], [10, ""Лист_1"", 375]]",2026-09-22,deficit,1.0,1.0,0.03340752688194962,0.09494870617427416,0.0,0.0,0.029055555131715635,1.0,9,0.0,1.0,0.03340752688194962,высокая,Прогноз 30 дней 0.03; остаток 0; поступления в срок 0; нехватка 1; заказ с учётом MOQ 1 шт. Остаток на начало сентября: требуется актуализация.,"[""blank_stock_assumed_zero"", ""category_missing"", ""daily_stockout_data_missing"", ""monthly_balance_date_assumed"", ""new_order_lead_time_unknown"", ""reservations_unknown"", ""stale_stock""]",draft,,,,,Высокий,Критический,Остаток на начало сентября; Резервы неизвестны; Нет ежедневных данных доступности,Нет запаса,"Подтвердить наличие, срок и цену закупки",0.0,KZT,1.0,0.03340752688194962,,,,,,,,Нужны цены,,,,,,,,,,,Не оценён,"Прибыль = выручка - себестоимость проданного - комиссия - доставка - прочие расходы. Заполните цены и расходы, включая явные нули."
SE:030300013_,Systeme Electric,030300013_,U195,Распределительная коробка с/у для твердых стен  75х30 карболит IP30 У-195 Systeme Electric (108),шт,,108.0,multiple,1.0,,2026-09-01,monthly_balance_proxy,9,32,"[[7, ""Лист_1"", 18], [9, ""Лист_1"", 32], [10, ""Лист_1"", 18]]",2026-09-22,deficit,108.0,3.0,3.2556336435216267,9.25295078926765,0.0,0.0,2.8315248582235224,1.0,0,0.0,90.0,2.2556336435216267,высокая,Прогноз 30 дней 3.26; остаток 1; поступления в срок 0; нехватка 3; заказ с учётом MOQ 108 шт. Остаток на начало сентября: требуется актуализация.,"[""category_missing"", ""daily_stockout_data_missing"", ""monthly_balance_date_assumed"", ""new_order_lead_time_unknown"", ""reservations_unknown"", ""stale_stock""]",draft,,,,,Высокий,Высокий,Остаток на начало сентября; Резервы неизвестны; Нет ежедневных данных доступности,Запаса примерно на 9.2 дн. без поступлений,"Подтвердить наличие, срок и цену закупки",9.214796038152784,KZT,108.0,2.2556336435216267,,,,,,,,Нужны цены,,,,,,,,,,,Не оценён,"Прибыль = выручка - себестоимость проданного - комиссия - доставка - прочие расходы. Заполните цены и расходы, включая явные нули."
SE:130300026_,Systeme Electric,130300026_,U731M,"Сжим У 731М  (4-10/1,5-10) SE (140)",шт,3,140.0,multiple,259.0,0.0,2026-09-22,free_stock_snapshot,12,487,"[[7, ""Лист_1"", 553], [9, ""Лист_1"", 697], [10, ""Лист_1"", 553], [12, ""TDSheet"", 487]]",2026-09-22,deficit,280.0,236.0,494.56763020766687,1405.6280421424096,0.0,0.0,430.1407014245348,1.25,0,0.0,4001.0,235.56763020766687,высокая,Прогноз 30 дней 494.57; остаток 259; поступления в срок 0; нехватка 236; заказ с учётом MOQ 280 шт.,"[""daily_stockout_data_missing"", ""large_orders_detected"", ""new_order_lead_time_unknown"", ""transaction_month_mismatch""]",draft,,,,,Средний,Средний,Детальные и месячные продажи расходятся; Нет ежедневных данных доступности,Запаса примерно на 15.7 дн. без поступлений,"Подтвердить наличие, срок и цену закупки",15.710692583615733,KZT,280.0,235.56763020766687,,,,,,,,Нужны цены,,,,,,,,,,,Не оценён,"Прибыль = выручка - себестоимость проданного - комиссия - доставка - прочие расходы. Заполните цены и расходы, включая явные нули."
SE:130300027_,Systeme Electric,130300027_,U733M,"Сжим У 733M (16-35/1,5-10)  SE (140)",шт,1,140.0,multiple,108.0,0.0,2026-09-22,free_stock_snapshot,12,488,"[[7, ""Лист_1"", 554], [9, ""Лист_1"", 698], [10, ""Лист_1"", 554], [12, ""TDSheet"", 488]]",2026-09-22,deficit,980.0,848.0,955.5151143270791,2715.703085592348,0.0,0.0,831.0409262446367,1.25,0,197.0,7096.0,847.5151143270791,высокая,Прогноз 30 дней 955.52; остаток 108; поступления в срок 0; нехватка 848; заказ с учётом MOQ 980 шт.,"[""daily_stockout_data_missing"", ""large_orders_detected"", ""new_order_lead_time_unknown"", ""transaction_month_mismatch""]",draft,,,,,Средний,Критический,Детальные и месячные продажи расходятся; Нет ежедневных данных доступности,Запаса примерно на 3.4 дн. без поступлений,"Подтвердить наличие, срок и цену закупки",3.3908411823310276,KZT,980.0,847.5151143270791,,,,,,,,Нужны цены,,,,,,,,,,,Не оценён,"Прибыль = выручка - себестоимость проданного - комиссия - доставка - прочие расходы. Заполните цены и расходы, включая явные нули."
SE:130300028_,Systeme Electric,130300028_,U734M,Сжим У 734М (16-35/16-25) SE (140),шт,3,140.0,multiple,8.0,0.0,2026-09-22,free_stock_snapshot,12,489,"[[7, ""Лист_1"", 555], [9, ""Лист_1"", 699], [10, ""Лист_1"", 555], [12, ""TDSheet"", 489]]",2026-09-22,deficit,280.0,151.0,158.36011213823798,450.08083987392604,0.0,0.0,137.73066725820212,1.0,0,0.0,1402.0,150.36011213823798,высокая,Прогноз 30 дней 158.36; остаток 8; поступления в срок 0; нехватка 151; заказ с учётом MOQ 280 шт.,"[""daily_stockout_data_missing"", ""large_orders_detected"", ""negative_net_sales_clipped_for_forecast"", ""new_order_lead_time_unknown"", ""transaction_month_mismatch""]",draft,,,,,Средний,Критический,Детальные и месячные продажи расходятся; Нет ежедневных данных доступности,Запаса примерно на 1.5 дн. без поступлений,"Подтвердить наличие, срок и цену закупки",1.5155331526318683,KZT,280.0,150.36011213823798,,,,,,,,Нужны цены,,,,,,,,,,,Не оценён,"Прибыль = выручка - себестоимость проданного - комиссия - доставка - прочие расходы. Заполните цены и расходы, включая явные нули."
SE:300100003_,Systeme Electric,300100003_,KD-3-18,"S199 Рамка 3-ная ""Wessen 59"" (15/60) !!!",шт,,15.0,multiple,0.0,,2026-09-01,monthly_balance_proxy,9,418,"[[7, ""Лист_1"", 353], [9, ""Лист_1"", 418], [10, ""Лист_1"", 353]]",2026-09-22,deficit,15.0,1.0,0.06846001205610085,0.19457260611871596,0.0,0.0,0.05954178115736872,1.0,9,0.0,2.0,0.06846001205610085,высокая,Прогноз 30 дней 0.07; остаток 0; поступления в срок 0; нехватка 1; заказ с учётом MOQ 15 шт. Остаток на начало сентября: требуется актуализация.,"[""blank_stock_assumed_zero"", ""category_missing"", ""daily_stockout_data_missing"", ""monthly_balance_date_assumed"", ""new_order_lead_time_unknown"", ""reservations_unknown"", ""stale_stock""]",draft,,,,,Высокий,Критический,Остаток на начало сентября; Резервы неизвестны; Нет ежедневных данных доступности,Нет запаса,"Подтвердить наличие, срок и цену закупки",0.0,KZT,15.0,0.06846001205610085,,,,,,,,Нужны цены,,,,,,,,,,,Не оценён,"Прибыль = выручка - себестоимость проданного - комиссия - доставка - прочие расходы. Заполните цены и расходы, включая явные нули."
SE:300100006_,Systeme Electric,300100006_,KD-2-18,"S198 Рамка 2-ная   ""Wessen 59"" (60) !!!",шт,,60.0,multiple,0.0,,2026-09-01,monthly_balance_proxy,9,417,"[[7, ""Лист_1"", 352], [9, ""Лист_1"", 417], [10, ""Лист_1"", 352]]",2026-09-22,deficit,60.0,1.0,0.26890517334779873,0.7642648431643608,0.0,0.0,0.23387511194766253,1.0,9,0.0,8.0,0.26890517334779873,высокая,Прогноз 30 дней 0.27; остаток 0; поступления в срок 0; нехватка 1; заказ с учётом MOQ 60 шт. Остаток на начало сентября: требуется актуализация.,"[""blank_stock_assumed_zero"", ""category_missing"", ""daily_stockout_data_missing"", ""monthly_balance_date_assumed"", ""new_order_lead_time_unknown"", ""reservations_unknown"", ""stale_stock""]",draft,,,,,Высокий,Критический,Остаток на начало сентября; Резервы неизвестны; Нет ежедневных данных доступности,Нет запаса,"Подтвердить наличие, срок и цену закупки",0.0,KZT,60.0,0.26890517334779873,,,,,,,,Нужны цены,,,,,,,,,,,Не оценён,"Прибыль = выручка - себестоимость проданного - комиссия - доставка - прочие расходы. Заполните цены и расходы, включая явные нули."
SE:300100015_,Systeme Electric,300100015_,KD-1-18,"S197 Рамка 1-ная   ""Wessen 59"" (90) !!!",шт,,90.0,multiple,0.0,,2026-09-01,monthly_balance_proxy,9,416,"[[7, ""Лист_1"", 351], [9, ""Лист_1"", 416], [10, ""Лист_1"", 351]]",2026-09-22,deficit,90.0,1.0,0.16703763440974798,0.47474353087136956,0.0,0.0,0.1452777756585782,1.0,9,0.0,5.0,0.16703763440974798,высокая,Прогноз 30 дней 0.17; остаток 0; поступления в срок 0; нехватка 1; заказ с учётом MOQ 90 шт. Остаток на начало сентября: требуется актуализация.,"[""blank_stock_assumed_zero"", ""category_missing"", ""daily_stockout_data_missing"", ""monthly_balance_date_assumed"", ""new_order_lead_time_unknown"", ""reservations_unknown"", ""stale_stock""]",draft,,,,,Высокий,Критический,Остаток на начало сентября; Резервы неизвестны; Нет ежедневных данных доступности,Нет запаса,"Подтвердить наличие, срок и цену закупки",0.0,KZT,90.0,0.16703763440974798,,,,,,,,Нужны цены,,,,,,,,,,,Не оценён,"Прибыль = выручка - себестоимость проданного - комиссия - доставка - прочие расходы. Заполните цены и расходы, включая явные нули."
SE:300200291_,Systeme Electric,300200291_,ATN000171,"S393 Перекрест.переключ. 1 кл 10А с/у б/рамки ""ATLAS"" белый ATN171 (5)",шт,3,5.0,multiple,50.0,0.0,2026-09-22,free_stock_snapshot,12,181,"[[7, ""Лист_1"", 419], [9, ""Лист_1"", 505], [10, ""Лист_1"", 419], [12, ""TDSheet"", 181]]",2026-09-22,deficit,5.0,5.0,54.77469927206517,155.67709771948333,0.0,0.0,47.63924310070793,1.25,0,0.0,428.0,4.77469927206517,высокая,Прогноз 30 дней 54.77; остаток 50; поступления в срок 0; нехватка 5; заказ с учётом MOQ 5 шт.,"[""daily_stockout_data_missing"", ""new_order_lead_time_unknown""]",draft,,,,,Средний,Средний,Нет ежедневных данных доступности,Запаса примерно на 27.4 дн. без поступлений,"Подтвердить наличие, срок и цену закупки",27.38490616898727,KZT,5.0,4.77469927206517,,,,,,,,Нужны цены,,,,,,,,,,,Не оценён,"Прибыль = выручка - себестоимость проданного - комиссия - доставка - прочие расходы. Заполните цены и расходы, включая явные нули."
SE:300200306_,Systeme Electric,300200306_,ATN000104,"S408 Рамка 4-ная ""ATLAS"" белый (15) ATN104",шт,2,15.0,multiple,247.0,4.0,2026-09-22,free_stock_snapshot,12,198,"[[7, ""Лист_1"", 436], [9, ""Лист_1"", 522], [10, ""Лист_1"", 436], [12, ""TDSheet"", 198]]",2026-09-22,deficit,30.0,21.0,267.1157232641219,759.1789841958436,0.0,0.0,232.31877209211314,1.25,0,0.0,2518.0,20.115723264121925,высокая,Прогноз 30 дней 267.12; остаток 247; поступления в срок 0; нехватка 21; заказ с учётом MOQ 30 шт.,"[""daily_stockout_data_missing"", ""large_orders_detected"", ""new_order_lead_time_unknown"", ""transaction_month_mismatch""]",draft,,,,,Средний,Средний,Детальные и месячные продажи расходятся; Нет ежедневных данных доступности,Запаса примерно на 27.7 дн. без поступлений,"Подтвердить наличие, срок и цену закупки",27.740785564588613,KZT,30.0,20.115723264121925,,,,,,,,Нужны цены,,,,,,,,,,,Не оценён,"Прибыль = выручка - себестоимость проданного - комиссия - доставка - прочие расходы. Заполните цены и расходы, включая явные нули."
SE:300200311_,Systeme Electric,300200311_,ATN440146,"S411 Роз. AQUA с з/к 16А с/у з/ш c крышкой б/рамки IP 44 ""ATLAS"" белый ATN0146 (15)",шт,3,15.0,multiple,86.0,0.0,2026-09-22,free_stock_snapshot,12,202,"[[7, ""Лист_1"", 439], [9, ""Лист_1"", 525], [10, ""Лист_1"", 439], [12, ""TDSheet"", 202]]",2026-09-22,deficit,45.0,44.0,129.7052173342537,368.6397563476787,0.0,0.0,112.80862263296743,1.25,0,11.0,1117.0,43.70521733425369,высокая,Прогноз 30 дней 129.71; остаток 86; поступления в срок 0; нехватка 44; заказ с учётом MOQ 45 шт.,"[""daily_stockout_data_missing"", ""large_orders_detected"", ""new_order_lead_time_unknown"", ""transaction_month_mismatch""]",draft,,,,,Средний,Средний,Детальные и месячные продажи расходятся; Нет ежедневных данных доступности,Запаса примерно на 19.9 дн. без поступлений,"Подтвердить наличие, срок и цену закупки",19.89125844761721,KZT,45.0,43.70521733425369,,,,,,,,Нужны цены,,,,,,,,,,,Не оценён,"Прибыль = выручка - себестоимость проданного - комиссия - доставка - прочие расходы. Заполните цены и расходы, включая явные нули."
SE:300200316_,Systeme Electric,300200316_,BLNRS000021,"S417 Роз  2-ная  с/у без з/к 16А 250В ""BLANCA""  белый BLNRS000021 (36)",шт,3,6.0,multiple,0.0,0.0,2026-09-22,free_stock_snapshot,12,448,"[[7, ""Лист_1"", 449], [9, ""Лист_1"", 536], [10, ""Лист_1"", 449], [12, ""TDSheet"", 448]]",2026-09-22,deficit,6.0,3.0,2.4328717291125614,6.914550238437944,0.0,0.0,2.1159434789474343,0.75,0,0.0,41.0,2.4328717291125614,высокая,Прогноз 30 дней 2.43; остаток 0; поступления в срок 0; нехватка 3; заказ с учётом MOQ 6 шт.,"[""daily_stockout_data_missing"", ""new_order_lead_time_unknown""]",draft,,,,,Средний,Критический,Нет ежедневных данных доступности,Нет запаса,"Подтвердить наличие, срок и цену закупки",0.0,KZT,6.0,2.4328717291125614,,,,,,,,Нужны цены,,,,,,,,,,,Не оценён,"Прибыль = выручка - себестоимость проданного - комиссия - доставка - прочие расходы. Заполните цены и расходы, включая явные нули."
SE:300200325_,Systeme Electric,300200325_,BLNRA000311,"S428 Роз 3-ная  о/у без з/к 16А 250В ИЗОЛ.ПЛ. ""BLANCA"" белый BLNRA000311 (36)",шт,3,6.0,multiple,38.0,0.0,2026-09-22,free_stock_snapshot,12,459,"[[7, ""Лист_1"", 462], [9, ""Лист_1"", 549], [10, ""Лист_1"", 462], [12, ""TDSheet"", 459]]",2026-09-22,deficit,18.0,16.0,53.07763348500893,150.85380740700353,0.0,0.0,46.16325271350562,1.25,0,0.0,452.0,15.077633485008931,высокая,Прогноз 30 дней 53.08; остаток 38; поступления в срок 0; нехватка 16; заказ с учётом MOQ 18 шт.,"[""daily_stockout_data_missing"", ""new_order_lead_time_unknown""]",draft,,,,,Средний,Средний,Нет ежедневных данных доступности,Запаса примерно на 21.5 дн. без поступлений,"Подтвердить наличие, срок и цену закупки",21.477973397626663,KZT,18.0,15.077633485008931,,,,,,,,Нужны цены,,,,,,,,,,,Не оценён,"Прибыль = выручка - себестоимость проданного - комиссия - доставка - прочие расходы. Заполните цены и расходы, включая явные нули."
SE:300200367_,Systeme Electric,300200367_,ATN000461,"G391 Переключ. 1 кл 10А с/у б/рамки ""ATLAS"" жемчуг ATN461 (10)",шт,2,10.0,multiple,2.0,0.0,2026-09-22,free_stock_snapshot,12,67,"[[7, ""Лист_1"", 230], [9, ""Лист_1"", 295], [10, ""Лист_1"", 230], [12, ""TDSheet"", 67]]",2026-09-22,deficit,10.0,1.0,2.733796971516511,7.769820445131178,0.0,0.0,2.3776674312199098,0.75,0,0.0,68.0,0.7337969715165111,высокая,Прогноз 30 дней 2.73; остаток 2; поступления в срок 0; нехватка 1; заказ с учётом MOQ 10 шт.,"[""daily_stockout_data_missing"", ""new_order_lead_time_unknown""]",draft,,,,,Средний,Средний,Нет ежедневных данных доступности,Запаса примерно на 21.9 дн. без поступлений,"Подтвердить наличие, срок и цену закупки",21.947496696038982,KZT,10.0,0.7337969715165111,,,,,,,,Нужны цены,,,,,,,,,,,Не оценён,"Прибыль = выручка - себестоимость проданного - комиссия - доставка - прочие расходы. Заполните цены и расходы, включая явные нули."
SE:300200497_,Systeme Electric,300200497_,BLNMK000001,"КОРОБКА МОНТАЖН.С / У Д / СИЛ.РОЗЕТОК, ЗЕЛЕН",шт,,2.0,multiple,0.0,,2026-09-01,monthly_balance_proxy,9,649,"[[7, ""Лист_1"", 542], [9, ""Лист_1"", 649], [10, ""Лист_1"", 542]]",2026-09-22,deficit,2.0,2.0,1.2709608920580018,3.612242616025881,0.0,0.0,1.105393835345488,1.0,11,0.0,6.0,1.2709608920580018,высокая,Прогноз 30 дней 1.27; остаток 0; поступления в срок 0; нехватка 2; заказ с учётом MOQ 2 шт. Остаток на начало сентября: требуется актуализация.,"[""blank_stock_assumed_zero"", ""category_missing"", ""daily_stockout_data_missing"", ""monthly_balance_date_assumed"", ""new_order_lead_time_unknown"", ""reservations_unknown"", ""stale_stock""]",draft,,,,,Высокий,Критический,Остаток на начало сентября; Резервы неизвестны; Нет ежедневных данных доступности,Нет запаса,"Подтвердить наличие, срок и цену закупки",0.0,KZT,2.0,1.2709608920580018,,,,,,,,Нужны цены,,,,,,,,,,,Не оценён,"Прибыль = выручка - себестоимость проданного - комиссия - доставка - прочие расходы. Заполните цены и расходы, включая явные нули."
SE:300200519_,Systeme Electric,300200519_,ATN001065,"K089 Переключ. 2 кл 10А с/у б/рамки ""ATLAS"" КАРБОН ATN1065 (5)",шт,2,5.0,multiple,54.0,0.0,2026-09-22,free_stock_snapshot,12,238,"[[7, ""Лист_1"", 345], [9, ""Лист_1"", 410], [10, ""Лист_1"", 345], [12, ""TDSheet"", 238]]",2026-09-22,deficit,5.0,2.0,55.930182497571685,158.96113720123284,0.0,0.0,48.6442024525664,0.9661875413321981,0,0.0,642.0,1.9301824975716855,высокая,Прогноз 30 дней 55.93; остаток 54; поступления в срок 0; нехватка 2; заказ с учётом MOQ 5 шт.,"[""daily_stockout_data_missing"", ""large_orders_detected"", ""new_order_lead_time_unknown"", ""transaction_month_mismatch""]",draft,,,,,Средний,Средний,Детальные и месячные продажи расходятся; Нет ежедневных данных доступности,Запаса примерно на 29.0 дн. без поступлений,"Подтвердить наличие, срок и цену закупки",28.964682889606795,KZT,5.0,1.9301824975716855,,,,,,,,Нужны цены,,,,,,,,,,,Не оценён,"Прибыль = выручка - себестоимость проданного - комиссия - доставка - прочие расходы. Заполните цены и расходы, включая явные нули."
SE:300200544_,Systeme Electric,300200544_,ATN000513,"K025 Выкл 1 кл с инд 10А с/у б/рамки ""ATLAS"" ШАМПАНЬ ATN513 (10)",шт,3,10.0,multiple,0.0,0.0,2026-09-22,free_stock_snapshot,12,143,"[[7, ""Лист_1"", 274], [9, ""Лист_1"", 339], [10, ""Лист_1"", 274], [12, ""TDSheet"", 143]]",2026-09-22,deficit,10.0,7.0,6.89971281510993,19.609916264789803,0.0,0.0,6.000892756917901,1.0,0,0.0,40.0,6.89971281510993,высокая,Прогноз 30 дней 6.90; остаток 0; поступления в срок 0; нехватка 7; заказ с учётом MOQ 10 шт.,"[""daily_stockout_data_missing"", ""negative_net_sales_clipped_for_forecast"", ""new_order_lead_time_unknown""]",draft,,,,,Средний,Критический,Нет ежедневных данных доступности,Нет запаса,"Подтвердить наличие, срок и цену закупки",0.0,KZT,10.0,6.89971281510993,,,,,,,,Нужны цены,,,,,,,,,,,Не оценён,"Прибыль = выручка - себестоимость проданного - комиссия - доставка - прочие расходы. Заполните цены и расходы, включая явные нули."
SE:300200546_,Systeme Electric,300200546_,ATN000553,"K027 Выкл 2 кл с инд 10А с/у б/рамки ""ATLAS"" ШАМПАНЬ ATN553 (10)",шт,3,10.0,multiple,0.0,0.0,2026-09-22,free_stock_snapshot,12,146,"[[7, ""Лист_1"", 277], [9, ""Лист_1"", 342], [10, ""Лист_1"", 277], [12, ""TDSheet"", 146]]",2026-09-22,deficit,10.0,3.0,2.5184520031103728,7.1577809426695245,0.0,0.0,2.1903752792455355,1.0,0,0.0,38.0,2.5184520031103728,высокая,Прогноз 30 дней 2.52; остаток 0; поступления в срок 0; нехватка 3; заказ с учётом MOQ 10 шт.,"[""daily_stockout_data_missing"", ""new_order_lead_time_unknown""]",draft,,,,,Средний,Критический,Нет ежедневных данных доступности,Нет запаса,"Подтвердить наличие, срок и цену закупки",0.0,KZT,10.0,2.5184520031103728,,,,,,,,Нужны цены,,,,,,,,,,,Не оценён,"Прибыль = выручка - себестоимость проданного - комиссия - доставка - прочие расходы. Заполните цены и расходы, включая явные нули."
SE:300200580_,Systeme Electric,300200580_,ATN000702,"K062 Рамка 2-ная ""ATLAS"" ГРИФЕЛЬ ATN702 (10)",шт,1,10.0,multiple,4.0,0.0,2026-09-22,free_stock_snapshot,12,54,"[[7, ""Лист_1"", 315], [9, ""Лист_1"", 380], [10, ""Лист_1"", 315], [12, ""TDSheet"", 54]]",2026-09-22,deficit,30.0,22.0,25.98602469125447,73.85579398816492,0.0,0.0,22.600846082947307,1.0,0,0.0,295.0,21.98602469125447,высокая,Прогноз 30 дней 25.99; остаток 4; поступления в срок 0; нехватка 22; заказ с учётом MOQ 30 шт.,"[""daily_stockout_data_missing"", ""negative_net_sales_clipped_for_forecast"", ""new_order_lead_time_unknown""]",draft,,,,,Средний,Критический,Нет ежедневных данных доступности,Запаса примерно на 4.6 дн. без поступлений,"Подтвердить наличие, срок и цену закупки",4.617866773611806,KZT,30.0,21.98602469125447,,,,,,,,Нужны цены,,,,,,,,,,,Не оценён,"Прибыль = выручка - себестоимость проданного - комиссия - доставка - прочие расходы. Заполните цены и расходы, включая явные нули."
SE:300200700_,Systeme Electric,300200700_,ATN000146,"S4000 Роз. с з/к 16А с/у з/ш с крышкой б/рамки""ATLAS"" белый  ATN146 (15)",шт,3,15.0,multiple,86.0,0.0,2026-09-22,free_stock_snapshot,12,190,"[[7, ""Лист_1"", 428], [9, ""Лист_1"", 514], [10, ""Лист_1"", 428], [12, ""TDSheet"", 190]]",2026-09-22,deficit,60.0,48.0,133.0200737237253,378.0610261844444,0.0,0.0,115.69165533749396,1.25,0,0.0,1016.0,47.02007372372529,высокая,Прогноз 30 дней 133.02; остаток 86; поступления в срок 0; нехватка 48; заказ с учётом MOQ 60 шт.,"[""daily_stockout_data_missing"", ""new_order_lead_time_unknown""]",draft,,,,,Средний,Средний,Нет ежедневных данных доступности,Запаса примерно на 19.4 дн. без поступлений,"Подтвердить наличие, срок и цену закупки",19.395568862474885,KZT,60.0,47.02007372372529,,,,,,,,Нужны цены,,,,,,,,,,,Не оценён,"Прибыль = выручка - себестоимость проданного - комиссия - доставка - прочие расходы. Заполните цены и расходы, включая явные нули."
SE:300200732_,Systeme Electric,300200732_,ATN001244,К104 Роз. с з/к 16А с/у з/ш ATLAS ПЕСОЧНЫЙ ATN1244 (5),шт,3,5.0,multiple,0.0,0.0,2026-09-22,free_stock_snapshot,12,102,"[[7, ""Лист_1"", 517], [9, ""Лист_1"", 624], [10, ""Лист_1"", 517], [12, ""TDSheet"", 102]]",2026-09-22,deficit,15.0,12.0,11.27117019339065,32.034188903420834,0.0,0.0,9.802883886324365,1.2290836773047729,0,3.156600000000001,87.0,11.27117019339065,высокая,Прогноз 30 дней 11.27; остаток 0; поступления в срок 0; нехватка 12; заказ с учётом MOQ 15 шт.,"[""daily_stockout_data_missing"", ""large_orders_detected"", ""new_order_lead_time_unknown""]",draft,,,,,Средний,Критический,Нет ежедневных данных доступности,Нет запаса,"Подтвердить наличие, срок и цену закупки",0.0,KZT,15.0,11.27117019339065,,,,,,,,Нужны цены,,,,,,,,,,,Не оценён,"Прибыль = выручка - себестоимость проданного - комиссия - доставка - прочие расходы. Заполните цены и расходы, включая явные нули."
SE:300200747_,Systeme Electric,300200747_,ATN540174,"К116 Роз,Выкл.2-кл з/к з/ш о/у IP54 16А Atlas Profi 54 БЕЛЫЙ ATN540174 (6)",шт,3,6.0,multiple,0.0,0.0,2026-09-22,free_stock_snapshot,12,260,"[[7, ""Лист_1"", 533], [9, ""Лист_1"", 640], [10, ""Лист_1"", 533], [12, ""TDSheet"", 260]]",2026-09-22,deficit,6.0,1.0,0.5555103261086028,1.5788354198394592,0.0,0.0,0.4831444411770206,1.0,0,0.0,11.0,0.5555103261086028,высокая,Прогноз 30 дней 0.56; остаток 0; поступления в срок 0; нехватка 1; заказ с учётом MOQ 6 шт.,"[""daily_stockout_data_missing"", ""large_orders_detected"", ""new_order_lead_time_unknown""]",draft,,,,,Средний,Критический,Нет ежедневных данных доступности,Нет запаса,"Подтвердить наличие, срок и цену закупки",0.0,KZT,6.0,0.5555103261086028,,,,,,,,Нужны цены,,,,,,,,,,,Не оценён,"Прибыль = выручка - себестоимость проданного - комиссия - доставка - прочие расходы. Заполните цены и расходы, включая явные нули."
SE:300200851_,Systeme Electric,300200851_,GAL001365,"G068 Переключ. 2 кл механизм ""ARTGALLERY"" лотос GAL1365 (5)",шт,1,5.0,multiple,9.0,0.0,2026-09-22,free_stock_snapshot,12,329,"[[7, ""Лист_1"", 120], [9, ""Лист_1"", 183], [10, ""Лист_1"", 120], [12, ""TDSheet"", 329]]",2026-09-22,deficit,5.0,2.0,10.306998621169077,29.293882994637322,0.0,0.0,8.964314172016866,1.25,0,0.0,50.0,1.3069986211690772,высокая,Прогноз 30 дней 10.31; остаток 9; поступления в срок 0; нехватка 2; заказ с учётом MOQ 5 шт.,"[""daily_stockout_data_missing"", ""negative_net_sales_clipped_for_forecast"", ""new_order_lead_time_unknown""]",draft,,,,,Средний,Средний,Нет ежедневных данных доступности,Запаса примерно на 26.2 дн. без поступлений,"Подтвердить наличие, срок и цену закупки",26.195792773801216,KZT,5.0,1.3069986211690772,,,,,,,,Нужны цены,,,,,,,,,,,Не оценён,"Прибыль = выручка - себестоимость проданного - комиссия - доставка - прочие расходы. Заполните цены и расходы, включая явные нули."
SE:300200865_,Systeme Electric,300200865_,GAL001045,"G082 Роз. с з/к с/ш 16А механизм ""ARTGALLERY"" карбон GAL1045 (5)",шт,3,5.0,multiple,48.0,0.0,2026-09-22,free_stock_snapshot,12,348,"[[7, ""Лист_1"", 134], [9, ""Лист_1"", 197], [10, ""Лист_1"", 134], [12, ""TDSheet"", 348]]",2026-09-22,deficit,35.0,31.0,78.68847607086558,223.64328314859034,0.0,0.0,68.43779136321074,1.25,0,0.0,364.0,30.688476070865576,высокая,Прогноз 30 дней 78.69; остаток 48; поступления в срок 0; нехватка 31; заказ с учётом MOQ 35 шт.,"[""daily_stockout_data_missing"", ""negative_net_sales_clipped_for_forecast"", ""new_order_lead_time_unknown""]",draft,,,,,Средний,Средний,Нет ежедневных данных доступности,Запаса примерно на 18.3 дн. без поступлений,"Подтвердить наличие, срок и цену закупки",18.300011283776282,KZT,35.0,30.688476070865576,,,,,,,,Нужны цены,,,,,,,,,,,Не оценён,"Прибыль = выручка - себестоимость проданного - комиссия - доставка - прочие расходы. Заполните цены и расходы, включая явные нули."
SE:300200869_,Systeme Electric,300200869_,GAL001002,"G086 Рамка 2-ная ""ARTGALLERY"" карбон GAL1002 (5)",шт,1,5.0,multiple,76.0,0.0,2026-09-22,free_stock_snapshot,12,352,"[[7, ""Лист_1"", 138], [9, ""Лист_1"", 201], [10, ""Лист_1"", 138], [12, ""TDSheet"", 352]]",2026-09-22,deficit,25.0,23.0,98.48019296642379,279.8940172673181,0.0,0.0,85.65125716216848,1.25,0,0.0,565.0,22.480192966423786,высокая,Прогноз 30 дней 98.48; остаток 76; поступления в срок 0; нехватка 23; заказ с учётом MOQ 25 шт.,"[""daily_stockout_data_missing"", ""large_orders_detected"", ""negative_net_sales_clipped_for_forecast"", ""new_order_lead_time_unknown"", ""transaction_month_mismatch""]",draft,,,,,Средний,Средний,Детальные и месячные продажи расходятся; Нет ежедневных данных доступности,Запаса примерно на 23.2 дн. без поступлений,"Подтвердить наличие, срок и цену закупки",23.15186365218996,KZT,25.0,22.480192966423786,,,,,,,,Нужны цены,,,,,,,,,,,Не оценён,"Прибыль = выручка - себестоимость проданного - комиссия - доставка - прочие расходы. Заполните цены и расходы, включая явные нули."
SE:300200870_,Systeme Electric,300200870_,GAL001003,"G087 Рамка 3-ная ""ARTGALLERY"" карбон GAL1003 (5)",шт,2,5.0,multiple,33.0,0.0,2026-09-22,free_stock_snapshot,12,353,"[[7, ""Лист_1"", 139], [9, ""Лист_1"", 202], [10, ""Лист_1"", 139], [12, ""TDSheet"", 353]]",2026-09-22,deficit,20.0,16.0,48.97366787326432,139.18978251836683,0.0,0.0,42.59390741260763,1.25,0,0.0,253.0,15.973667873264318,высокая,Прогноз 30 дней 48.97; остаток 33; поступления в срок 0; нехватка 16; заказ с учётом MOQ 20 шт.,"[""daily_stockout_data_missing"", ""large_orders_detected"", ""negative_net_sales_clipped_for_forecast"", ""new_order_lead_time_unknown"", ""transaction_month_mismatch""]",draft,,,,,Средний,Средний,Детальные и месячные продажи расходятся; Нет ежедневных данных доступности,Запаса примерно на 20.2 дн. без поступлений,"Подтвердить наличие, срок и цену закупки",20.214944948823412,KZT,20.0,15.973667873264318,,,,,,,,Нужны цены,,,,,,,,,,,Не оценён,"Прибыль = выручка - себестоимость проданного - комиссия - доставка - прочие расходы. Заполните цены и расходы, включая явные нули."
SE:300200926_,Systeme Electric,300200926_,GAL000665,"G143 Переключ. 2 кл механизм ""ARTGALLERY"" мокко GAL0665 (10)",шт,2,10.0,multiple,8.0,0.0,2026-09-22,free_stock_snapshot,12,381,"[[7, ""Лист_1"", 194], [9, ""Лист_1"", 258], [10, ""Лист_1"", 194], [12, ""TDSheet"", 381]]",2026-09-22,deficit,10.0,3.0,10.049090735918748,28.56087393044661,0.0,0.0,8.74000374026071,1.25,0,0.0,37.0,2.049090735918748,высокая,Прогноз 30 дней 10.05; остаток 8; поступления в срок 0; нехватка 3; заказ с учётом MOQ 10 шт.,"[""daily_stockout_data_missing"", ""negative_net_sales_clipped_for_forecast"", ""new_order_lead_time_unknown""]",draft,,,,,Средний,Средний,Нет ежедневных данных доступности,Запаса примерно на 23.9 дн. без поступлений,"Подтвердить наличие, срок и цену закупки",23.88275778445917,KZT,10.0,2.049090735918748,,,,,,,,Нужны цены,,,,,,,,,,,Не оценён,"Прибыль = выручка - себестоимость проданного - комиссия - доставка - прочие расходы. Заполните цены и расходы, включая явные нули."
SE:ATN000108,Systeme Electric,ATN000108,ATN000108,"S415 Адаптер 45 ""ATLAS"" белый ATN108  (15)",шт,3,5.0,multiple,0.0,0.0,2026-09-22,free_stock_snapshot,12,206,"[[7, ""Лист_1"", 444], [9, ""Лист_1"", 530], [10, ""Лист_1"", 444], [12, ""TDSheet"", 206]]",2026-09-22,deficit,20.0,16.0,15.389167418785327,43.73809353431812,0.0,0.0,13.38443291380882,1.0,0,0.0,64.0,15.389167418785327,высокая,Прогноз 30 дней 15.39; остаток 0; поступления в срок 0; нехватка 16; заказ с учётом MOQ 20 шт.,"[""daily_stockout_data_missing"", ""new_order_lead_time_unknown""]",draft,,,,,Средний,Критический,Нет ежедневных данных доступности,Нет запаса,"Подтвердить наличие, срок и цену закупки",0.0,KZT,20.0,15.389167418785327,,,,,,,,Нужны цены,,,,,,,,,,,Не оценён,"Прибыль = выручка - себестоимость проданного - комиссия - доставка - прочие расходы. Заполните цены и расходы, включая явные нули."
